[2026-08-31 11:24:20.313] [758484] [HailoRT] [info] [vstream_builder.cpp:220] [create_outputs] Output pipeline 'scrfd_2_5g/conv56': HW >> (HwReadEl9scrfd_2_5g/conv56 | hw_frame_size: 3200) >> (PullQEl_hw_read9scrfd_2_5g/conv56) >> (PostInferEl9scrfd_2_5g/conv56 | Quantization - src_type: UINT8, dst_type FLOAT32, limvals_min: -0.0299247, limvals_max: 7.60086 | Reorder - src_order: NHCW, src_shape: (20, 20, 8), dst_order: NHWC, dst_shape: (20, 20, 8)) >> (UserBuffQEl9scrfd_2_5g/conv56 | timeout: 10s)
[2026-08-31 11:24:20.314] [758484] [HailoRT] [info] [edge_elements.cpp:287] [create] Created (HwReadEl13scrfd_2_5g/conv57 | hw_frame_size: 9600)
[2026-08-31 11:24:20.315] [758484] [HailoRT] [info] [queue_elements.cpp:657] [create] Created (PullQEl_hw_read13scrfd_2_5g/conv57)
[2026-08-31 11:24:20.315] [758484] [HailoRT] [info] [filter_elements.cpp:372] [create] Created (PostInferEl13scrfd_2_5g/conv57 | Quantization - src_type: UINT8, dst_type FLOAT32, limvals_min: -4.03285, limvals_max: 5.14908 | Reorder - src_order: FCR, src_shape: (20, 20, 24), dst_order: FCR, dst_shape: (20, 20, 20))
[2026-08-31 11:24:20.315] [758484] [HailoRT] [info] [queue_elements.cpp:800] [create] Created (UserBuffQEl13scrfd_2_5g/conv57 | timeout: 10s)
[2026-08-31 11:24:20.315] [758484] [HailoRT] [info] [vstream.cpp:1114] [OutputVStreamImpl] Creating scrfd_2_5g/conv57...
[2026-08-31 11:24:20.315] [758484] [HailoRT] [info] [vstream_builder.cpp:220] [create_outputs] Output pipeline 'scrfd_2_5g/conv57': HW >> (HwReadEl13scrfd_2_5g/conv57 | hw_frame_size: 9600) >> (PullQEl_hw_read13scrfd_2_5g/conv57) >> (PostInferEl13scrfd_2_5g/conv57 | Quantization - src_type: UINT8, dst_type FLOAT32, limvals_min: -4.03285, limvals_max: 5.14908 | Reorder - src_order: FCR, src_shape: (20, 20, 24), dst_order: FCR, dst_shape: (20, 20, 20)) >> (UserBuffQEl13scrfd_2_5g/conv57 | timeout: 10s)
[2026-08-31 11:24:20.316] [758484] [HailoRT] [info] [core_op.cpp:156] [activate] Activating scrfd_2_5g took 0.721307 milliseconds. Note that the function is asynchronous and thus the network is not fully activated yet.
[2026-08-31 11:24:20.316] [758484] [HailoRT] [info] [core_op.cpp:156] [activate] Activating scrfd_2_5g took 0.738344 milliseconds. Note that the function is asynchronous and thus the network is not fully activated yet.
[2026-08-31 11:24:20.323] [1216428] [HailoRT] [info] [vdevice_native_stream.cpp:331] [read_impl] Failed read from stream HAILO_STREAM_NOT_ACTIVATED(72) (device: 0001:01:00.0)
[2026-08-31 11:24:20.323] [1216426] [HailoRT] [info] [vdevice_native_stream.cpp:331] [read_impl] Failed read from stream HAILO_STREAM_NOT_ACTIVATED(72) (device: 0001:01:00.0)
[2026-08-31 11:24:20.323] [1216422] [HailoRT] [info] [vdevice_native_stream.cpp:331] [read_impl] Failed read from stream HAILO_STREAM_NOT_ACTIVATED(72) (device: 0001:01:00.0)
[2026-08-31 11:24:20.323] [1216424] [HailoRT] [info] [vdevice_native_stream.cpp:331] [read_impl] Failed read from stream HAILO_STREAM_NOT_ACTIVATED(72) (device: 0001:01:00.0)
[2026-08-31 11:24:20.323] [1216430] [HailoRT] [info] [vdevice_native_stream.cpp:331] [read_impl] Failed read from stream HAILO_STREAM_NOT_ACTIVATED(72) (device: 0001:01:00.0)
[2026-08-31 11:24:20.323] [1216434] [HailoRT] [info] [vdevice_native_stream.cpp:331] [read_impl] Failed read from stream HAILO_STREAM_NOT_ACTIVATED(72) (device: 0001:01:00.0)
[2026-08-31 11:24:20.323] [1216432] [HailoRT] [info] [vdevice_native_stream.cpp:331] [read_impl] Failed read from stream HAILO_STREAM_NOT_ACTIVATED(72) (device: 0001:01:00.0)
[2026-08-31 11:24:20.323] [1216436] [HailoRT] [info] [vdevice_native_stream.cpp:331] [read_impl] Failed read from stream HAILO_STREAM_NOT_ACTIVATED(72) (device: 0001:01:00.0)
[2026-08-31 11:24:20.324] [1216438] [HailoRT] [info] [vdevice_native_stream.cpp:331] [read_impl] Failed read from stream HAILO_STREAM_NOT_ACTIVATED(72) (device: 0001:01:00.0)
[2026-08-31 11:24:20.324] [758484] [HailoRT] [info] [core_op.cpp:186] [deactivate] Deactivating took 0.804418 ms
[2026-08-31 11:24:20.324] [758484] [HailoRT] [info] [core_op.cpp:186] [deactivate] Deactivating took 0.824938 ms
[2026-08-31 11:24:20.324] [1216423] [HailoRT] [info] [queue_elements.cpp:855] [run_in_thread] Shutdown event was signaled in dequeue of UserBuffQEl3scrfd_2_5g/conv42!
[2026-08-31 11:24:20.324] [1216422] [HailoRT] [info] [queue_elements.cpp:734] [run_in_thread] Shutdown event was signaled in run_pull of queue element PullQEl_hw_read3scrfd_2_5g/conv42!
[2026-08-31 11:24:20.324] [1216422] [HailoRT] [info] [queue_elements.cpp:68] [operator()] Thread in element PullQEl_hw_read3scrfd_2_5g/conv42 is not running anymore, exiting..
[2026-08-31 11:24:20.324] [758484] [HailoRT] [info] [queue_elements.cpp:46] [~BaseQueueElement] Queue element PullQEl_hw_read3scrfd_2_5g/conv42 has 0 frames in his Queue on destruction
[2026-08-31 11:24:20.325] [1216423] [HailoRT] [info] [queue_elements.cpp:68] [operator()] Thread in element UserBuffQEl3scrfd_2_5g/conv42 is not running anymore, exiting..
[2026-08-31 11:24:20.325] [758484] [HailoRT] [info] [queue_elements.cpp:46] [~BaseQueueElement] Queue element UserBuffQEl3scrfd_2_5g/conv42 has 0 frames in his Queue on destruction
[2026-08-31 11:24:20.325] [1216424] [HailoRT] [info] [queue_elements.cpp:734] [run_in_thread] Shutdown event was signaled in run_pull of queue element PullQEl_hw_read0scrfd_2_5g/conv43!
[2026-08-31 11:24:20.325] [1216425] [HailoRT] [info] [queue_elements.cpp:855] [run_in_thread] Shutdown event was signaled in dequeue of UserBuffQEl0scrfd_2_5g/conv43!
[2026-08-31 11:24:20.325] [1216424] [HailoRT] [info] [queue_elements.cpp:68] [operator()] Thread in element PullQEl_hw_read0scrfd_2_5g/conv43 is not running anymore, exiting..
[2026-08-31 11:24:20.325] [758484] [HailoRT] [info] [queue_elements.cpp:46] [~BaseQueueElement] Queue element PullQEl_hw_read0scrfd_2_5g/conv43 has 0 frames in his Queue on destruction
[2026-08-31 11:24:20.325] [1216425] [HailoRT] [info] [queue_elements.cpp:68] [operator()] Thread in element UserBuffQEl0scrfd_2_5g/conv43 is not running anymore, exiting..
[2026-08-31 11:24:20.325] [758484] [HailoRT] [info] [queue_elements.cpp:46] [~BaseQueueElement] Queue element UserBuffQEl0scrfd_2_5g/conv43 has 0 frames in his Queue on destruction
[2026-08-31 11:24:20.325] [1216427] [HailoRT] [info] [queue_elements.cpp:855] [run_in_thread] Shutdown event was signaled in dequeue of UserBuffQEl2scrfd_2_5g/conv44!
[2026-08-31 11:24:20.325] [1216426] [HailoRT] [info] [queue_elements.cpp:734] [run_in_thread] Shutdown event was signaled in run_pull of queue element PullQEl_hw_read2scrfd_2_5g/conv44!
[2026-08-31 11:24:20.325] [758484] [HailoRT] [info] [queue_elements.cpp:46] [~BaseQueueElement] Queue element PullQEl_hw_read2scrfd_2_5g/conv44 has 0 frames in his Queue on destruction
[2026-08-31 11:24:20.325] [1216427] [HailoRT] [info] [queue_elements.cpp:68] [operator()] Thread in element UserBuffQEl2scrfd_2_5g/conv44 is not running anymore, exiting..
[2026-08-31 11:24:20.325] [758484] [HailoRT] [info] [queue_elements.cpp:46] [~BaseQueueElement] Queue element UserBuffQEl2scrfd_2_5g/conv44 has 0 frames in his Queue on destruction
[2026-08-31 11:24:20.325] [1216428] [HailoRT] [info] [queue_elements.cpp:734] [run_in_thread] Shutdown event was signaled in run_pull of queue element PullQEl_hw_read14scrfd_2_5g/conv49!
[2026-08-31 11:24:20.325] [1216429] [HailoRT] [info] [queue_elements.cpp:855] [run_in_thread] Shutdown event was signaled in dequeue of UserBuffQEl14scrfd_2_5g/conv49!
[2026-08-31 11:24:20.325] [1216428] [HailoRT] [info] [queue_elements.cpp:68] [operator()] Thread in element PullQEl_hw_read14scrfd_2_5g/conv49 is not running anymore, exiting..
[2026-08-31 11:24:20.325] [758484] [HailoRT] [info] [queue_elements.cpp:46] [~BaseQueueElement] Queue element PullQEl_hw_read14scrfd_2_5g/conv49 has 0 frames in his Queue on destruction
[2026-08-31 11:24:20.325] [1216429] [HailoRT] [info] [queue_elements.cpp:68] [operator()] Thread in element UserBuffQEl14scrfd_2_5g/conv49 is not running anymore, exiting..
[2026-08-31 11:24:20.325] [758484] [HailoRT] [info] [queue_elements.cpp:46] [~BaseQueueElement] Queue element UserBuffQEl14scrfd_2_5g/conv49 has 0 frames in his Queue on destruction
[2026-08-31 11:24:20.325] [1216431] [HailoRT] [info] [queue_elements.cpp:855] [run_in_thread] Shutdown event was signaled in dequeue of UserBuffQEl12scrfd_2_5g/conv50!
[2026-08-31 11:24:20.325] [1216430] [HailoRT] [info] [queue_elements.cpp:734] [run_in_thread] Shutdown event was signaled in run_pull of queue element PullQEl_hw_read12scrfd_2_5g/conv50!
[2026-08-31 11:24:20.325] [1216430] [HailoRT] [info] [queue_elements.cpp:68] [operator()] Thread in element PullQEl_hw_read12scrfd_2_5g/conv50 is not running anymore, exiting..
[2026-08-31 11:24:20.325] [758484] [HailoRT] [info] [queue_elements.cpp:46] [~BaseQueueElement] Queue element PullQEl_hw_read12scrfd_2_5g/conv50 has 0 frames in his Queue on destruction
[2026-08-31 11:24:20.325] [1216431] [HailoRT] [info] [queue_elements.cpp:68] [operator()] Thread in element UserBuffQEl12scrfd_2_5g/conv50 is not running anymore, exiting..
[2026-08-31 11:24:20.325] [758484] [HailoRT] [info] [queue_elements.cpp:46] [~BaseQueueElement] Queue element UserBuffQEl12scrfd_2_5g/conv50 has 0 frames in his Queue on destruction
[2026-08-31 11:24:20.325] [1216432] [HailoRT] [info] [queue_elements.cpp:734] [run_in_thread] Shutdown event was signaled in run_pull of queue element PullQEl_hw_read1scrfd_2_5g/conv51!
[2026-08-31 11:24:20.325] [1216433] [HailoRT] [info] [queue_elements.cpp:855] [run_in_thread] Shutdown event was signaled in dequeue of UserBuffQEl1scrfd_2_5g/conv51!
[2026-08-31 11:24:20.325] [1216432] [HailoRT] [info] [queue_elements.cpp:68] [operator()] Thread in element PullQEl_hw_read1scrfd_2_5g/conv51 is not running anymore, exiting..
[2026-08-31 11:24:20.325] [758484] [HailoRT] [info] [queue_elements.cpp:46] [~BaseQueueElement] Queue element PullQEl_hw_read1scrfd_2_5g/conv51 has 0 frames in his Queue on destruction
[2026-08-31 11:24:20.325] [1216433] [HailoRT] [info] [queue_elements.cpp:68] [operator()] Thread in element UserBuffQEl1scrfd_2_5g/conv51 is not running anymore, exiting..
[2026-08-31 11:24:20.325] [758484] [HailoRT] [info] [queue_elements.cpp:46] [~BaseQueueElement] Queue element UserBuffQEl1scrfd_2_5g/conv51 has 0 frames in his Queue on destruction
[2026-08-31 11:24:20.325] [1216434] [HailoRT] [info] [queue_elements.cpp:734] [run_in_thread] Shutdown event was signaled in run_pull of queue element PullQEl_hw_read10scrfd_2_5g/conv55!
[2026-08-31 11:24:20.325] [1216435] [HailoRT] [info] [queue_elements.cpp:855] [run_in_thread] Shutdown event was signaled in dequeue of UserBuffQEl10scrfd_2_5g/conv55!
[2026-08-31 11:24:20.325] [1216434] [HailoRT] [info] [queue_elements.cpp:68] [operator()] Thread in element PullQEl_hw_read10scrfd_2_5g/conv55 is not running anymore, exiting..
[2026-08-31 11:24:20.326] [758484] [HailoRT] [info] [queue_elements.cpp:46] [~BaseQueueElement] Queue element PullQEl_hw_read10scrfd_2_5g/conv55 has 0 frames in his Queue on destruction
[2026-08-31 11:24:20.326] [1216435] [HailoRT] [info] [queue_elements.cpp:68] [operator()] Thread in element UserBuffQEl10scrfd_2_5g/conv55 is not running anymore, exiting..
[2026-08-31 11:24:20.326] [758484] [HailoRT] [info] [queue_elements.cpp:46] [~BaseQueueElement] Queue element UserBuffQEl10scrfd_2_5g/conv55 has 0 frames in his Queue on destruction
[2026-08-31 11:24:20.326] [1216436] [HailoRT] [info] [queue_elements.cpp:734] [run_in_thread] Shutdown event was signaled in run_pull of queue element PullQEl_hw_read9scrfd_2_5g/conv56!
[2026-08-31 11:24:20.326] [1216437] [HailoRT] [info] [queue_elements.cpp:855] [run_in_thread] Shutdown event was signaled in dequeue of UserBuffQEl9scrfd_2_5g/conv56!
[2026-08-31 11:24:20.326] [1216436] [HailoRT] [info] [queue_elements.cpp:68] [operator()] Thread in element PullQEl_hw_read9scrfd_2_5g/conv56 is not running anymore, exiting..
[2026-08-31 11:24:20.326] [758484] [HailoRT] [info] [queue_elements.cpp:46] [~BaseQueueElement] Queue element PullQEl_hw_read9scrfd_2_5g/conv56 has 0 frames in his Queue on destruction
[2026-08-31 11:24:20.326] [1216437] [HailoRT] [info] [queue_elements.cpp:68] [operator()] Thread in element UserBuffQEl9scrfd_2_5g/conv56 is not running anymore, exiting..
[2026-08-31 11:24:20.326] [758484] [HailoRT] [info] [queue_elements.cpp:46] [~BaseQueueElement] Queue element UserBuffQEl9scrfd_2_5g/conv56 has 0 frames in his Queue on destruction
[2026-08-31 11:24:20.326] [1216438] [HailoRT] [info] [queue_elements.cpp:734] [run_in_thread] Shutdown event was signaled in run_pull of queue element PullQEl_hw_read13scrfd_2_5g/conv57!
[2026-08-31 11:24:20.326] [1216439] [HailoRT] [info] [queue_elements.cpp:855] [run_in_thread] Shutdown event was signaled in dequeue of UserBuffQEl13scrfd_2_5g/conv57!
[2026-08-31 11:24:20.326] [1216438] [HailoRT] [info] [queue_elements.cpp:68] [operator()] Thread in element PullQEl_hw_read13scrfd_2_5g/conv57 is not running anymore, exiting..
[2026-08-31 11:24:20.326] [758484] [HailoRT] [info] [queue_elements.cpp:46] [~BaseQueueElement] Queue element PullQEl_hw_read13scrfd_2_5g/conv57 has 0 frames in his Queue on destruction
[2026-08-31 11:24:20.326] [1216439] [HailoRT] [info] [queue_elements.cpp:68] [operator()] Thread in element UserBuffQEl13scrfd_2_5g/conv57 is not running anymore, exiting..
[2026-08-31 11:24:20.326] [758484] [HailoRT] [info] [queue_elements.cpp:46] [~BaseQueueElement] Queue element UserBuffQEl13scrfd_2_5g/conv57 has 0 frames in his Queue on destruction
[2026-08-31 11:24:20.391] [758484] [HailoRT] [info] [edge_elements.cpp:52] [create] Created (HwWriteEl3scrfd_2_5g/input_layer1 | hw_frame_size: 1228800)
[2026-08-31 11:24:20.391] [758484] [HailoRT] [info] [vstream.cpp:754] [InputVStreamImpl] Creating scrfd_2_5g/input_layer1...
[2026-08-31 11:24:20.391] [758484] [HailoRT] [info] [vstream_builder.cpp:102] [create_inputs] Input pipeline 'scrfd_2_5g/input_layer1': (HwWriteEl3scrfd_2_5g/input_layer1 | hw_frame_size: 1228800) >> HW
[2026-08-31 11:24:20.391] [758484] [HailoRT] [info] [edge_elements.cpp:287] [create] Created (HwReadEl3scrfd_2_5g/conv42 | hw_frame_size: 12800)
[2026-08-31 11:24:20.395] [758484] [HailoRT] [info] [queue_elements.cpp:657] [create] Created (PullQEl_hw_read3scrfd_2_5g/conv42)
[2026-08-31 11:24:20.395] [758484] [HailoRT] [info] [filter_elements.cpp:372] [create] Created (PostInferEl3scrfd_2_5g/conv42 | Quantization - src_type: UINT8, dst_type FLOAT32, limvals_min: 0, limvals_max: 1)
[2026-08-31 11:24:20.397] [758484] [HailoRT] [info] [queue_elements.cpp:800] [create] Created (UserBuffQEl3scrfd_2_5g/conv42 | timeout: 10s)
[2026-08-31 11:24:20.397] [758484] [HailoRT] [info] [vstream.cpp:1114] [OutputVStreamImpl] Creating scrfd_2_5g/conv42...
[2026-08-31 11:24:20.397] [758484] [HailoRT] [info] [vstream_builder.cpp:220] [create_outputs] Output pipeline 'scrfd_2_5g/conv42': HW >> (HwReadEl3scrfd_2_5g/conv42 | hw_frame_size: 12800) >> (PullQEl_hw_read3scrfd_2_5g/conv42) >> (PostInferEl3scrfd_2_5g/conv42 | Quantization - src_type: UINT8, dst_type FLOAT32, limvals_min: 0, limvals_max: 1) >> (UserBuffQEl3scrfd_2_5g/conv42 | timeout: 10s)
[2026-08-31 11:24:20.397] [758484] [HailoRT] [info] [edge_elements.cpp:287] [create] Created (HwReadEl0scrfd_2_5g/conv43 | hw_frame_size: 51200)
[2026-08-31 11:24:20.397] [758484] [HailoRT] [info] [queue_elements.cpp:657] [create] Created (PullQEl_hw_read0scrfd_2_5g/conv43)
[2026-08-31 11:24:20.397] [758484] [HailoRT] [info] [filter_elements.cpp:372] [create] Created (PostInferEl0scrfd_2_5g/conv43 | Quantization - src_type: UINT8, dst_type FLOAT32, limvals_min: -0.0793963, limvals_max: 4.98212)
[2026-08-31 11:24:20.397] [758484] [HailoRT] [info] [queue_elements.cpp:800] [create] Created (UserBuffQEl0scrfd_2_5g/conv43 | timeout: 10s)
[2026-08-31 11:24:20.397] [758484] [HailoRT] [info] [vstream.cpp:1114] [OutputVStreamImpl] Creating scrfd_2_5g/conv43...
[2026-08-31 11:24:20.397] [758484] [HailoRT] [info] [vstream_builder.cpp:220] [create_outputs] Output pipeline 'scrfd_2_5g/conv43': HW >> (HwReadEl0scrfd_2_5g/conv43 | hw_frame_size: 51200) >> (PullQEl_hw_read0scrfd_2_5g/conv43) >> (PostInferEl0scrfd_2_5g/conv43 | Quantization - src_type: UINT8, dst_type FLOAT32, limvals_min: -0.0793963, limvals_max: 4.98212) >> (UserBuffQEl0scrfd_2_5g/conv43 | timeout: 10s)
[2026-08-31 11:24:20.398] [758484] [HailoRT] [info] [edge_elements.cpp:287] [create] Created (HwReadEl2scrfd_2_5g/conv44 | hw_frame_size: 153600)
[2026-08-31 11:24:20.398] [758484] [HailoRT] [info] [queue_elements.cpp:657] [create] Created (PullQEl_hw_read2scrfd_2_5g/conv44)
[2026-08-31 11:24:20.398] [758484] [HailoRT] [info] [filter_elements.cpp:372] [create] Created (PostInferEl2scrfd_2_5g/conv44 | Quantization - src_type: UINT8, dst_type FLOAT32, limvals_min: -3.16292, limvals_max: 3.50274 | Reorder - src_order: FCR, src_shape: (80, 80, 24), dst_order: FCR, dst_shape: (80, 80, 20))
[2026-08-31 11:24:20.399] [758484] [HailoRT] [info] [queue_elements.cpp:800] [create] Created (UserBuffQEl2scrfd_2_5g/conv44 | timeout: 10s)
[2026-08-31 11:24:20.399] [758484] [HailoRT] [info] [vstream.cpp:1114] [OutputVStreamImpl] Creating scrfd_2_5g/conv44...
[2026-08-31 11:24:20.399] [758484] [HailoRT] [info] [vstream_builder.cpp:220] [create_outputs] Output pipeline 'scrfd_2_5g/conv44': HW >> (HwReadEl2scrfd_2_5g/conv44 | hw_frame_size: 153600) >> (PullQEl_hw_read2scrfd_2_5g/conv44) >> (PostInferEl2scrfd_2_5g/conv44 | Quantization - src_type: UINT8, dst_type FLOAT32, limvals_min: -3.16292, limvals_max: 3.50274 | Reorder - src_order: FCR, src_shape: (80, 80, 24), dst_order: FCR, dst_shape: (80, 80, 20)) >> (UserBuffQEl2scrfd_2_5g/conv44 | timeout: 10s)
[2026-08-31 11:24:20.399] [758484] [HailoRT] [info] [edge_elements.cpp:287] [create] Created (HwReadEl14scrfd_2_5g/conv49 | hw_frame_size: 3200)
[2026-08-31 11:24:20.401] [758484] [HailoRT] [info] [queue_elements.cpp:657] [create] Created (PullQEl_hw_read14scrfd_2_5g/conv49)
[2026-08-31 11:24:20.401] [758484] [HailoRT] [info] [filter_elements.cpp:372] [create] Created (PostInferEl14scrfd_2_5g/conv49 | Quantization - src_type: UINT8, dst_type FLOAT32, limvals_min: 0, limvals_max: 1)
[2026-08-31 11:24:20.402] [758484] [HailoRT] [info] [queue_elements.cpp:800] [create] Created (UserBuffQEl14scrfd_2_5g/conv49 | timeout: 10s)
[2026-08-31 11:24:20.402] [758484] [HailoRT] [info] [vstream.cpp:1114] [OutputVStreamImpl] Creating scrfd_2_5g/conv49...
[2026-08-31 11:24:20.402] [758484] [HailoRT] [info] [vstream_builder.cpp:220] [create_outputs] Output pipeline 'scrfd_2_5g/conv49': HW >> (HwReadEl14scrfd_2_5g/conv49 | hw_frame_size: 3200) >> (PullQEl_hw_read14scrfd_2_5g/conv49) >> (PostInferEl14scrfd_2_5g/conv49 | Quantization - src_type: UINT8, dst_type FLOAT32, limvals_min: 0, limvals_max: 1) >> (UserBuffQEl14scrfd_2_5g/conv49 | timeout: 10s)
[2026-08-31 11:24:20.402] [758484] [HailoRT] [info] [edge_elements.cpp:287] [create] Created (HwReadEl12scrfd_2_5g/conv50 | hw_frame_size: 12800)
[2026-08-31 11:24:20.403] [758484] [HailoRT] [info] [queue_elements.cpp:657] [create] Created (PullQEl_hw_read12scrfd_2_5g/conv50)
[2026-08-31 11:24:20.403] [758484] [HailoRT] [info] [filter_elements.cpp:372] [create] Created (PostInferEl12scrfd_2_5g/conv50 | Quantization - src_type: UINT8, dst_type FLOAT32, limvals_min: 0, limvals_max: 8.10626)
[2026-08-31 11:24:20.403] [758484] [HailoRT] [info] [queue_elements.cpp:800] [create] Created (UserBuffQEl12scrfd_2_5g/conv50 | timeout: 10s)
[2026-08-31 11:24:20.403] [758484] [HailoRT] [info] [vstream.cpp:1114] [OutputVStreamImpl] Creating scrfd_2_5g/conv50...
[2026-08-31 11:24:20.403] [758484] [HailoRT] [info] [vstream_builder.cpp:220] [create_outputs] Output pipeline 'scrfd_2_5g/conv50': HW >> (HwReadEl12scrfd_2_5g/conv50 | hw_frame_size: 12800) >> (PullQEl_hw_read12scrfd_2_5g/conv50) >> (PostInferEl12scrfd_2_5g/conv50 | Quantization - src_type: UINT8, dst_type FLOAT32, limvals_min: 0, limvals_max: 8.10626) >> (UserBuffQEl12scrfd_2_5g/conv50 | timeout: 10s)
[2026-08-31 11:24:20.403] [758484] [HailoRT] [info] [edge_elements.cpp:287] [create] Created (HwReadEl1scrfd_2_5g/conv51 | hw_frame_size: 38400)
[2026-08-31 11:24:20.403] [758484] [HailoRT] [info] [queue_elements.cpp:657] [create] Created (PullQEl_hw_read1scrfd_2_5g/conv51)
[2026-08-31 11:24:20.403] [758484] [HailoRT] [info] [filter_elements.cpp:372] [create] Created (PostInferEl1scrfd_2_5g/conv51 | Quantization - src_type: UINT8, dst_type FLOAT32, limvals_min: -4.24698, limvals_max: 5.17024 | Reorder - src_order: FCR, src_shape: (40, 40, 24), dst_order: FCR, dst_shape: (40, 40, 20))
[2026-08-31 11:24:20.404] [758484] [HailoRT] [info] [queue_elements.cpp:800] [create] Created (UserBuffQEl1scrfd_2_5g/conv51 | timeout: 10s)
[2026-08-31 11:24:20.404] [758484] [HailoRT] [info] [vstream.cpp:1114] [OutputVStreamImpl] Creating scrfd_2_5g/conv51...
[2026-08-31 11:24:20.404] [758484] [HailoRT] [info] [vstream_builder.cpp:220] [create_outputs] Output pipeline 'scrfd_2_5g/conv51': HW >> (HwReadEl1scrfd_2_5g/conv51 | hw_frame_size: 38400) >> (PullQEl_hw_read1scrfd_2_5g/conv51) >> (PostInferEl1scrfd_2_5g/conv51 | Quantization - src_type: UINT8, dst_type FLOAT32, limvals_min: -4.24698, limvals_max: 5.17024 | Reorder - src_order: FCR, src_shape: (40, 40, 24), dst_order: FCR, dst_shape: (40, 40, 20)) >> (UserBuffQEl1scrfd_2_5g/conv51 | timeout: 10s)
[2026-08-31 11:24:20.404] [758484] [HailoRT] [info] [edge_elements.cpp:287] [create] Created (HwReadEl10scrfd_2_5g/conv55 | hw_frame_size: 800)
[2026-08-31 11:24:20.404] [758484] [HailoRT] [info] [queue_elements.cpp:657] [create] Created (PullQEl_hw_read10scrfd_2_5g/conv55)
[2026-08-31 11:24:20.404] [758484] [HailoRT] [info] [filter_elements.cpp:372] [create] Created (PostInferEl10scrfd_2_5g/conv55 | Quantization - src_type: UINT8, dst_type FLOAT32, limvals_min: 0, limvals_max: 1 | Reorder - src_order: NHCW, src_shape: (20, 20, 2), dst_order: NHWC, dst_shape: (20, 20, 2))
[2026-08-31 11:24:20.404] [758484] [HailoRT] [info] [queue_elements.cpp:800] [create] Created (UserBuffQEl10scrfd_2_5g/conv55 | timeout: 10s)
[2026-08-31 11:24:20.404] [758484] [HailoRT] [info] [vstream.cpp:1114] [OutputVStreamImpl] Creating scrfd_2_5g/conv55...
[2026-08-31 11:24:20.404] [758484] [HailoRT] [info] [vstream_builder.cpp:220] [create_outputs] Output pipeline 'scrfd_2_5g/conv55': HW >> (HwReadEl10scrfd_2_5g/conv55 | hw_frame_size: 800) >> (PullQEl_hw_read10scrfd_2_5g/conv55) >> (PostInferEl10scrfd_2_5g/conv55 | Quantization - src_type: UINT8, dst_type FLOAT32, limvals_min: 0, limvals_max: 1 | Reorder - src_order: NHCW, src_shape: (20, 20, 2), dst_order: NHWC, dst_shape: (20, 20, 2)) >> (UserBuffQEl10scrfd_2_5g/conv55 | timeout: 10s)
[2026-08-31 11:24:20.404] [758484] [HailoRT] [info] [edge_elements.cpp:287] [create] Created (HwReadEl9scrfd_2_5g/conv56 | hw_frame_size: 3200)
[2026-08-31 11:24:20.405] [758484] [HailoRT] [info] [queue_elements.cpp:657] [create] Created (PullQEl_hw_read9scrfd_2_5g/conv56)
[2026-08-31 11:24:20.405] [758484] [HailoRT] [info] [filter_elements.cpp:372] [create] Created (PostInferEl9scrfd_2_5g/conv56 | Quantization - src_type: UINT8, dst_type FLOAT32, limvals_min: -0.0299247, limvals_max: 7.60086 | Reorder - src_order: NHCW, src_shape: (20, 20, 8), dst_order: NHWC, dst_shape: (20, 20, 8))
[2026-08-31 11:24:20.406] [758484] [HailoRT] [info] [queue_elements.cpp:800] [create] Created (UserBuffQEl9scrfd_2_5g/conv56 | timeout: 10s)
[2026-08-31 11:24:20.406] [758484] [HailoRT] [info] [vstream.cpp:1114] [OutputVStreamImpl] Creating scrfd_2_5g/conv56...
[2026-08-31 11:24:20.406] [758484] [HailoRT] [info] [vstream_builder.cpp:220] [create_outputs] Output pipeline 'scrfd_2_5g/conv56': HW >> (HwReadEl9scrfd_2_5g/conv56 | hw_frame_size: 3200) >> (PullQEl_hw_read9scrfd_2_5g/conv56) >> (PostInferEl9scrfd_2_5g/conv56 | Quantization - src_type: UINT8, dst_type FLOAT32, limvals_min: -0.0299247, limvals_max: 7.60086 | Reorder - src_order: NHCW, src_shape: (20, 20, 8), dst_order: NHWC, dst_shape: (20, 20, 8)) >> (UserBuffQEl9scrfd_2_5g/conv56 | timeout: 10s)
[2026-08-31 11:24:20.406] [758484] [HailoRT] [info] [edge_elements.cpp:287] [create] Created (HwReadEl13scrfd_2_5g/conv57 | hw_frame_size: 9600)
[2026-08-31 11:24:20.407] [758484] [HailoRT] [info] [queue_elements.cpp:657] [create] Created (PullQEl_hw_read13scrfd_2_5g/conv57)
[2026-08-31 11:24:20.407] [758484] [HailoRT] [info] [filter_elements.cpp:372] [create] Created (PostInferEl13scrfd_2_5g/conv57 | Quantization - src_type: UINT8, dst_type FLOAT32, limvals_min: -4.03285, limvals_max: 5.14908 | Reorder - src_order: FCR, src_shape: (20, 20, 24), dst_order: FCR, dst_shape: (20, 20, 20))
[2026-08-31 11:24:20.408] [758484] [HailoRT] [info] [queue_elements.cpp:800] [create] Created (UserBuffQEl13scrfd_2_5g/conv57 | timeout: 10s)
[2026-08-31 11:24:20.408] [758484] [HailoRT] [info] [vstream.cpp:1114] [OutputVStreamImpl] Creating scrfd_2_5g/conv57...
[2026-08-31 11:24:20.408] [758484] [HailoRT] [info] [vstream_builder.cpp:220] [create_outputs] Output pipeline 'scrfd_2_5g/conv57': HW >> (HwReadEl13scrfd_2_5g/conv57 | hw_frame_size: 9600) >> (PullQEl_hw_read13scrfd_2_5g/conv57) >> (PostInferEl13scrfd_2_5g/conv57 | Quantization - src_type: UINT8, dst_type FLOAT32, limvals_min: -4.03285, limvals_max: 5.14908 | Reorder - src_order: FCR, src_shape: (20, 20, 24), dst_order: FCR, dst_shape: (20, 20, 20)) >> (UserBuffQEl13scrfd_2_5g/conv57 | timeout: 10s)
[2026-08-31 11:24:20.409] [758484] [HailoRT] [info] [core_op.cpp:156] [activate] Activating scrfd_2_5g took 1.002848 milliseconds. Note that the function is asynchronous and thus the network is not fully activated yet.
[2026-08-31 11:24:20.409] [758484] [HailoRT] [info] [core_op.cpp:156] [activate] Activating scrfd_2_5g took 1.026533 milliseconds. Note that the function is asynchronous and thus the network is not fully activated yet.
[2026-08-31 11:24:20.416] [1216456] [HailoRT] [info] [vdevice_native_stream.cpp:331] [read_impl] Failed read from stream HAILO_STREAM_NOT_ACTIVATED(72) (device: 0001:01:00.0)
[2026-08-31 11:24:20.416] [1216462] [HailoRT] [info] [vdevice_native_stream.cpp:331] [read_impl] Failed read from stream HAILO_STREAM_NOT_ACTIVATED(72) (device: 0001:01:00.0)
[2026-08-31 11:24:20.416] [1216458] [HailoRT] [info] [vdevice_native_stream.cpp:331] [read_impl] Failed read from stream HAILO_STREAM_NOT_ACTIVATED(72) (device: 0001:01:00.0)
[2026-08-31 11:24:20.416] [1216464] [HailoRT] [info] [vdevice_native_stream.cpp:331] [read_impl] Failed read from stream HAILO_STREAM_NOT_ACTIVATED(72) (device: 0001:01:00.0)
[2026-08-31 11:24:20.416] [1216452] [HailoRT] [info] [vdevice_native_stream.cpp:331] [read_impl] Failed read from stream HAILO_STREAM_NOT_ACTIVATED(72) (device: 0001:01:00.0)
[2026-08-31 11:24:20.416] [1216460] [HailoRT] [info] [vdevice_native_stream.cpp:331] [read_impl] Failed read from stream HAILO_STREAM_NOT_ACTIVATED(72) (device: 0001:01:00.0)
[2026-08-31 11:24:20.416] [1216454] [HailoRT] [info] [vdevice_native_stream.cpp:331] [read_impl] Failed read from stream HAILO_STREAM_NOT_ACTIVATED(72) (device: 0001:01:00.0)
[2026-08-31 11:24:20.416] [1216466] [HailoRT] [info] [vdevice_native_stream.cpp:331] [read_impl] Failed read from stream HAILO_STREAM_NOT_ACTIVATED(72) (device: 0001:01:00.0)
[2026-08-31 11:24:20.416] [1216450] [HailoRT] [info] [vdevice_native_stream.cpp:331] [read_impl] Failed read from stream HAILO_STREAM_NOT_ACTIVATED(72) (device: 0001:01:00.0)
[2026-08-31 11:24:20.417] [758484] [HailoRT] [info] [core_op.cpp:186] [deactivate] Deactivating took 0.822326 ms
[2026-08-31 11:24:20.417] [758484] [HailoRT] [info] [core_op.cpp:186] [deactivate] Deactivating took 0.843198 ms
[2026-08-31 11:24:20.417] [1216450] [HailoRT] [info] [queue_elements.cpp:734] [run_in_thread] Shutdown event was signaled in run_pull of queue element PullQEl_hw_read3scrfd_2_5g/conv42!
[2026-08-31 11:24:20.417] [1216451] [HailoRT] [info] [queue_elements.cpp:855] [run_in_thread] Shutdown event was signaled in dequeue of UserBuffQEl3scrfd_2_5g/conv42!
[2026-08-31 11:24:20.417] [1216450] [HailoRT] [info] [queue_elements.cpp:68] [operator()] Thread in element PullQEl_hw_read3scrfd_2_5g/conv42 is not running anymore, exiting..
[2026-08-31 11:24:20.417] [758484] [HailoRT] [info] [queue_elements.cpp:46] [~BaseQueueElement] Queue element PullQEl_hw_read3scrfd_2_5g/conv42 has 0 frames in his Queue on destruction
[2026-08-31 11:24:20.417] [1216451] [HailoRT] [info] [queue_elements.cpp:68] [operator()] Thread in element UserBuffQEl3scrfd_2_5g/conv42 is not running anymore, exiting..
[2026-08-31 11:24:20.418] [758484] [HailoRT] [info] [queue_elements.cpp:46] [~BaseQueueElement] Queue element UserBuffQEl3scrfd_2_5g/conv42 has 0 frames in his Queue on destruction
[2026-08-31 11:24:20.418] [1216453] [HailoRT] [info] [queue_elements.cpp:855] [run_in_thread] Shutdown event was signaled in dequeue of UserBuffQEl0scrfd_2_5g/conv43!
[2026-08-31 11:24:20.418] [1216452] [HailoRT] [info] [queue_elements.cpp:734] [run_in_thread] Shutdown event was signaled in run_pull of queue element PullQEl_hw_read0scrfd_2_5g/conv43!
[2026-08-31 11:24:20.418] [1216452] [HailoRT] [info] [queue_elements.cpp:68] [operator()] Thread in element PullQEl_hw_read0scrfd_2_5g/conv43 is not running anymore, exiting..
[2026-08-31 11:24:20.418] [758484] [HailoRT] [info] [queue_elements.cpp:46] [~BaseQueueElement] Queue element PullQEl_hw_read0scrfd_2_5g/conv43 has 0 frames in his Queue on destruction
[2026-08-31 11:24:20.418] [1216453] [HailoRT] [info] [queue_elements.cpp:68] [operator()] Thread in element UserBuffQEl0scrfd_2_5g/conv43 is not running anymore, exiting..
[2026-08-31 11:24:20.418] [758484] [HailoRT] [info] [queue_elements.cpp:46] [~BaseQueueElement] Queue element UserBuffQEl0scrfd_2_5g/conv43 has 0 frames in his Queue on destruction
[2026-08-31 11:24:20.418] [1216454] [HailoRT] [info] [queue_elements.cpp:734] [run_in_thread] Shutdown event was signaled in run_pull of queue element PullQEl_hw_read2scrfd_2_5g/conv44!
[2026-08-31 11:24:20.418] [1216455] [HailoRT] [info] [queue_elements.cpp:855] [run_in_thread] Shutdown event was signaled in dequeue of UserBuffQEl2scrfd_2_5g/conv44!
[2026-08-31 11:24:20.418] [1216454] [HailoRT] [info] [queue_elements.cpp:68] [operator()] Thread in element PullQEl_hw_read2scrfd_2_5g/conv44 is not running anymore, exiting..
[2026-08-31 11:24:20.418] [758484] [HailoRT] [info] [queue_elements.cpp:46] [~BaseQueueElement] Queue element PullQEl_hw_read2scrfd_2_5g/conv44 has 0 frames in his Queue on destruction
[2026-08-31 11:24:20.418] [1216455] [HailoRT] [info] [queue_elements.cpp:68] [operator()] Thread in element UserBuffQEl2scrfd_2_5g/conv44 is not running anymore, exiting..
[2026-08-31 11:24:20.418] [758484] [HailoRT] [info] [queue_elements.cpp:46] [~BaseQueueElement] Queue element UserBuffQEl2scrfd_2_5g/conv44 has 0 frames in his Queue on destruction
[2026-08-31 11:24:20.418] [1216457] [HailoRT] [info] [queue_elements.cpp:855] [run_in_thread] Shutdown event was signaled in dequeue of UserBuffQEl14scrfd_2_5g/conv49!
[2026-08-31 11:24:20.418] [1216456] [HailoRT] [info] [queue_elements.cpp:734] [run_in_thread] Shutdown event was signaled in run_pull of queue element PullQEl_hw_read14scrfd_2_5g/conv49!
[2026-08-31 11:24:20.418] [1216456] [HailoRT] [info] [queue_elements.cpp:68] [operator()] Thread in element PullQEl_hw_read14scrfd_2_5g/conv49 is not running anymore, exiting..
[2026-08-31 11:24:20.418] [758484] [HailoRT] [info] [queue_elements.cpp:46] [~BaseQueueElement] Queue element PullQEl_hw_read14scrfd_2_5g/conv49 has 0 frames in his Queue on destruction
[2026-08-31 11:24:20.418] [1216457] [HailoRT] [info] [queue_elements.cpp:68] [operator()] Thread in element UserBuffQEl14scrfd_2_5g/conv49 is not running anymore, exiting..
[2026-08-31 11:24:20.418] [758484] [HailoRT] [info] [queue_elements.cpp:46] [~BaseQueueElement] Queue element UserBuffQEl14scrfd_2_5g/conv49 has 0 frames in his Queue on destruction
[2026-08-31 11:24:20.419] [1216459] [HailoRT] [info] [queue_elements.cpp:855] [run_in_thread] Shutdown event was signaled in dequeue of UserBuffQEl12scrfd_2_5g/conv50!
[2026-08-31 11:24:20.419] [1216458] [HailoRT] [info] [queue_elements.cpp:734] [run_in_thread] Shutdown event was signaled in run_pull of queue element PullQEl_hw_read12scrfd_2_5g/conv50!
[2026-08-31 11:24:20.419] [758484] [HailoRT] [info] [queue_elements.cpp:46] [~BaseQueueElement] Queue element PullQEl_hw_read12scrfd_2_5g/conv50 has 0 frames in his Queue on destruction
[2026-08-31 11:24:20.419] [1216459] [HailoRT] [info] [queue_elements.cpp:68] [operator()] Thread in element UserBuffQEl12scrfd_2_5g/conv50 is not running anymore, exiting..
[2026-08-31 11:24:20.419] [758484] [HailoRT] [info] [queue_elements.cpp:46] [~BaseQueueElement] Queue element UserBuffQEl12scrfd_2_5g/conv50 has 0 frames in his Queue on destruction
[2026-08-31 11:24:20.419] [1216460] [HailoRT] [info] [queue_elements.cpp:734] [run_in_thread] Shutdown event was signaled in run_pull of queue element PullQEl_hw_read1scrfd_2_5g/conv51!
[2026-08-31 11:24:20.419] [1216461] [HailoRT] [info] [queue_elements.cpp:855] [run_in_thread] Shutdown event was signaled in dequeue of UserBuffQEl1scrfd_2_5g/conv51!
[2026-08-31 11:24:20.419] [1216460] [HailoRT] [info] [queue_elements.cpp:68] [operator()] Thread in element PullQEl_hw_read1scrfd_2_5g/conv51 is not running anymore, exiting..
[2026-08-31 11:24:20.419] [758484] [HailoRT] [info] [queue_elements.cpp:46] [~BaseQueueElement] Queue element PullQEl_hw_read1scrfd_2_5g/conv51 has 0 frames in his Queue on destruction
[2026-08-31 11:24:20.419] [1216461] [HailoRT] [info] [queue_elements.cpp:68] [operator()] Thread in element UserBuffQEl1scrfd_2_5g/conv51 is not running anymore, exiting..
[2026-08-31 11:24:20.419] [758484] [HailoRT] [info] [queue_elements.cpp:46] [~BaseQueueElement] Queue element UserBuffQEl1scrfd_2_5g/conv51 has 0 frames in his Queue on destruction
[2026-08-31 11:24:20.419] [1216463] [HailoRT] [info] [queue_elements.cpp:855] [run_in_thread] Shutdown event was signaled in dequeue of UserBuffQEl10scrfd_2_5g/conv55!
[2026-08-31 11:24:20.419] [1216462] [HailoRT] [info] [queue_elements.cpp:734] [run_in_thread] Shutdown event was signaled in run_pull of queue element PullQEl_hw_read10scrfd_2_5g/conv55!
[2026-08-31 11:24:20.419] [1216462] [HailoRT] [info] [queue_elements.cpp:68] [operator()] Thread in element PullQEl_hw_read10scrfd_2_5g/conv55 is not running anymore, exiting..
[2026-08-31 11:24:20.419] [758484] [HailoRT] [info] [queue_elements.cpp:46] [~BaseQueueElement] Queue element PullQEl_hw_read10scrfd_2_5g/conv55 has 0 frames in his Queue on destruction
[2026-08-31 11:24:20.419] [1216463] [HailoRT] [info] [queue_elements.cpp:68] [operator()] Thread in element UserBuffQEl10scrfd_2_5g/conv55 is not running anymore, exiting..
[2026-08-31 11:24:20.419] [758484] [HailoRT] [info] [queue_elements.cpp:46] [~BaseQueueElement] Queue element UserBuffQEl10scrfd_2_5g/conv55 has 0 frames in his Queue on destruction
[2026-08-31 11:24:20.419] [1216465] [HailoRT] [info] [queue_elements.cpp:855] [run_in_thread] Shutdown event was signaled in dequeue of UserBuffQEl9scrfd_2_5g/conv56!
[2026-08-31 11:24:20.419] [1216464] [HailoRT] [info] [queue_elements.cpp:734] [run_in_thread] Shutdown event was signaled in run_pull of queue element PullQEl_hw_read9scrfd_2_5g/conv56!
[2026-08-31 11:24:20.419] [1216464] [HailoRT] [info] [queue_elements.cpp:68] [operator()] Thread in element PullQEl_hw_read9scrfd_2_5g/conv56 is not running anymore, exiting..
[2026-08-31 11:24:20.420] [758484] [HailoRT] [info] [queue_elements.cpp:46] [~BaseQueueElement] Queue element PullQEl_hw_read9scrfd_2_5g/conv56 has 0 frames in his Queue on destruction
[2026-08-31 11:24:20.420] [1216465] [HailoRT] [info] [queue_elements.cpp:68] [operator()] Thread in element UserBuffQEl9scrfd_2_5g/conv56 is not running anymore, exiting..
[2026-08-31 11:24:20.420] [758484] [HailoRT] [info] [queue_elements.cpp:46] [~BaseQueueElement] Queue element UserBuffQEl9scrfd_2_5g/conv56 has 0 frames in his Queue on destruction
[2026-08-31 11:24:20.420] [1216466] [HailoRT] [info] [queue_elements.cpp:734] [run_in_thread] Shutdown event was signaled in run_pull of queue element PullQEl_hw_read13scrfd_2_5g/conv57!
[2026-08-31 11:24:20.420] [1216467] [HailoRT] [info] [queue_elements.cpp:855] [run_in_thread] Shutdown event was signaled in dequeue of UserBuffQEl13scrfd_2_5g/conv57!
[2026-08-31 11:24:20.420] [1216466] [HailoRT] [info] [queue_elements.cpp:68] [operator()] Thread in element PullQEl_hw_read13scrfd_2_5g/conv57 is not running anymore, exiting..
[2026-08-31 11:24:20.420] [758484] [HailoRT] [info] [queue_elements.cpp:46] [~BaseQueueElement] Queue element PullQEl_hw_read13scrfd_2_5g/conv57 has 0 frames in his Queue on destruction
[2026-08-31 11:24:20.420] [1216467] [HailoRT] [info] [queue_elements.cpp:68] [operator()] Thread in element UserBuffQEl13scrfd_2_5g/conv57 is not running anymore, exiting..
[2026-08-31 11:24:20.420] [758484] [HailoRT] [info] [queue_elements.cpp:46] [~BaseQueueElement] Queue element UserBuffQEl13scrfd_2_5g/conv57 has 0 frames in his Queue on destruction
[2026-08-31 11:24:20.498] [758484] [HailoRT] [info] [edge_elements.cpp:52] [create] Created (HwWriteEl3scrfd_2_5g/input_layer1 | hw_frame_size: 1228800)
[2026-08-31 11:24:20.498] [758484] [HailoRT] [info] [vstream.cpp:754] [InputVStreamImpl] Creating scrfd_2_5g/input_layer1...
[2026-08-31 11:24:20.498] [758484] [HailoRT] [info] [vstream_builder.cpp:102] [create_inputs] Input pipeline 'scrfd_2_5g/input_layer1': (HwWriteEl3scrfd_2_5g/input_layer1 | hw_frame_size: 1228800) >> HW
[2026-08-31 11:24:20.498] [758484] [HailoRT] [info] [edge_elements.cpp:287] [create] Created (HwReadEl3scrfd_2_5g/conv42 | hw_frame_size: 12800)
[2026-08-31 11:24:20.499] [758484] [HailoRT] [info] [queue_elements.cpp:657] [create] Created (PullQEl_hw_read3scrfd_2_5g/conv42)
[2026-08-31 11:24:20.499] [758484] [HailoRT] [info] [filter_elements.cpp:372] [create] Created (PostInferEl3scrfd_2_5g/conv42 | Quantization - src_type: UINT8, dst_type FLOAT32, limvals_min: 0, limvals_max: 1)
[2026-08-31 11:24:20.499] [758484] [HailoRT] [info] [queue_elements.cpp:800] [create] Created (UserBuffQEl3scrfd_2_5g/conv42 | timeout: 10s)
[2026-08-31 11:24:20.499] [758484] [HailoRT] [info] [vstream.cpp:1114] [OutputVStreamImpl] Creating scrfd_2_5g/conv42...
[2026-08-31 11:24:20.499] [758484] [HailoRT] [info] [vstream_builder.cpp:220] [create_outputs] Output pipeline 'scrfd_2_5g/conv42': HW >> (HwReadEl3scrfd_2_5g/conv42 | hw_frame_size: 12800) >> (PullQEl_hw_read3scrfd_2_5g/conv42) >> (PostInferEl3scrfd_2_5g/conv42 | Quantization - src_type: UINT8, dst_type FLOAT32, limvals_min: 0, limvals_max: 1) >> (UserBuffQEl3scrfd_2_5g/conv42 | timeout: 10s)
[2026-08-31 11:24:20.499] [758484] [HailoRT] [info] [edge_elements.cpp:287] [create] Created (HwReadEl0scrfd_2_5g/conv43 | hw_frame_size: 51200)
[2026-08-31 11:24:20.499] [758484] [HailoRT] [info] [queue_elements.cpp:657] [create] Created (PullQEl_hw_read0scrfd_2_5g/conv43)
[2026-08-31 11:24:20.499] [758484] [HailoRT] [info] [filter_elements.cpp:372] [create] Created (PostInferEl0scrfd_2_5g/conv43 | Quantization - src_type: UINT8, dst_type FLOAT32, limvals_min: -0.0793963, limvals_max: 4.98212)
[2026-08-31 11:24:20.499] [758484] [HailoRT] [info] [queue_elements.cpp:800] [create] Created (UserBuffQEl0scrfd_2_5g/conv43 | timeout: 10s)
[2026-08-31 11:24:20.499] [758484] [HailoRT] [info] [vstream.cpp:1114] [OutputVStreamImpl] Creating scrfd_2_5g/conv43...
[2026-08-31 11:24:20.499] [758484] [HailoRT] [info] [vstream_builder.cpp:220] [create_outputs] Output pipeline 'scrfd_2_5g/conv43': HW >> (HwReadEl0scrfd_2_5g/conv43 | hw_frame_size: 51200) >> (PullQEl_hw_read0scrfd_2_5g/conv43) >> (PostInferEl0scrfd_2_5g/conv43 | Quantization - src_type: UINT8, dst_type FLOAT32, limvals_min: -0.0793963, limvals_max: 4.98212) >> (UserBuffQEl0scrfd_2_5g/conv43 | timeout: 10s)
[2026-08-31 11:24:20.499] [758484] [HailoRT] [info] [edge_elements.cpp:287] [create] Created (HwReadEl2scrfd_2_5g/conv44 | hw_frame_size: 153600)
[2026-08-31 11:24:20.499] [758484] [HailoRT] [info] [queue_elements.cpp:657] [create] Created (PullQEl_hw_read2scrfd_2_5g/conv44)
[2026-08-31 11:24:20.499] [758484] [HailoRT] [info] [filter_elements.cpp:372] [create] Created (PostInferEl2scrfd_2_5g/conv44 | Quantization - src_type: UINT8, dst_type FLOAT32, limvals_min: -3.16292, limvals_max: 3.50274 | Reorder - src_order: FCR, src_shape: (80, 80, 24), dst_order: FCR, dst_shape: (80, 80, 20))
[2026-08-31 11:24:20.499] [758484] [HailoRT] [info] [queue_elements.cpp:800] [create] Created (UserBuffQEl2scrfd_2_5g/conv44 | timeout: 10s)
[2026-08-31 11:24:20.499] [758484] [HailoRT] [info] [vstream.cpp:1114] [OutputVStreamImpl] Creating scrfd_2_5g/conv44...
[2026-08-31 11:24:20.499] [758484] [HailoRT] [info] [vstream_builder.cpp:220] [create_outputs] Output pipeline 'scrfd_2_5g/conv44': HW >> (HwReadEl2scrfd_2_5g/conv44 | hw_frame_size: 153600) >> (PullQEl_hw_read2scrfd_2_5g/conv44) >> (PostInferEl2scrfd_2_5g/conv44 | Quantization - src_type: UINT8, dst_type FLOAT32, limvals_min: -3.16292, limvals_max: 3.50274 | Reorder - src_order: FCR, src_shape: (80, 80, 24), dst_order: FCR, dst_shape: (80, 80, 20)) >> (UserBuffQEl2scrfd_2_5g/conv44 | timeout: 10s)
[2026-08-31 11:24:20.499] [758484] [HailoRT] [info] [edge_elements.cpp:287] [create] Created (HwReadEl14scrfd_2_5g/conv49 | hw_frame_size: 3200)
[2026-08-31 11:24:20.499] [758484] [HailoRT] [info] [queue_elements.cpp:657] [create] Created (PullQEl_hw_read14scrfd_2_5g/conv49)
[2026-08-31 11:24:20.499] [758484] [HailoRT] [info] [filter_elements.cpp:372] [create] Created (PostInferEl14scrfd_2_5g/conv49 | Quantization - src_type: UINT8, dst_type FLOAT32, limvals_min: 0, limvals_max: 1)
[2026-08-31 11:24:20.499] [758484] [HailoRT] [info] [queue_elements.cpp:800] [create] Created (UserBuffQEl14scrfd_2_5g/conv49 | timeout: 10s)
[2026-08-31 11:24:20.499] [758484] [HailoRT] [info] [vstream.cpp:1114] [OutputVStreamImpl] Creating scrfd_2_5g/conv49...
[2026-08-31 11:24:20.499] [758484] [HailoRT] [info] [vstream_builder.cpp:220] [create_outputs] Output pipeline 'scrfd_2_5g/conv49': HW >> (HwReadEl14scrfd_2_5g/conv49 | hw_frame_size: 3200) >> (PullQEl_hw_read14scrfd_2_5g/conv49) >> (PostInferEl14scrfd_2_5g/conv49 | Quantization - src_type: UINT8, dst_type FLOAT32, limvals_min: 0, limvals_max: 1) >> (UserBuffQEl14scrfd_2_5g/conv49 | timeout: 10s)
[2026-08-31 11:24:20.499] [758484] [HailoRT] [info] [edge_elements.cpp:287] [create] Created (HwReadEl12scrfd_2_5g/conv50 | hw_frame_size: 12800)
[2026-08-31 11:24:20.499] [758484] [HailoRT] [info] [queue_elements.cpp:657] [create] Created (PullQEl_hw_read12scrfd_2_5g/conv50)
[2026-08-31 11:24:20.499] [758484] [HailoRT] [info] [filter_elements.cpp:372] [create] Created (PostInferEl12scrfd_2_5g/conv50 | Quantization - src_type: UINT8, dst_type FLOAT32, limvals_min: 0, limvals_max: 8.10626)
[2026-08-31 11:24:20.500] [758484] [HailoRT] [info] [queue_elements.cpp:800] [create] Created (UserBuffQEl12scrfd_2_5g/conv50 | timeout: 10s)
[2026-08-31 11:24:20.500] [758484] [HailoRT] [info] [vstream.cpp:1114] [OutputVStreamImpl] Creating scrfd_2_5g/conv50...
[2026-08-31 11:24:20.500] [758484] [HailoRT] [info] [vstream_builder.cpp:220] [create_outputs] Output pipeline 'scrfd_2_5g/conv50': HW >> (HwReadEl12scrfd_2_5g/conv50 | hw_frame_size: 12800) >> (PullQEl_hw_read12scrfd_2_5g/conv50) >> (PostInferEl12scrfd_2_5g/conv50 | Quantization - src_type: UINT8, dst_type FLOAT32, limvals_min: 0, limvals_max: 8.10626) >> (UserBuffQEl12scrfd_2_5g/conv50 | timeout: 10s)
[2026-08-31 11:24:20.500] [758484] [HailoRT] [info] [edge_elements.cpp:287] [create] Created (HwReadEl1scrfd_2_5g/conv51 | hw_frame_size: 38400)
[2026-08-31 11:24:20.500] [758484] [HailoRT] [info] [queue_elements.cpp:657] [create] Created (PullQEl_hw_read1scrfd_2_5g/conv51)
[2026-08-31 11:24:20.500] [758484] [HailoRT] [info] [filter_elements.cpp:372] [create] Created (PostInferEl1scrfd_2_5g/conv51 | Quantization - src_type: UINT8, dst_type FLOAT32, limvals_min: -4.24698, limvals_max: 5.17024 | Reorder - src_order: FCR, src_shape: (40, 40, 24), dst_order: FCR, dst_shape: (40, 40, 20))
[2026-08-31 11:24:20.500] [758484] [HailoRT] [info] [queue_elements.cpp:800] [create] Created (UserBuffQEl1scrfd_2_5g/conv51 | timeout: 10s)
[2026-08-31 11:24:20.500] [758484] [HailoRT] [info] [vstream.cpp:1114] [OutputVStreamImpl] Creating scrfd_2_5g/conv51...
[2026-08-31 11:24:20.500] [758484] [HailoRT] [info] [vstream_builder.cpp:220] [create_outputs] Output pipeline 'scrfd_2_5g/conv51': HW >> (HwReadEl1scrfd_2_5g/conv51 | hw_frame_size: 38400) >> (PullQEl_hw_read1scrfd_2_5g/conv51) >> (PostInferEl1scrfd_2_5g/conv51 | Quantization - src_type: UINT8, dst_type FLOAT32, limvals_min: -4.24698, limvals_max: 5.17024 | Reorder - src_order: FCR, src_shape: (40, 40, 24), dst_order: FCR, dst_shape: (40, 40, 20)) >> (UserBuffQEl1scrfd_2_5g/conv51 | timeout: 10s)
[2026-08-31 11:24:20.500] [758484] [HailoRT] [info] [edge_elements.cpp:287] [create] Created (HwReadEl10scrfd_2_5g/conv55 | hw_frame_size: 800)
[2026-08-31 11:24:20.500] [758484] [HailoRT] [info] [queue_elements.cpp:657] [create] Created (PullQEl_hw_read10scrfd_2_5g/conv55)
[2026-08-31 11:24:20.500] [758484] [HailoRT] [info] [filter_elements.cpp:372] [create] Created (PostInferEl10scrfd_2_5g/conv55 | Quantization - src_type: UINT8, dst_type FLOAT32, limvals_min: 0, limvals_max: 1 | Reorder - src_order: NHCW, src_shape: (20, 20, 2), dst_order: NHWC, dst_shape: (20, 20, 2))
[2026-08-31 11:24:20.500] [758484] [HailoRT] [info] [queue_elements.cpp:800] [create] Created (UserBuffQEl10scrfd_2_5g/conv55 | timeout: 10s)
[2026-08-31 11:24:20.500] [758484] [HailoRT] [info] [vstream.cpp:1114] [OutputVStreamImpl] Creating scrfd_2_5g/conv55...
[2026-08-31 11:24:20.500] [758484] [HailoRT] [info] [vstream_builder.cpp:220] [create_outputs] Output pipeline 'scrfd_2_5g/conv55': HW >> (HwReadEl10scrfd_2_5g/conv55 | hw_frame_size: 800) >> (PullQEl_hw_read10scrfd_2_5g/conv55) >> (PostInferEl10scrfd_2_5g/conv55 | Quantization - src_type: UINT8, dst_type FLOAT32, limvals_min: 0, limvals_max: 1 | Reorder - src_order: NHCW, src_shape: (20, 20, 2), dst_order: NHWC, dst_shape: (20, 20, 2)) >> (UserBuffQEl10scrfd_2_5g/conv55 | timeout: 10s)
[2026-08-31 11:24:20.500] [758484] [HailoRT] [info] [edge_elements.cpp:287] [create] Created (HwReadEl9scrfd_2_5g/conv56 | hw_frame_size: 3200)
[2026-08-31 11:24:20.500] [758484] [HailoRT] [info] [queue_elements.cpp:657] [create] Created (PullQEl_hw_read9scrfd_2_5g/conv56)
[2026-08-31 11:24:20.500] [758484] [HailoRT] [info] [filter_elements.cpp:372] [create] Created (PostInferEl9scrfd_2_5g/conv56 | Quantization - src_type: UINT8, dst_type FLOAT32, limvals_min: -0.0299247, limvals_max: 7.60086 | Reorder - src_order: NHCW, src_shape: (20, 20, 8), dst_order: NHWC, dst_shape: (20, 20, 8))
[2026-08-31 11:24:20.500] [758484] [HailoRT] [info] [queue_elements.cpp:800] [create] Created (UserBuffQEl9scrfd_2_5g/conv56 | timeout: 10s)
[2026-08-31 11:24:20.500] [758484] [HailoRT] [info] [vstream.cpp:1114] [OutputVStreamImpl] Creating scrfd_2_5g/conv56...
[2026-08-31 11:24:20.500] [758484] [HailoRT] [info] [vstream_builder.cpp:220] [create_outputs] Output pipeline 'scrfd_2_5g/conv56': HW >> (HwReadEl9scrfd_2_5g/conv56 | hw_frame_size: 3200) >> (PullQEl_hw_read9scrfd_2_5g/conv56) >> (PostInferEl9scrfd_2_5g/conv56 | Quantization - src_type: UINT8, dst_type FLOAT32, limvals_min: -0.0299247, limvals_max: 7.60086 | Reorder - src_order: NHCW, src_shape: (20, 20, 8), dst_order: NHWC, dst_shape: (20, 20, 8)) >> (UserBuffQEl9scrfd_2_5g/conv56 | timeout: 10s)
[2026-08-31 11:24:20.500] [758484] [HailoRT] [info] [edge_elements.cpp:287] [create] Created (HwReadEl13scrfd_2_5g/conv57 | hw_frame_size: 9600)
[2026-08-31 11:24:20.500] [758484] [HailoRT] [info] [queue_elements.cpp:657] [create] Created (PullQEl_hw_read13scrfd_2_5g/conv57)
[2026-08-31 11:24:20.500] [758484] [HailoRT] [info] [filter_elements.cpp:372] [create] Created (PostInferEl13scrfd_2_5g/conv57 | Quantization - src_type: UINT8, dst_type FLOAT32, limvals_min: -4.03285, limvals_max: 5.14908 | Reorder - src_order: FCR, src_shape: (20, 20, 24), dst_order: FCR, dst_shape: (20, 20, 20))
[2026-08-31 11:24:20.500] [758484] [HailoRT] [info] [queue_elements.cpp:800] [create] Created (UserBuffQEl13scrfd_2_5g/conv57 | timeout: 10s)
[2026-08-31 11:24:20.500] [758484] [HailoRT] [info] [vstream.cpp:1114] [OutputVStreamImpl] Creating scrfd_2_5g/conv57...
[2026-08-31 11:24:20.500] [758484] [HailoRT] [info] [vstream_builder.cpp:220] [create_outputs] Output pipeline 'scrfd_2_5g/conv57': HW >> (HwReadEl13scrfd_2_5g/conv57 | hw_frame_size: 9600) >> (PullQEl_hw_read13scrfd_2_5g/conv57) >> (PostInferEl13scrfd_2_5g/conv57 | Quantization - src_type: UINT8, dst_type FLOAT32, limvals_min: -4.03285, limvals_max: 5.14908 | Reorder - src_order: FCR, src_shape: (20, 20, 24), dst_order: FCR, dst_shape: (20, 20, 20)) >> (UserBuffQEl13scrfd_2_5g/conv57 | timeout: 10s)
[2026-08-31 11:24:20.501] [758484] [HailoRT] [info] [core_op.cpp:156] [activate] Activating scrfd_2_5g took 0.618138 milliseconds. Note that the function is asynchronous and thus the network is not fully activated yet.
[2026-08-31 11:24:20.501] [758484] [HailoRT] [info] [core_op.cpp:156] [activate] Activating scrfd_2_5g took 0.717381 milliseconds. Note that the function is asynchronous and thus the network is not fully activated yet.
[2026-08-31 11:24:20.508] [1216484] [HailoRT] [info] [vdevice_native_stream.cpp:331] [read_impl] Failed read from stream HAILO_STREAM_NOT_ACTIVATED(72) (device: 0001:01:00.0)
[2026-08-31 11:24:20.508] [1216490] [HailoRT] [info] [vdevice_native_stream.cpp:331] [read_impl] Failed read from stream HAILO_STREAM_NOT_ACTIVATED(72) (device: 0001:01:00.0)
[2026-08-31 11:24:20.508] [1216488] [HailoRT] [info] [vdevice_native_stream.cpp:331] [read_impl] Failed read from stream HAILO_STREAM_NOT_ACTIVATED(72) (device: 0001:01:00.0)
[2026-08-31 11:24:20.508] [1216486] [HailoRT] [info] [vdevice_native_stream.cpp:331] [read_impl] Failed read from stream HAILO_STREAM_NOT_ACTIVATED(72) (device: 0001:01:00.0)
[2026-08-31 11:24:20.508] [1216494] [HailoRT] [info] [vdevice_native_stream.cpp:331] [read_impl] Failed read from stream HAILO_STREAM_NOT_ACTIVATED(72) (device: 0001:01:00.0)
[2026-08-31 11:24:20.508] [1216492] [HailoRT] [info] [vdevice_native_stream.cpp:331] [read_impl] Failed read from stream HAILO_STREAM_NOT_ACTIVATED(72) (device: 0001:01:00.0)
[2026-08-31 11:24:20.508] [1216478] [HailoRT] [info] [vdevice_native_stream.cpp:331] [read_impl] Failed read from stream HAILO_STREAM_NOT_ACTIVATED(72) (device: 0001:01:00.0)
[2026-08-31 11:24:20.508] [1216482] [HailoRT] [info] [vdevice_native_stream.cpp:331] [read_impl] Failed read from stream HAILO_STREAM_NOT_ACTIVATED(72) (device: 0001:01:00.0)
[2026-08-31 11:24:20.508] [1216480] [HailoRT] [info] [vdevice_native_stream.cpp:331] [read_impl] Failed read from stream HAILO_STREAM_NOT_ACTIVATED(72) (device: 0001:01:00.0)
[2026-08-31 11:24:20.509] [758484] [HailoRT] [info] [core_op.cpp:186] [deactivate] Deactivating took 0.656287 ms
[2026-08-31 11:24:20.509] [758484] [HailoRT] [info] [core_op.cpp:186] [deactivate] Deactivating took 0.672288 ms
[2026-08-31 11:24:20.509] [1216478] [HailoRT] [info] [queue_elements.cpp:734] [run_in_thread] Shutdown event was signaled in run_pull of queue element PullQEl_hw_read3scrfd_2_5g/conv42!
[2026-08-31 11:24:20.509] [1216479] [HailoRT] [info] [queue_elements.cpp:855] [run_in_thread] Shutdown event was signaled in dequeue of UserBuffQEl3scrfd_2_5g/conv42!
[2026-08-31 11:24:20.509] [1216478] [HailoRT] [info] [queue_elements.cpp:68] [operator()] Thread in element PullQEl_hw_read3scrfd_2_5g/conv42 is not running anymore, exiting..
[2026-08-31 11:24:20.509] [758484] [HailoRT] [info] [queue_elements.cpp:46] [~BaseQueueElement] Queue element PullQEl_hw_read3scrfd_2_5g/conv42 has 0 frames in his Queue on destruction
[2026-08-31 11:24:20.509] [1216479] [HailoRT] [info] [queue_elements.cpp:68] [operator()] Thread in element UserBuffQEl3scrfd_2_5g/conv42 is not running anymore, exiting..
[2026-08-31 11:24:20.509] [758484] [HailoRT] [info] [queue_elements.cpp:46] [~BaseQueueElement] Queue element UserBuffQEl3scrfd_2_5g/conv42 has 0 frames in his Queue on destruction
[2026-08-31 11:24:20.509] [1216480] [HailoRT] [info] [queue_elements.cpp:734] [run_in_thread] Shutdown event was signaled in run_pull of queue element PullQEl_hw_read0scrfd_2_5g/conv43!
[2026-08-31 11:24:20.509] [1216481] [HailoRT] [info] [queue_elements.cpp:855] [run_in_thread] Shutdown event was signaled in dequeue of UserBuffQEl0scrfd_2_5g/conv43!
[2026-08-31 11:24:20.509] [1216480] [HailoRT] [info] [queue_elements.cpp:68] [operator()] Thread in element PullQEl_hw_read0scrfd_2_5g/conv43 is not running anymore, exiting..
[2026-08-31 11:24:20.509] [758484] [HailoRT] [info] [queue_elements.cpp:46] [~BaseQueueElement] Queue element PullQEl_hw_read0scrfd_2_5g/conv43 has 0 frames in his Queue on destruction
[2026-08-31 11:24:20.509] [1216481] [HailoRT] [info] [queue_elements.cpp:68] [operator()] Thread in element UserBuffQEl0scrfd_2_5g/conv43 is not running anymore, exiting..
[2026-08-31 11:24:20.509] [758484] [HailoRT] [info] [queue_elements.cpp:46] [~BaseQueueElement] Queue element UserBuffQEl0scrfd_2_5g/conv43 has 0 frames in his Queue on destruction
[2026-08-31 11:24:20.509] [1216482] [HailoRT] [info] [queue_elements.cpp:734] [run_in_thread] Shutdown event was signaled in run_pull of queue element PullQEl_hw_read2scrfd_2_5g/conv44!
[2026-08-31 11:24:20.509] [1216483] [HailoRT] [info] [queue_elements.cpp:855] [run_in_thread] Shutdown event was signaled in dequeue of UserBuffQEl2scrfd_2_5g/conv44!
[2026-08-31 11:24:20.509] [1216482] [HailoRT] [info] [queue_elements.cpp:68] [operator()] Thread in element PullQEl_hw_read2scrfd_2_5g/conv44 is not running anymore, exiting..
[2026-08-31 11:24:20.510] [758484] [HailoRT] [info] [queue_elements.cpp:46] [~BaseQueueElement] Queue element PullQEl_hw_read2scrfd_2_5g/conv44 has 0 frames in his Queue on destruction
[2026-08-31 11:24:20.510] [1216483] [HailoRT] [info] [queue_elements.cpp:68] [operator()] Thread in element UserBuffQEl2scrfd_2_5g/conv44 is not running anymore, exiting..
[2026-08-31 11:24:20.510] [758484] [HailoRT] [info] [queue_elements.cpp:46] [~BaseQueueElement] Queue element UserBuffQEl2scrfd_2_5g/conv44 has 0 frames in his Queue on destruction
[2026-08-31 11:24:20.510] [1216485] [HailoRT] [info] [queue_elements.cpp:855] [run_in_thread] Shutdown event was signaled in dequeue of UserBuffQEl14scrfd_2_5g/conv49!
[2026-08-31 11:24:20.510] [1216484] [HailoRT] [info] [queue_elements.cpp:734] [run_in_thread] Shutdown event was signaled in run_pull of queue element PullQEl_hw_read14scrfd_2_5g/conv49!
[2026-08-31 11:24:20.510] [1216484] [HailoRT] [info] [queue_elements.cpp:68] [operator()] Thread in element PullQEl_hw_read14scrfd_2_5g/conv49 is not running anymore, exiting..
[2026-08-31 11:24:20.510] [758484] [HailoRT] [info] [queue_elements.cpp:46] [~BaseQueueElement] Queue element PullQEl_hw_read14scrfd_2_5g/conv49 has 0 frames in his Queue on destruction
[2026-08-31 11:24:20.510] [1216485] [HailoRT] [info] [queue_elements.cpp:68] [operator()] Thread in element UserBuffQEl14scrfd_2_5g/conv49 is not running anymore, exiting..
[2026-08-31 11:24:20.510] [758484] [HailoRT] [info] [queue_elements.cpp:46] [~BaseQueueElement] Queue element UserBuffQEl14scrfd_2_5g/conv49 has 0 frames in his Queue on destruction
[2026-08-31 11:24:20.510] [1216486] [HailoRT] [info] [queue_elements.cpp:734] [run_in_thread] Shutdown event was signaled in run_pull of queue element PullQEl_hw_read12scrfd_2_5g/conv50!
[2026-08-31 11:24:20.510] [1216487] [HailoRT] [info] [queue_elements.cpp:855] [run_in_thread] Shutdown event was signaled in dequeue of UserBuffQEl12scrfd_2_5g/conv50!
[2026-08-31 11:24:20.510] [1216486] [HailoRT] [info] [queue_elements.cpp:68] [operator()] Thread in element PullQEl_hw_read12scrfd_2_5g/conv50 is not running anymore, exiting..
[2026-08-31 11:24:20.510] [758484] [HailoRT] [info] [queue_elements.cpp:46] [~BaseQueueElement] Queue element PullQEl_hw_read12scrfd_2_5g/conv50 has 0 frames in his Queue on destruction
[2026-08-31 11:24:20.510] [1216487] [HailoRT] [info] [queue_elements.cpp:68] [operator()] Thread in element UserBuffQEl12scrfd_2_5g/conv50 is not running anymore, exiting..
[2026-08-31 11:24:20.510] [758484] [HailoRT] [info] [queue_elements.cpp:46] [~BaseQueueElement] Queue element UserBuffQEl12scrfd_2_5g/conv50 has 0 frames in his Queue on destruction
[2026-08-31 11:24:20.510] [1216489] [HailoRT] [info] [queue_elements.cpp:855] [run_in_thread] Shutdown event was signaled in dequeue of UserBuffQEl1scrfd_2_5g/conv51!
[2026-08-31 11:24:20.510] [1216488] [HailoRT] [info] [queue_elements.cpp:734] [run_in_thread] Shutdown event was signaled in run_pull of queue element PullQEl_hw_read1scrfd_2_5g/conv51!
[2026-08-31 11:24:20.510] [1216488] [HailoRT] [info] [queue_elements.cpp:68] [operator()] Thread in element PullQEl_hw_read1scrfd_2_5g/conv51 is not running anymore, exiting..
[2026-08-31 11:24:20.510] [758484] [HailoRT] [info] [queue_elements.cpp:46] [~BaseQueueElement] Queue element PullQEl_hw_read1scrfd_2_5g/conv51 has 0 frames in his Queue on destruction
[2026-08-31 11:24:20.510] [1216489] [HailoRT] [info] [queue_elements.cpp:68] [operator()] Thread in element UserBuffQEl1scrfd_2_5g/conv51 is not running anymore, exiting..
[2026-08-31 11:24:20.510] [758484] [HailoRT] [info] [queue_elements.cpp:46] [~BaseQueueElement] Queue element UserBuffQEl1scrfd_2_5g/conv51 has 0 frames in his Queue on destruction
[2026-08-31 11:24:20.510] [1216490] [HailoRT] [info] [queue_elements.cpp:734] [run_in_thread] Shutdown event was signaled in run_pull of queue element PullQEl_hw_read10scrfd_2_5g/conv55!
[2026-08-31 11:24:20.510] [1216491] [HailoRT] [info] [queue_elements.cpp:855] [run_in_thread] Shutdown event was signaled in dequeue of UserBuffQEl10scrfd_2_5g/conv55!
[2026-08-31 11:24:20.510] [1216490] [HailoRT] [info] [queue_elements.cpp:68] [operator()] Thread in element PullQEl_hw_read10scrfd_2_5g/conv55 is not running anymore, exiting..
[2026-08-31 11:24:20.510] [758484] [HailoRT] [info] [queue_elements.cpp:46] [~BaseQueueElement] Queue element PullQEl_hw_read10scrfd_2_5g/conv55 has 0 frames in his Queue on destruction
[2026-08-31 11:24:20.510] [758484] [HailoRT] [info] [queue_elements.cpp:46] [~BaseQueueElement] Queue element UserBuffQEl10scrfd_2_5g/conv55 has 0 frames in his Queue on destruction
[2026-08-31 11:24:20.510] [1216492] [HailoRT] [info] [queue_elements.cpp:734] [run_in_thread] Shutdown event was signaled in run_pull of queue element PullQEl_hw_read9scrfd_2_5g/conv56!
[2026-08-31 11:24:20.510] [1216493] [HailoRT] [info] [queue_elements.cpp:855] [run_in_thread] Shutdown event was signaled in dequeue of UserBuffQEl9scrfd_2_5g/conv56!
[2026-08-31 11:24:20.510] [1216492] [HailoRT] [info] [queue_elements.cpp:68] [operator()] Thread in element PullQEl_hw_read9scrfd_2_5g/conv56 is not running anymore, exiting..
[2026-08-31 11:24:20.510] [758484] [HailoRT] [info] [queue_elements.cpp:46] [~BaseQueueElement] Queue element PullQEl_hw_read9scrfd_2_5g/conv56 has 0 frames in his Queue on destruction
[2026-08-31 11:24:20.510] [1216493] [HailoRT] [info] [queue_elements.cpp:68] [operator()] Thread in element UserBuffQEl9scrfd_2_5g/conv56 is not running anymore, exiting..
[2026-08-31 11:24:20.510] [758484] [HailoRT] [info] [queue_elements.cpp:46] [~BaseQueueElement] Queue element UserBuffQEl9scrfd_2_5g/conv56 has 0 frames in his Queue on destruction
[2026-08-31 11:24:20.510] [1216494] [HailoRT] [info] [queue_elements.cpp:734] [run_in_thread] Shutdown event was signaled in run_pull of queue element PullQEl_hw_read13scrfd_2_5g/conv57!
[2026-08-31 11:24:20.510] [1216495] [HailoRT] [info] [queue_elements.cpp:855] [run_in_thread] Shutdown event was signaled in dequeue of UserBuffQEl13scrfd_2_5g/conv57!
[2026-08-31 11:24:20.511] [1216494] [HailoRT] [info] [queue_elements.cpp:68] [operator()] Thread in element PullQEl_hw_read13scrfd_2_5g/conv57 is not running anymore, exiting..
[2026-08-31 11:24:20.511] [758484] [HailoRT] [info] [queue_elements.cpp:46] [~BaseQueueElement] Queue element PullQEl_hw_read13scrfd_2_5g/conv57 has 0 frames in his Queue on destruction
[2026-08-31 11:24:20.511] [758484] [HailoRT] [info] [queue_elements.cpp:46] [~BaseQueueElement] Queue element UserBuffQEl13scrfd_2_5g/conv57 has 0 frames in his Queue on destruction
[2026-08-31 11:24:20.592] [758484] [HailoRT] [info] [edge_elements.cpp:52] [create] Created (HwWriteEl3scrfd_2_5g/input_layer1 | hw_frame_size: 1228800)
[2026-08-31 11:24:20.592] [758484] [HailoRT] [info] [vstream.cpp:754] [InputVStreamImpl] Creating scrfd_2_5g/input_layer1...
[2026-08-31 11:24:20.592] [758484] [HailoRT] [info] [vstream_builder.cpp:102] [create_inputs] Input pipeline 'scrfd_2_5g/input_layer1': (HwWriteEl3scrfd_2_5g/input_layer1 | hw_frame_size: 1228800) >> HW
[2026-08-31 11:24:20.592] [758484] [HailoRT] [info] [edge_elements.cpp:287] [create] Created (HwReadEl3scrfd_2_5g/conv42 | hw_frame_size: 12800)
[2026-08-31 11:24:20.592] [758484] [HailoRT] [info] [queue_elements.cpp:657] [create] Created (PullQEl_hw_read3scrfd_2_5g/conv42)
[2026-08-31 11:24:20.592] [758484] [HailoRT] [info] [filter_elements.cpp:372] [create] Created (PostInferEl3scrfd_2_5g/conv42 | Quantization - src_type: UINT8, dst_type FLOAT32, limvals_min: 0, limvals_max: 1)
[2026-08-31 11:24:20.593] [758484] [HailoRT] [info] [queue_elements.cpp:800] [create] Created (UserBuffQEl3scrfd_2_5g/conv42 | timeout: 10s)
[2026-08-31 11:24:20.593] [758484] [HailoRT] [info] [vstream.cpp:1114] [OutputVStreamImpl] Creating scrfd_2_5g/conv42...
[2026-08-31 11:24:20.593] [758484] [HailoRT] [info] [vstream_builder.cpp:220] [create_outputs] Output pipeline 'scrfd_2_5g/conv42': HW >> (HwReadEl3scrfd_2_5g/conv42 | hw_frame_size: 12800) >> (PullQEl_hw_read3scrfd_2_5g/conv42) >> (PostInferEl3scrfd_2_5g/conv42 | Quantization - src_type: UINT8, dst_type FLOAT32, limvals_min: 0, limvals_max: 1) >> (UserBuffQEl3scrfd_2_5g/conv42 | timeout: 10s)
[2026-08-31 11:24:20.593] [758484] [HailoRT] [info] [edge_elements.cpp:287] [create] Created (HwReadEl0scrfd_2_5g/conv43 | hw_frame_size: 51200)
[2026-08-31 11:24:20.593] [758484] [HailoRT] [info] [queue_elements.cpp:657] [create] Created (PullQEl_hw_read0scrfd_2_5g/conv43)
[2026-08-31 11:24:20.593] [758484] [HailoRT] [info] [filter_elements.cpp:372] [create] Created (PostInferEl0scrfd_2_5g/conv43 | Quantization - src_type: UINT8, dst_type FLOAT32, limvals_min: -0.0793963, limvals_max: 4.98212)
[2026-08-31 11:24:20.593] [758484] [HailoRT] [info] [queue_elements.cpp:800] [create] Created (UserBuffQEl0scrfd_2_5g/conv43 | timeout: 10s)
[2026-08-31 11:24:20.593] [758484] [HailoRT] [info] [vstream.cpp:1114] [OutputVStreamImpl] Creating scrfd_2_5g/conv43...
[2026-08-31 11:24:20.593] [758484] [HailoRT] [info] [vstream_builder.cpp:220] [create_outputs] Output pipeline 'scrfd_2_5g/conv43': HW >> (HwReadEl0scrfd_2_5g/conv43 | hw_frame_size: 51200) >> (PullQEl_hw_read0scrfd_2_5g/conv43) >> (PostInferEl0scrfd_2_5g/conv43 | Quantization - src_type: UINT8, dst_type FLOAT32, limvals_min: -0.0793963, limvals_max: 4.98212) >> (UserBuffQEl0scrfd_2_5g/conv43 | timeout: 10s)
[2026-08-31 11:24:20.593] [758484] [HailoRT] [info] [edge_elements.cpp:287] [create] Created (HwReadEl2scrfd_2_5g/conv44 | hw_frame_size: 153600)
[2026-08-31 11:24:20.593] [758484] [HailoRT] [info] [queue_elements.cpp:657] [create] Created (PullQEl_hw_read2scrfd_2_5g/conv44)
[2026-08-31 11:24:20.593] [758484] [HailoRT] [info] [filter_elements.cpp:372] [create] Created (PostInferEl2scrfd_2_5g/conv44 | Quantization - src_type: UINT8, dst_type FLOAT32, limvals_min: -3.16292, limvals_max: 3.50274 | Reorder - src_order: FCR, src_shape: (80, 80, 24), dst_order: FCR, dst_shape: (80, 80, 20))
[2026-08-31 11:24:20.593] [758484] [HailoRT] [info] [queue_elements.cpp:800] [create] Created (UserBuffQEl2scrfd_2_5g/conv44 | timeout: 10s)
[2026-08-31 11:24:20.593] [758484] [HailoRT] [info] [vstream.cpp:1114] [OutputVStreamImpl] Creating scrfd_2_5g/conv44...
[2026-08-31 11:24:20.593] [758484] [HailoRT] [info] [vstream_builder.cpp:220] [create_outputs] Output pipeline 'scrfd_2_5g/conv44': HW >> (HwReadEl2scrfd_2_5g/conv44 | hw_frame_size: 153600) >> (PullQEl_hw_read2scrfd_2_5g/conv44) >> (PostInferEl2scrfd_2_5g/conv44 | Quantization - src_type: UINT8, dst_type FLOAT32, limvals_min: -3.16292, limvals_max: 3.50274 | Reorder - src_order: FCR, src_shape: (80, 80, 24), dst_order: FCR, dst_shape: (80, 80, 20)) >> (UserBuffQEl2scrfd_2_5g/conv44 | timeout: 10s)
[2026-08-31 11:24:20.593] [758484] [HailoRT] [info] [edge_elements.cpp:287] [create] Created (HwReadEl14scrfd_2_5g/conv49 | hw_frame_size: 3200)
[2026-08-31 11:24:20.594] [758484] [HailoRT] [info] [queue_elements.cpp:657] [create] Created (PullQEl_hw_read14scrfd_2_5g/conv49)
[2026-08-31 11:24:20.594] [758484] [HailoRT] [info] [filter_elements.cpp:372] [create] Created (PostInferEl14scrfd_2_5g/conv49 | Quantization - src_type: UINT8, dst_type FLOAT32, limvals_min: 0, limvals_max: 1)
[2026-08-31 11:24:20.594] [758484] [HailoRT] [info] [queue_elements.cpp:800] [create] Created (UserBuffQEl14scrfd_2_5g/conv49 | timeout: 10s)
[2026-08-31 11:24:20.594] [758484] [HailoRT] [info] [vstream.cpp:1114] [OutputVStreamImpl] Creating scrfd_2_5g/conv49...
[2026-08-31 11:24:20.594] [758484] [HailoRT] [info] [vstream_builder.cpp:220] [create_outputs] Output pipeline 'scrfd_2_5g/conv49': HW >> (HwReadEl14scrfd_2_5g/conv49 | hw_frame_size: 3200) >> (PullQEl_hw_read14scrfd_2_5g/conv49) >> (PostInferEl14scrfd_2_5g/conv49 | Quantization - src_type: UINT8, dst_type FLOAT32, limvals_min: 0, limvals_max: 1) >> (UserBuffQEl14scrfd_2_5g/conv49 | timeout: 10s)
[2026-08-31 11:24:20.594] [758484] [HailoRT] [info] [edge_elements.cpp:287] [create] Created (HwReadEl12scrfd_2_5g/conv50 | hw_frame_size: 12800)
[2026-08-31 11:24:20.594] [758484] [HailoRT] [info] [queue_elements.cpp:657] [create] Created (PullQEl_hw_read12scrfd_2_5g/conv50)
[2026-08-31 11:24:20.594] [758484] [HailoRT] [info] [filter_elements.cpp:372] [create] Created (PostInferEl12scrfd_2_5g/conv50 | Quantization - src_type: UINT8, dst_type FLOAT32, limvals_min: 0, limvals_max: 8.10626)
[2026-08-31 11:24:20.594] [758484] [HailoRT] [info] [queue_elements.cpp:800] [create] Created (UserBuffQEl12scrfd_2_5g/conv50 | timeout: 10s)
[2026-08-31 11:24:20.594] [758484] [HailoRT] [info] [vstream.cpp:1114] [OutputVStreamImpl] Creating scrfd_2_5g/conv50...
[2026-08-31 11:24:20.594] [758484] [HailoRT] [info] [vstream_builder.cpp:220] [create_outputs] Output pipeline 'scrfd_2_5g/conv50': HW >> (HwReadEl12scrfd_2_5g/conv50 | hw_frame_size: 12800) >> (PullQEl_hw_read12scrfd_2_5g/conv50) >> (PostInferEl12scrfd_2_5g/conv50 | Quantization - src_type: UINT8, dst_type FLOAT32, limvals_min: 0, limvals_max: 8.10626) >> (UserBuffQEl12scrfd_2_5g/conv50 | timeout: 10s)
[2026-08-31 11:24:20.594] [758484] [HailoRT] [info] [edge_elements.cpp:287] [create] Created (HwReadEl1scrfd_2_5g/conv51 | hw_frame_size: 38400)
[2026-08-31 11:24:20.594] [758484] [HailoRT] [info] [queue_elements.cpp:657] [create] Created (PullQEl_hw_read1scrfd_2_5g/conv51)
[2026-08-31 11:24:20.594] [758484] [HailoRT] [info] [filter_elements.cpp:372] [create] Created (PostInferEl1scrfd_2_5g/conv51 | Quantization - src_type: UINT8, dst_type FLOAT32, limvals_min: -4.24698, limvals_max: 5.17024 | Reorder - src_order: FCR, src_shape: (40, 40, 24), dst_order: FCR, dst_shape: (40, 40, 20))
[2026-08-31 11:24:20.594] [758484] [HailoRT] [info] [queue_elements.cpp:800] [create] Created (UserBuffQEl1scrfd_2_5g/conv51 | timeout: 10s)
[2026-08-31 11:24:20.595] [758484] [HailoRT] [info] [vstream.cpp:1114] [OutputVStreamImpl] Creating scrfd_2_5g/conv51...
[2026-08-31 11:24:20.595] [758484] [HailoRT] [info] [vstream_builder.cpp:220] [create_outputs] Output pipeline 'scrfd_2_5g/conv51': HW >> (HwReadEl1scrfd_2_5g/conv51 | hw_frame_size: 38400) >> (PullQEl_hw_read1scrfd_2_5g/conv51) >> (PostInferEl1scrfd_2_5g/conv51 | Quantization - src_type: UINT8, dst_type FLOAT32, limvals_min: -4.24698, limvals_max: 5.17024 | Reorder - src_order: FCR, src_shape: (40, 40, 24), dst_order: FCR, dst_shape: (40, 40, 20)) >> (UserBuffQEl1scrfd_2_5g/conv51 | timeout: 10s)
[2026-08-31 11:24:20.595] [758484] [HailoRT] [info] [edge_elements.cpp:287] [create] Created (HwReadEl10scrfd_2_5g/conv55 | hw_frame_size: 800)
[2026-08-31 11:24:20.595] [758484] [HailoRT] [info] [queue_elements.cpp:657] [create] Created (PullQEl_hw_read10scrfd_2_5g/conv55)
[2026-08-31 11:24:20.595] [758484] [HailoRT] [info] [filter_elements.cpp:372] [create] Created (PostInferEl10scrfd_2_5g/conv55 | Quantization - src_type: UINT8, dst_type FLOAT32, limvals_min: 0, limvals_max: 1 | Reorder - src_order: NHCW, src_shape: (20, 20, 2), dst_order: NHWC, dst_shape: (20, 20, 2))
[2026-08-31 11:24:20.595] [758484] [HailoRT] [info] [queue_elements.cpp:800] [create] Created (UserBuffQEl10scrfd_2_5g/conv55 | timeout: 10s)
[2026-08-31 11:24:20.595] [758484] [HailoRT] [info] [vstream.cpp:1114] [OutputVStreamImpl] Creating scrfd_2_5g/conv55...
[2026-08-31 11:24:20.595] [758484] [HailoRT] [info] [vstream_builder.cpp:220] [create_outputs] Output pipeline 'scrfd_2_5g/conv55': HW >> (HwReadEl10scrfd_2_5g/conv55 | hw_frame_size: 800) >> (PullQEl_hw_read10scrfd_2_5g/conv55) >> (PostInferEl10scrfd_2_5g/conv55 | Quantization - src_type: UINT8, dst_type FLOAT32, limvals_min: 0, limvals_max: 1 | Reorder - src_order: NHCW, src_shape: (20, 20, 2), dst_order: NHWC, dst_shape: (20, 20, 2)) >> (UserBuffQEl10scrfd_2_5g/conv55 | timeout: 10s)
[2026-08-31 11:24:20.595] [758484] [HailoRT] [info] [edge_elements.cpp:287] [create] Created (HwReadEl9scrfd_2_5g/conv56 | hw_frame_size: 3200)
[2026-08-31 11:24:20.595] [758484] [HailoRT] [info] [queue_elements.cpp:657] [create] Created (PullQEl_hw_read9scrfd_2_5g/conv56)
[2026-08-31 11:24:20.595] [758484] [HailoRT] [info] [filter_elements.cpp:372] [create] Created (PostInferEl9scrfd_2_5g/conv56 | Quantization - src_type: UINT8, dst_type FLOAT32, limvals_min: -0.0299247, limvals_max: 7.60086 | Reorder - src_order: NHCW, src_shape: (20, 20, 8), dst_order: NHWC, dst_shape: (20, 20, 8))
[2026-08-31 11:24:20.595] [758484] [HailoRT] [info] [queue_elements.cpp:800] [create] Created (UserBuffQEl9scrfd_2_5g/conv56 | timeout: 10s)
[2026-08-31 11:24:20.595] [758484] [HailoRT] [info] [vstream.cpp:1114] [OutputVStreamImpl] Creating scrfd_2_5g/conv56...
[2026-08-31 11:24:20.595] [758484] [HailoRT] [info] [vstream_builder.cpp:220] [create_outputs] Output pipeline 'scrfd_2_5g/conv56': HW >> (HwReadEl9scrfd_2_5g/conv56 | hw_frame_size: 3200) >> (PullQEl_hw_read9scrfd_2_5g/conv56) >> (PostInferEl9scrfd_2_5g/conv56 | Quantization - src_type: UINT8, dst_type FLOAT32, limvals_min: -0.0299247, limvals_max: 7.60086 | Reorder - src_order: NHCW, src_shape: (20, 20, 8), dst_order: NHWC, dst_shape: (20, 20, 8)) >> (UserBuffQEl9scrfd_2_5g/conv56 | timeout: 10s)
[2026-08-31 11:24:20.595] [758484] [HailoRT] [info] [edge_elements.cpp:287] [create] Created (HwReadEl13scrfd_2_5g/conv57 | hw_frame_size: 9600)
[2026-08-31 11:24:20.596] [758484] [HailoRT] [info] [queue_elements.cpp:657] [create] Created (PullQEl_hw_read13scrfd_2_5g/conv57)
[2026-08-31 11:24:20.596] [758484] [HailoRT] [info] [filter_elements.cpp:372] [create] Created (PostInferEl13scrfd_2_5g/conv57 | Quantization - src_type: UINT8, dst_type FLOAT32, limvals_min: -4.03285, limvals_max: 5.14908 | Reorder - src_order: FCR, src_shape: (20, 20, 24), dst_order: FCR, dst_shape: (20, 20, 20))
[2026-08-31 11:24:20.596] [758484] [HailoRT] [info] [queue_elements.cpp:800] [create] Created (UserBuffQEl13scrfd_2_5g/conv57 | timeout: 10s)
[2026-08-31 11:24:20.596] [758484] [HailoRT] [info] [vstream.cpp:1114] [OutputVStreamImpl] Creating scrfd_2_5g/conv57...
[2026-08-31 11:24:20.596] [758484] [HailoRT] [info] [vstream_builder.cpp:220] [create_outputs] Output pipeline 'scrfd_2_5g/conv57': HW >> (HwReadEl13scrfd_2_5g/conv57 | hw_frame_size: 9600) >> (PullQEl_hw_read13scrfd_2_5g/conv57) >> (PostInferEl13scrfd_2_5g/conv57 | Quantization - src_type: UINT8, dst_type FLOAT32, limvals_min: -4.03285, limvals_max: 5.14908 | Reorder - src_order: FCR, src_shape: (20, 20, 24), dst_order: FCR, dst_shape: (20, 20, 20)) >> (UserBuffQEl13scrfd_2_5g/conv57 | timeout: 10s)
[2026-08-31 11:24:20.597] [758484] [HailoRT] [info] [core_op.cpp:156] [activate] Activating scrfd_2_5g took 0.98131 milliseconds. Note that the function is asynchronous and thus the network is not fully activated yet.
[2026-08-31 11:24:20.597] [758484] [HailoRT] [info] [core_op.cpp:156] [activate] Activating scrfd_2_5g took 0.999607 milliseconds. Note that the function is asynchronous and thus the network is not fully activated yet.
[2026-08-31 11:24:20.604] [1216512] [HailoRT] [info] [vdevice_native_stream.cpp:331] [read_impl] Failed read from stream HAILO_STREAM_NOT_ACTIVATED(72) (device: 0001:01:00.0)
[2026-08-31 11:24:20.604] [1216514] [HailoRT] [info] [vdevice_native_stream.cpp:331] [read_impl] Failed read from stream HAILO_STREAM_NOT_ACTIVATED(72) (device: 0001:01:00.0)
[2026-08-31 11:24:20.604] [1216518] [HailoRT] [info] [vdevice_native_stream.cpp:331] [read_impl] Failed read from stream HAILO_STREAM_NOT_ACTIVATED(72) (device: 0001:01:00.0)
[2026-08-31 11:24:20.604] [1216522] [HailoRT] [info] [vdevice_native_stream.cpp:331] [read_impl] Failed read from stream HAILO_STREAM_NOT_ACTIVATED(72) (device: 0001:01:00.0)
[2026-08-31 11:24:20.604] [1216508] [HailoRT] [info] [vdevice_native_stream.cpp:331] [read_impl] Failed read from stream HAILO_STREAM_NOT_ACTIVATED(72) (device: 0001:01:00.0)
[2026-08-31 11:24:20.604] [1216506] [HailoRT] [info] [vdevice_native_stream.cpp:331] [read_impl] Failed read from stream HAILO_STREAM_NOT_ACTIVATED(72) (device: 0001:01:00.0)
[2026-08-31 11:24:20.604] [1216516] [HailoRT] [info] [vdevice_native_stream.cpp:331] [read_impl] Failed read from stream HAILO_STREAM_NOT_ACTIVATED(72) (device: 0001:01:00.0)
[2026-08-31 11:24:20.604] [1216520] [HailoRT] [info] [vdevice_native_stream.cpp:331] [read_impl] Failed read from stream HAILO_STREAM_NOT_ACTIVATED(72) (device: 0001:01:00.0)
[2026-08-31 11:24:20.604] [1216510] [HailoRT] [info] [vdevice_native_stream.cpp:331] [read_impl] Failed read from stream HAILO_STREAM_NOT_ACTIVATED(72) (device: 0001:01:00.0)
[2026-08-31 11:24:20.605] [758484] [HailoRT] [info] [core_op.cpp:186] [deactivate] Deactivating took 0.769789 ms
[2026-08-31 11:24:20.605] [758484] [HailoRT] [info] [core_op.cpp:186] [deactivate] Deactivating took 0.792382 ms
[2026-08-31 11:24:20.605] [1216506] [HailoRT] [info] [queue_elements.cpp:734] [run_in_thread] Shutdown event was signaled in run_pull of queue element PullQEl_hw_read3scrfd_2_5g/conv42!
[2026-08-31 11:24:20.605] [1216507] [HailoRT] [info] [queue_elements.cpp:855] [run_in_thread] Shutdown event was signaled in dequeue of UserBuffQEl3scrfd_2_5g/conv42!
[2026-08-31 11:24:20.605] [1216506] [HailoRT] [info] [queue_elements.cpp:68] [operator()] Thread in element PullQEl_hw_read3scrfd_2_5g/conv42 is not running anymore, exiting..
[2026-08-31 11:24:20.605] [758484] [HailoRT] [info] [queue_elements.cpp:46] [~BaseQueueElement] Queue element PullQEl_hw_read3scrfd_2_5g/conv42 has 0 frames in his Queue on destruction
[2026-08-31 11:24:20.605] [1216507] [HailoRT] [info] [queue_elements.cpp:68] [operator()] Thread in element UserBuffQEl3scrfd_2_5g/conv42 is not running anymore, exiting..
[2026-08-31 11:24:20.605] [758484] [HailoRT] [info] [queue_elements.cpp:46] [~BaseQueueElement] Queue element UserBuffQEl3scrfd_2_5g/conv42 has 0 frames in his Queue on destruction
[2026-08-31 11:24:20.605] [1216508] [HailoRT] [info] [queue_elements.cpp:734] [run_in_thread] Shutdown event was signaled in run_pull of queue element PullQEl_hw_read0scrfd_2_5g/conv43!
[2026-08-31 11:24:20.605] [1216509] [HailoRT] [info] [queue_elements.cpp:855] [run_in_thread] Shutdown event was signaled in dequeue of UserBuffQEl0scrfd_2_5g/conv43!
[2026-08-31 11:24:20.605] [1216508] [HailoRT] [info] [queue_elements.cpp:68] [operator()] Thread in element PullQEl_hw_read0scrfd_2_5g/conv43 is not running anymore, exiting..
[2026-08-31 11:24:20.605] [758484] [HailoRT] [info] [queue_elements.cpp:46] [~BaseQueueElement] Queue element PullQEl_hw_read0scrfd_2_5g/conv43 has 0 frames in his Queue on destruction
[2026-08-31 11:24:20.605] [1216509] [HailoRT] [info] [queue_elements.cpp:68] [operator()] Thread in element UserBuffQEl0scrfd_2_5g/conv43 is not running anymore, exiting..
[2026-08-31 11:24:20.605] [758484] [HailoRT] [info] [queue_elements.cpp:46] [~BaseQueueElement] Queue element UserBuffQEl0scrfd_2_5g/conv43 has 0 frames in his Queue on destruction
[2026-08-31 11:24:20.605] [1216510] [HailoRT] [info] [queue_elements.cpp:734] [run_in_thread] Shutdown event was signaled in run_pull of queue element PullQEl_hw_read2scrfd_2_5g/conv44!
[2026-08-31 11:24:20.605] [1216511] [HailoRT] [info] [queue_elements.cpp:855] [run_in_thread] Shutdown event was signaled in dequeue of UserBuffQEl2scrfd_2_5g/conv44!
[2026-08-31 11:24:20.605] [1216510] [HailoRT] [info] [queue_elements.cpp:68] [operator()] Thread in element PullQEl_hw_read2scrfd_2_5g/conv44 is not running anymore, exiting..
[2026-08-31 11:24:20.606] [758484] [HailoRT] [info] [queue_elements.cpp:46] [~BaseQueueElement] Queue element PullQEl_hw_read2scrfd_2_5g/conv44 has 0 frames in his Queue on destruction
[2026-08-31 11:24:20.606] [1216511] [HailoRT] [info] [queue_elements.cpp:68] [operator()] Thread in element UserBuffQEl2scrfd_2_5g/conv44 is not running anymore, exiting..
[2026-08-31 11:24:20.606] [758484] [HailoRT] [info] [queue_elements.cpp:46] [~BaseQueueElement] Queue element UserBuffQEl2scrfd_2_5g/conv44 has 0 frames in his Queue on destruction
[2026-08-31 11:24:20.606] [1216512] [HailoRT] [info] [queue_elements.cpp:734] [run_in_thread] Shutdown event was signaled in run_pull of queue element PullQEl_hw_read14scrfd_2_5g/conv49!
[2026-08-31 11:24:20.606] [1216513] [HailoRT] [info] [queue_elements.cpp:855] [run_in_thread] Shutdown event was signaled in dequeue of UserBuffQEl14scrfd_2_5g/conv49!
[2026-08-31 11:24:20.606] [1216512] [HailoRT] [info] [queue_elements.cpp:68] [operator()] Thread in element PullQEl_hw_read14scrfd_2_5g/conv49 is not running anymore, exiting..
[2026-08-31 11:24:20.606] [758484] [HailoRT] [info] [queue_elements.cpp:46] [~BaseQueueElement] Queue element PullQEl_hw_read14scrfd_2_5g/conv49 has 0 frames in his Queue on destruction
[2026-08-31 11:24:20.606] [1216513] [HailoRT] [info] [queue_elements.cpp:68] [operator()] Thread in element UserBuffQEl14scrfd_2_5g/conv49 is not running anymore, exiting..
[2026-08-31 11:24:20.606] [758484] [HailoRT] [info] [queue_elements.cpp:46] [~BaseQueueElement] Queue element UserBuffQEl14scrfd_2_5g/conv49 has 0 frames in his Queue on destruction
[2026-08-31 11:24:20.606] [1216515] [HailoRT] [info] [queue_elements.cpp:855] [run_in_thread] Shutdown event was signaled in dequeue of UserBuffQEl12scrfd_2_5g/conv50!
[2026-08-31 11:24:20.606] [1216514] [HailoRT] [info] [queue_elements.cpp:734] [run_in_thread] Shutdown event was signaled in run_pull of queue element PullQEl_hw_read12scrfd_2_5g/conv50!
[2026-08-31 11:24:20.606] [1216514] [HailoRT] [info] [queue_elements.cpp:68] [operator()] Thread in element PullQEl_hw_read12scrfd_2_5g/conv50 is not running anymore, exiting..
[2026-08-31 11:24:20.606] [758484] [HailoRT] [info] [queue_elements.cpp:46] [~BaseQueueElement] Queue element PullQEl_hw_read12scrfd_2_5g/conv50 has 0 frames in his Queue on destruction
[2026-08-31 11:24:20.606] [1216515] [HailoRT] [info] [queue_elements.cpp:68] [operator()] Thread in element UserBuffQEl12scrfd_2_5g/conv50 is not running anymore, exiting..
[2026-08-31 11:24:20.606] [758484] [HailoRT] [info] [queue_elements.cpp:46] [~BaseQueueElement] Queue element UserBuffQEl12scrfd_2_5g/conv50 has 0 frames in his Queue on destruction
[2026-08-31 11:24:20.606] [1216516] [HailoRT] [info] [queue_elements.cpp:734] [run_in_thread] Shutdown event was signaled in run_pull of queue element PullQEl_hw_read1scrfd_2_5g/conv51!
[2026-08-31 11:24:20.606] [1216517] [HailoRT] [info] [queue_elements.cpp:855] [run_in_thread] Shutdown event was signaled in dequeue of UserBuffQEl1scrfd_2_5g/conv51!
[2026-08-31 11:24:20.606] [1216516] [HailoRT] [info] [queue_elements.cpp:68] [operator()] Thread in element PullQEl_hw_read1scrfd_2_5g/conv51 is not running anymore, exiting..
[2026-08-31 11:24:20.606] [758484] [HailoRT] [info] [queue_elements.cpp:46] [~BaseQueueElement] Queue element PullQEl_hw_read1scrfd_2_5g/conv51 has 0 frames in his Queue on destruction
[2026-08-31 11:24:20.606] [1216517] [HailoRT] [info] [queue_elements.cpp:68] [operator()] Thread in element UserBuffQEl1scrfd_2_5g/conv51 is not running anymore, exiting..
[2026-08-31 11:24:20.606] [758484] [HailoRT] [info] [queue_elements.cpp:46] [~BaseQueueElement] Queue element UserBuffQEl1scrfd_2_5g/conv51 has 0 frames in his Queue on destruction
[2026-08-31 11:24:20.607] [1216519] [HailoRT] [info] [queue_elements.cpp:855] [run_in_thread] Shutdown event was signaled in dequeue of UserBuffQEl10scrfd_2_5g/conv55!
[2026-08-31 11:24:20.607] [1216518] [HailoRT] [info] [queue_elements.cpp:734] [run_in_thread] Shutdown event was signaled in run_pull of queue element PullQEl_hw_read10scrfd_2_5g/conv55!
[2026-08-31 11:24:20.607] [1216518] [HailoRT] [info] [queue_elements.cpp:68] [operator()] Thread in element PullQEl_hw_read10scrfd_2_5g/conv55 is not running anymore, exiting..
[2026-08-31 11:24:20.607] [758484] [HailoRT] [info] [queue_elements.cpp:46] [~BaseQueueElement] Queue element PullQEl_hw_read10scrfd_2_5g/conv55 has 0 frames in his Queue on destruction
[2026-08-31 11:24:20.607] [1216519] [HailoRT] [info] [queue_elements.cpp:68] [operator()] Thread in element UserBuffQEl10scrfd_2_5g/conv55 is not running anymore, exiting..
[2026-08-31 11:24:20.607] [758484] [HailoRT] [info] [queue_elements.cpp:46] [~BaseQueueElement] Queue element UserBuffQEl10scrfd_2_5g/conv55 has 0 frames in his Queue on destruction
[2026-08-31 11:24:20.607] [1216521] [HailoRT] [info] [queue_elements.cpp:855] [run_in_thread] Shutdown event was signaled in dequeue of UserBuffQEl9scrfd_2_5g/conv56!
[2026-08-31 11:24:20.607] [1216520] [HailoRT] [info] [queue_elements.cpp:734] [run_in_thread] Shutdown event was signaled in run_pull of queue element PullQEl_hw_read9scrfd_2_5g/conv56!
[2026-08-31 11:24:20.607] [1216520] [HailoRT] [info] [queue_elements.cpp:68] [operator()] Thread in element PullQEl_hw_read9scrfd_2_5g/conv56 is not running anymore, exiting..
[2026-08-31 11:24:20.607] [758484] [HailoRT] [info] [queue_elements.cpp:46] [~BaseQueueElement] Queue element PullQEl_hw_read9scrfd_2_5g/conv56 has 0 frames in his Queue on destruction
[2026-08-31 11:24:20.607] [1216521] [HailoRT] [info] [queue_elements.cpp:68] [operator()] Thread in element UserBuffQEl9scrfd_2_5g/conv56 is not running anymore, exiting..
[2026-08-31 11:24:20.607] [758484] [HailoRT] [info] [queue_elements.cpp:46] [~BaseQueueElement] Queue element UserBuffQEl9scrfd_2_5g/conv56 has 0 frames in his Queue on destruction
[2026-08-31 11:24:20.607] [1216523] [HailoRT] [info] [queue_elements.cpp:855] [run_in_thread] Shutdown event was signaled in dequeue of UserBuffQEl13scrfd_2_5g/conv57!
[2026-08-31 11:24:20.607] [1216522] [HailoRT] [info] [queue_elements.cpp:734] [run_in_thread] Shutdown event was signaled in run_pull of queue element PullQEl_hw_read13scrfd_2_5g/conv57!
[2026-08-31 11:24:20.607] [1216522] [HailoRT] [info] [queue_elements.cpp:68] [operator()] Thread in element PullQEl_hw_read13scrfd_2_5g/conv57 is not running anymore, exiting..
[2026-08-31 11:24:20.607] [758484] [HailoRT] [info] [queue_elements.cpp:46] [~BaseQueueElement] Queue element PullQEl_hw_read13scrfd_2_5g/conv57 has 0 frames in his Queue on destruction
[2026-08-31 11:24:20.607] [1216523] [HailoRT] [info] [queue_elements.cpp:68] [operator()] Thread in element UserBuffQEl13scrfd_2_5g/conv57 is not running anymore, exiting..
[2026-08-31 11:24:20.607] [758484] [HailoRT] [info] [queue_elements.cpp:46] [~BaseQueueElement] Queue element UserBuffQEl13scrfd_2_5g/conv57 has 0 frames in his Queue on destruction
[2026-08-31 11:24:20.682] [758484] [HailoRT] [info] [edge_elements.cpp:52] [create] Created (HwWriteEl3scrfd_2_5g/input_layer1 | hw_frame_size: 1228800)
[2026-08-31 11:24:20.682] [758484] [HailoRT] [info] [vstream.cpp:754] [InputVStreamImpl] Creating scrfd_2_5g/input_layer1...
[2026-08-31 11:24:20.682] [758484] [HailoRT] [info] [vstream_builder.cpp:102] [create_inputs] Input pipeline 'scrfd_2_5g/input_layer1': (HwWriteEl3scrfd_2_5g/input_layer1 | hw_frame_size: 1228800) >> HW
[2026-08-31 11:24:20.682] [758484] [HailoRT] [info] [edge_elements.cpp:287] [create] Created (HwReadEl3scrfd_2_5g/conv42 | hw_frame_size: 12800)
[2026-08-31 11:24:20.685] [758484] [HailoRT] [info] [queue_elements.cpp:657] [create] Created (PullQEl_hw_read3scrfd_2_5g/conv42)
[2026-08-31 11:24:20.685] [758484] [HailoRT] [info] [filter_elements.cpp:372] [create] Created (PostInferEl3scrfd_2_5g/conv42 | Quantization - src_type: UINT8, dst_type FLOAT32, limvals_min: 0, limvals_max: 1)
[2026-08-31 11:24:20.685] [758484] [HailoRT] [info] [queue_elements.cpp:800] [create] Created (UserBuffQEl3scrfd_2_5g/conv42 | timeout: 10s)
[2026-08-31 11:24:20.685] [758484] [HailoRT] [info] [vstream.cpp:1114] [OutputVStreamImpl] Creating scrfd_2_5g/conv42...
[2026-08-31 11:24:20.685] [758484] [HailoRT] [info] [vstream_builder.cpp:220] [create_outputs] Output pipeline 'scrfd_2_5g/conv42': HW >> (HwReadEl3scrfd_2_5g/conv42 | hw_frame_size: 12800) >> (PullQEl_hw_read3scrfd_2_5g/conv42) >> (PostInferEl3scrfd_2_5g/conv42 | Quantization - src_type: UINT8, dst_type FLOAT32, limvals_min: 0, limvals_max: 1) >> (UserBuffQEl3scrfd_2_5g/conv42 | timeout: 10s)
[2026-08-31 11:24:20.685] [758484] [HailoRT] [info] [edge_elements.cpp:287] [create] Created (HwReadEl0scrfd_2_5g/conv43 | hw_frame_size: 51200)
[2026-08-31 11:24:20.685] [758484] [HailoRT] [info] [queue_elements.cpp:657] [create] Created (PullQEl_hw_read0scrfd_2_5g/conv43)
[2026-08-31 11:24:20.685] [758484] [HailoRT] [info] [filter_elements.cpp:372] [create] Created (PostInferEl0scrfd_2_5g/conv43 | Quantization - src_type: UINT8, dst_type FLOAT32, limvals_min: -0.0793963, limvals_max: 4.98212)
[2026-08-31 11:24:20.685] [758484] [HailoRT] [info] [queue_elements.cpp:800] [create] Created (UserBuffQEl0scrfd_2_5g/conv43 | timeout: 10s)
[2026-08-31 11:24:20.685] [758484] [HailoRT] [info] [vstream.cpp:1114] [OutputVStreamImpl] Creating scrfd_2_5g/conv43...
[2026-08-31 11:24:20.685] [758484] [HailoRT] [info] [vstream_builder.cpp:220] [create_outputs] Output pipeline 'scrfd_2_5g/conv43': HW >> (HwReadEl0scrfd_2_5g/conv43 | hw_frame_size: 51200) >> (PullQEl_hw_read0scrfd_2_5g/conv43) >> (PostInferEl0scrfd_2_5g/conv43 | Quantization - src_type: UINT8, dst_type FLOAT32, limvals_min: -0.0793963, limvals_max: 4.98212) >> (UserBuffQEl0scrfd_2_5g/conv43 | timeout: 10s)
[2026-08-31 11:24:20.685] [758484] [HailoRT] [info] [edge_elements.cpp:287] [create] Created (HwReadEl2scrfd_2_5g/conv44 | hw_frame_size: 153600)
[2026-08-31 11:24:20.685] [758484] [HailoRT] [info] [queue_elements.cpp:657] [create] Created (PullQEl_hw_read2scrfd_2_5g/conv44)
[2026-08-31 11:24:20.685] [758484] [HailoRT] [info] [filter_elements.cpp:372] [create] Created (PostInferEl2scrfd_2_5g/conv44 | Quantization - src_type: UINT8, dst_type FLOAT32, limvals_min: -3.16292, limvals_max: 3.50274 | Reorder - src_order: FCR, src_shape: (80, 80, 24), dst_order: FCR, dst_shape: (80, 80, 20))
[2026-08-31 11:24:20.685] [758484] [HailoRT] [info] [queue_elements.cpp:800] [create] Created (UserBuffQEl2scrfd_2_5g/conv44 | timeout: 10s)
[2026-08-31 11:24:20.685] [758484] [HailoRT] [info] [vstream.cpp:1114] [OutputVStreamImpl] Creating scrfd_2_5g/conv44...
[2026-08-31 11:24:20.685] [758484] [HailoRT] [info] [vstream_builder.cpp:220] [create_outputs] Output pipeline 'scrfd_2_5g/conv44': HW >> (HwReadEl2scrfd_2_5g/conv44 | hw_frame_size: 153600) >> (PullQEl_hw_read2scrfd_2_5g/conv44) >> (PostInferEl2scrfd_2_5g/conv44 | Quantization - src_type: UINT8, dst_type FLOAT32, limvals_min: -3.16292, limvals_max: 3.50274 | Reorder - src_order: FCR, src_shape: (80, 80, 24), dst_order: FCR, dst_shape: (80, 80, 20)) >> (UserBuffQEl2scrfd_2_5g/conv44 | timeout: 10s)
[2026-08-31 11:24:20.685] [758484] [HailoRT] [info] [edge_elements.cpp:287] [create] Created (HwReadEl14scrfd_2_5g/conv49 | hw_frame_size: 3200)
[2026-08-31 11:24:20.685] [758484] [HailoRT] [info] [queue_elements.cpp:657] [create] Created (PullQEl_hw_read14scrfd_2_5g/conv49)
[2026-08-31 11:24:20.685] [758484] [HailoRT] [info] [filter_elements.cpp:372] [create] Created (PostInferEl14scrfd_2_5g/conv49 | Quantization - src_type: UINT8, dst_type FLOAT32, limvals_min: 0, limvals_max: 1)
[2026-08-31 11:24:20.686] [758484] [HailoRT] [info] [queue_elements.cpp:800] [create] Created (UserBuffQEl14scrfd_2_5g/conv49 | timeout: 10s)
[2026-08-31 11:24:20.686] [758484] [HailoRT] [info] [vstream.cpp:1114] [OutputVStreamImpl] Creating scrfd_2_5g/conv49...
[2026-08-31 11:24:20.686] [758484] [HailoRT] [info] [vstream_builder.cpp:220] [create_outputs] Output pipeline 'scrfd_2_5g/conv49': HW >> (HwReadEl14scrfd_2_5g/conv49 | hw_frame_size: 3200) >> (PullQEl_hw_read14scrfd_2_5g/conv49) >> (PostInferEl14scrfd_2_5g/conv49 | Quantization - src_type: UINT8, dst_type FLOAT32, limvals_min: 0, limvals_max: 1) >> (UserBuffQEl14scrfd_2_5g/conv49 | timeout: 10s)
[2026-08-31 11:24:20.686] [758484] [HailoRT] [info] [edge_elements.cpp:287] [create] Created (HwReadEl12scrfd_2_5g/conv50 | hw_frame_size: 12800)
[2026-08-31 11:24:20.686] [758484] [HailoRT] [info] [queue_elements.cpp:657] [create] Created (PullQEl_hw_read12scrfd_2_5g/conv50)
[2026-08-31 11:24:20.686] [758484] [HailoRT] [info] [filter_elements.cpp:372] [create] Created (PostInferEl12scrfd_2_5g/conv50 | Quantization - src_type: UINT8, dst_type FLOAT32, limvals_min: 0, limvals_max: 8.10626)
[2026-08-31 11:24:20.686] [758484] [HailoRT] [info] [queue_elements.cpp:800] [create] Created (UserBuffQEl12scrfd_2_5g/conv50 | timeout: 10s)
[2026-08-31 11:24:20.687] [758484] [HailoRT] [info] [vstream.cpp:1114] [OutputVStreamImpl] Creating scrfd_2_5g/conv50...
[2026-08-31 11:24:20.687] [758484] [HailoRT] [info] [vstream_builder.cpp:220] [create_outputs] Output pipeline 'scrfd_2_5g/conv50': HW >> (HwReadEl12scrfd_2_5g/conv50 | hw_frame_size: 12800) >> (PullQEl_hw_read12scrfd_2_5g/conv50) >> (PostInferEl12scrfd_2_5g/conv50 | Quantization - src_type: UINT8, dst_type FLOAT32, limvals_min: 0, limvals_max: 8.10626) >> (UserBuffQEl12scrfd_2_5g/conv50 | timeout: 10s)
[2026-08-31 11:24:20.687] [758484] [HailoRT] [info] [edge_elements.cpp:287] [create] Created (HwReadEl1scrfd_2_5g/conv51 | hw_frame_size: 38400)
[2026-08-31 11:24:20.687] [758484] [HailoRT] [info] [queue_elements.cpp:657] [create] Created (PullQEl_hw_read1scrfd_2_5g/conv51)
[2026-08-31 11:24:20.687] [758484] [HailoRT] [info] [filter_elements.cpp:372] [create] Created (PostInferEl1scrfd_2_5g/conv51 | Quantization - src_type: UINT8, dst_type FLOAT32, limvals_min: -4.24698, limvals_max: 5.17024 | Reorder - src_order: FCR, src_shape: (40, 40, 24), dst_order: FCR, dst_shape: (40, 40, 20))
[2026-08-31 11:24:20.687] [758484] [HailoRT] [info] [queue_elements.cpp:800] [create] Created (UserBuffQEl1scrfd_2_5g/conv51 | timeout: 10s)
[2026-08-31 11:24:20.687] [758484] [HailoRT] [info] [vstream.cpp:1114] [OutputVStreamImpl] Creating scrfd_2_5g/conv51...
[2026-08-31 11:24:20.687] [758484] [HailoRT] [info] [vstream_builder.cpp:220] [create_outputs] Output pipeline 'scrfd_2_5g/conv51': HW >> (HwReadEl1scrfd_2_5g/conv51 | hw_frame_size: 38400) >> (PullQEl_hw_read1scrfd_2_5g/conv51) >> (PostInferEl1scrfd_2_5g/conv51 | Quantization - src_type: UINT8, dst_type FLOAT32, limvals_min: -4.24698, limvals_max: 5.17024 | Reorder - src_order: FCR, src_shape: (40, 40, 24), dst_order: FCR, dst_shape: (40, 40, 20)) >> (UserBuffQEl1scrfd_2_5g/conv51 | timeout: 10s)
[2026-08-31 11:24:20.687] [758484] [HailoRT] [info] [edge_elements.cpp:287] [create] Created (HwReadEl10scrfd_2_5g/conv55 | hw_frame_size: 800)
[2026-08-31 11:24:20.688] [758484] [HailoRT] [info] [queue_elements.cpp:657] [create] Created (PullQEl_hw_read10scrfd_2_5g/conv55)
[2026-08-31 11:24:20.688] [758484] [HailoRT] [info] [filter_elements.cpp:372] [create] Created (PostInferEl10scrfd_2_5g/conv55 | Quantization - src_type: UINT8, dst_type FLOAT32, limvals_min: 0, limvals_max: 1 | Reorder - src_order: NHCW, src_shape: (20, 20, 2), dst_order: NHWC, dst_shape: (20, 20, 2))
[2026-08-31 11:24:20.688] [758484] [HailoRT] [info] [queue_elements.cpp:800] [create] Created (UserBuffQEl10scrfd_2_5g/conv55 | timeout: 10s)
[2026-08-31 11:24:20.688] [758484] [HailoRT] [info] [vstream.cpp:1114] [OutputVStreamImpl] Creating scrfd_2_5g/conv55...
[2026-08-31 11:24:20.688] [758484] [HailoRT] [info] [vstream_builder.cpp:220] [create_outputs] Output pipeline 'scrfd_2_5g/conv55': HW >> (HwReadEl10scrfd_2_5g/conv55 | hw_frame_size: 800) >> (PullQEl_hw_read10scrfd_2_5g/conv55) >> (PostInferEl10scrfd_2_5g/conv55 | Quantization - src_type: UINT8, dst_type FLOAT32, limvals_min: 0, limvals_max: 1 | Reorder - src_order: NHCW, src_shape: (20, 20, 2), dst_order: NHWC, dst_shape: (20, 20, 2)) >> (UserBuffQEl10scrfd_2_5g/conv55 | timeout: 10s)
[2026-08-31 11:24:20.688] [758484] [HailoRT] [info] [edge_elements.cpp:287] [create] Created (HwReadEl9scrfd_2_5g/conv56 | hw_frame_size: 3200)
[2026-08-31 11:24:20.688] [758484] [HailoRT] [info] [queue_elements.cpp:657] [create] Created (PullQEl_hw_read9scrfd_2_5g/conv56)
[2026-08-31 11:24:20.688] [758484] [HailoRT] [info] [filter_elements.cpp:372] [create] Created (PostInferEl9scrfd_2_5g/conv56 | Quantization - src_type: UINT8, dst_type FLOAT32, limvals_min: -0.0299247, limvals_max: 7.60086 | Reorder - src_order: NHCW, src_shape: (20, 20, 8), dst_order: NHWC, dst_shape: (20, 20, 8))
[2026-08-31 11:24:20.688] [758484] [HailoRT] [info] [queue_elements.cpp:800] [create] Created (UserBuffQEl9scrfd_2_5g/conv56 | timeout: 10s)
[2026-08-31 11:24:20.688] [758484] [HailoRT] [info] [vstream.cpp:1114] [OutputVStreamImpl] Creating scrfd_2_5g/conv56...
[2026-08-31 11:24:20.688] [758484] [HailoRT] [info] [vstream_builder.cpp:220] [create_outputs] Output pipeline 'scrfd_2_5g/conv56': HW >> (HwReadEl9scrfd_2_5g/conv56 | hw_frame_size: 3200) >> (PullQEl_hw_read9scrfd_2_5g/conv56) >> (PostInferEl9scrfd_2_5g/conv56 | Quantization - src_type: UINT8, dst_type FLOAT32, limvals_min: -0.0299247, limvals_max: 7.60086 | Reorder - src_order: NHCW, src_shape: (20, 20, 8), dst_order: NHWC, dst_shape: (20, 20, 8)) >> (UserBuffQEl9scrfd_2_5g/conv56 | timeout: 10s)
[2026-08-31 11:24:20.688] [758484] [HailoRT] [info] [edge_elements.cpp:287] [create] Created (HwReadEl13scrfd_2_5g/conv57 | hw_frame_size: 9600)
[2026-08-31 11:24:20.688] [758484] [HailoRT] [info] [queue_elements.cpp:657] [create] Created (PullQEl_hw_read13scrfd_2_5g/conv57)
[2026-08-31 11:24:20.688] [758484] [HailoRT] [info] [filter_elements.cpp:372] [create] Created (PostInferEl13scrfd_2_5g/conv57 | Quantization - src_type: UINT8, dst_type FLOAT32, limvals_min: -4.03285, limvals_max: 5.14908 | Reorder - src_order: FCR, src_shape: (20, 20, 24), dst_order: FCR, dst_shape: (20, 20, 20))
[2026-08-31 11:24:20.688] [758484] [HailoRT] [info] [queue_elements.cpp:800] [create] Created (UserBuffQEl13scrfd_2_5g/conv57 | timeout: 10s)
[2026-08-31 11:24:20.688] [758484] [HailoRT] [info] [vstream.cpp:1114] [OutputVStreamImpl] Creating scrfd_2_5g/conv57...
[2026-08-31 11:24:20.688] [758484] [HailoRT] [info] [vstream_builder.cpp:220] [create_outputs] Output pipeline 'scrfd_2_5g/conv57': HW >> (HwReadEl13scrfd_2_5g/conv57 | hw_frame_size: 9600) >> (PullQEl_hw_read13scrfd_2_5g/conv57) >> (PostInferEl13scrfd_2_5g/conv57 | Quantization - src_type: UINT8, dst_type FLOAT32, limvals_min: -4.03285, limvals_max: 5.14908 | Reorder - src_order: FCR, src_shape: (20, 20, 24), dst_order: FCR, dst_shape: (20, 20, 20)) >> (UserBuffQEl13scrfd_2_5g/conv57 | timeout: 10s)
[2026-08-31 11:24:20.689] [758484] [HailoRT] [info] [core_op.cpp:156] [activate] Activating scrfd_2_5g took 0.783882 milliseconds. Note that the function is asynchronous and thus the network is not fully activated yet.
[2026-08-31 11:24:20.689] [758484] [HailoRT] [info] [core_op.cpp:156] [activate] Activating scrfd_2_5g took 0.807289 milliseconds. Note that the function is asynchronous and thus the network is not fully activated yet.
[2026-08-31 11:24:20.696] [1216542] [HailoRT] [info] [vdevice_native_stream.cpp:331] [read_impl] Failed read from stream HAILO_STREAM_NOT_ACTIVATED(72) (device: 0001:01:00.0)
[2026-08-31 11:24:20.696] [1216536] [HailoRT] [info] [vdevice_native_stream.cpp:331] [read_impl] Failed read from stream HAILO_STREAM_NOT_ACTIVATED(72) (device: 0001:01:00.0)
[2026-08-31 11:24:20.696] [1216548] [HailoRT] [info] [vdevice_native_stream.cpp:331] [read_impl] Failed read from stream HAILO_STREAM_NOT_ACTIVATED(72) (device: 0001:01:00.0)
[2026-08-31 11:24:20.696] [1216540] [HailoRT] [info] [vdevice_native_stream.cpp:331] [read_impl] Failed read from stream HAILO_STREAM_NOT_ACTIVATED(72) (device: 0001:01:00.0)
[2026-08-31 11:24:20.696] [1216550] [HailoRT] [info] [vdevice_native_stream.cpp:331] [read_impl] Failed read from stream HAILO_STREAM_NOT_ACTIVATED(72) (device: 0001:01:00.0)
[2026-08-31 11:24:20.696] [1216546] [HailoRT] [info] [vdevice_native_stream.cpp:331] [read_impl] Failed read from stream HAILO_STREAM_NOT_ACTIVATED(72) (device: 0001:01:00.0)
[2026-08-31 11:24:20.696] [1216538] [HailoRT] [info] [vdevice_native_stream.cpp:331] [read_impl] Failed read from stream HAILO_STREAM_NOT_ACTIVATED(72) (device: 0001:01:00.0)
[2026-08-31 11:24:20.696] [1216544] [HailoRT] [info] [vdevice_native_stream.cpp:331] [read_impl] Failed read from stream HAILO_STREAM_NOT_ACTIVATED(72) (device: 0001:01:00.0)
[2026-08-31 11:24:20.696] [1216534] [HailoRT] [info] [vdevice_native_stream.cpp:331] [read_impl] Failed read from stream HAILO_STREAM_NOT_ACTIVATED(72) (device: 0001:01:00.0)
[2026-08-31 11:24:20.697] [758484] [HailoRT] [info] [core_op.cpp:186] [deactivate] Deactivating took 0.776641 ms
[2026-08-31 11:24:20.697] [758484] [HailoRT] [info] [core_op.cpp:186] [deactivate] Deactivating took 0.790418 ms
[2026-08-31 11:24:20.697] [1216534] [HailoRT] [info] [queue_elements.cpp:734] [run_in_thread] Shutdown event was signaled in run_pull of queue element PullQEl_hw_read3scrfd_2_5g/conv42!
[2026-08-31 11:24:20.697] [1216535] [HailoRT] [info] [queue_elements.cpp:855] [run_in_thread] Shutdown event was signaled in dequeue of UserBuffQEl3scrfd_2_5g/conv42!
[2026-08-31 11:24:20.697] [1216534] [HailoRT] [info] [queue_elements.cpp:68] [operator()] Thread in element PullQEl_hw_read3scrfd_2_5g/conv42 is not running anymore, exiting..
[2026-08-31 11:24:20.697] [758484] [HailoRT] [info] [queue_elements.cpp:46] [~BaseQueueElement] Queue element PullQEl_hw_read3scrfd_2_5g/conv42 has 0 frames in his Queue on destruction
[2026-08-31 11:24:20.697] [1216535] [HailoRT] [info] [queue_elements.cpp:68] [operator()] Thread in element UserBuffQEl3scrfd_2_5g/conv42 is not running anymore, exiting..
[2026-08-31 11:24:20.698] [758484] [HailoRT] [info] [queue_elements.cpp:46] [~BaseQueueElement] Queue element UserBuffQEl3scrfd_2_5g/conv42 has 0 frames in his Queue on destruction
[2026-08-31 11:24:20.698] [1216537] [HailoRT] [info] [queue_elements.cpp:855] [run_in_thread] Shutdown event was signaled in dequeue of UserBuffQEl0scrfd_2_5g/conv43!
[2026-08-31 11:24:20.698] [1216536] [HailoRT] [info] [queue_elements.cpp:734] [run_in_thread] Shutdown event was signaled in run_pull of queue element PullQEl_hw_read0scrfd_2_5g/conv43!
[2026-08-31 11:24:20.698] [1216536] [HailoRT] [info] [queue_elements.cpp:68] [operator()] Thread in element PullQEl_hw_read0scrfd_2_5g/conv43 is not running anymore, exiting..
[2026-08-31 11:24:20.698] [758484] [HailoRT] [info] [queue_elements.cpp:46] [~BaseQueueElement] Queue element PullQEl_hw_read0scrfd_2_5g/conv43 has 0 frames in his Queue on destruction
[2026-08-31 11:24:20.698] [1216537] [HailoRT] [info] [queue_elements.cpp:68] [operator()] Thread in element UserBuffQEl0scrfd_2_5g/conv43 is not running anymore, exiting..
[2026-08-31 11:24:20.698] [758484] [HailoRT] [info] [queue_elements.cpp:46] [~BaseQueueElement] Queue element UserBuffQEl0scrfd_2_5g/conv43 has 0 frames in his Queue on destruction
[2026-08-31 11:24:20.698] [1216538] [HailoRT] [info] [queue_elements.cpp:734] [run_in_thread] Shutdown event was signaled in run_pull of queue element PullQEl_hw_read2scrfd_2_5g/conv44!
[2026-08-31 11:24:20.698] [1216539] [HailoRT] [info] [queue_elements.cpp:855] [run_in_thread] Shutdown event was signaled in dequeue of UserBuffQEl2scrfd_2_5g/conv44!
[2026-08-31 11:24:20.698] [1216538] [HailoRT] [info] [queue_elements.cpp:68] [operator()] Thread in element PullQEl_hw_read2scrfd_2_5g/conv44 is not running anymore, exiting..
[2026-08-31 11:24:20.698] [758484] [HailoRT] [info] [queue_elements.cpp:46] [~BaseQueueElement] Queue element PullQEl_hw_read2scrfd_2_5g/conv44 has 0 frames in his Queue on destruction
[2026-08-31 11:24:20.698] [1216539] [HailoRT] [info] [queue_elements.cpp:68] [operator()] Thread in element UserBuffQEl2scrfd_2_5g/conv44 is not running anymore, exiting..
[2026-08-31 11:24:20.698] [758484] [HailoRT] [info] [queue_elements.cpp:46] [~BaseQueueElement] Queue element UserBuffQEl2scrfd_2_5g/conv44 has 0 frames in his Queue on destruction
[2026-08-31 11:24:20.698] [1216540] [HailoRT] [info] [queue_elements.cpp:734] [run_in_thread] Shutdown event was signaled in run_pull of queue element PullQEl_hw_read14scrfd_2_5g/conv49!
[2026-08-31 11:24:20.698] [1216541] [HailoRT] [info] [queue_elements.cpp:855] [run_in_thread] Shutdown event was signaled in dequeue of UserBuffQEl14scrfd_2_5g/conv49!
[2026-08-31 11:24:20.698] [1216540] [HailoRT] [info] [queue_elements.cpp:68] [operator()] Thread in element PullQEl_hw_read14scrfd_2_5g/conv49 is not running anymore, exiting..
[2026-08-31 11:24:20.698] [758484] [HailoRT] [info] [queue_elements.cpp:46] [~BaseQueueElement] Queue element PullQEl_hw_read14scrfd_2_5g/conv49 has 0 frames in his Queue on destruction
[2026-08-31 11:24:20.698] [1216541] [HailoRT] [info] [queue_elements.cpp:68] [operator()] Thread in element UserBuffQEl14scrfd_2_5g/conv49 is not running anymore, exiting..
[2026-08-31 11:24:20.698] [758484] [HailoRT] [info] [queue_elements.cpp:46] [~BaseQueueElement] Queue element UserBuffQEl14scrfd_2_5g/conv49 has 0 frames in his Queue on destruction
[2026-08-31 11:24:20.698] [1216543] [HailoRT] [info] [queue_elements.cpp:855] [run_in_thread] Shutdown event was signaled in dequeue of UserBuffQEl12scrfd_2_5g/conv50!
[2026-08-31 11:24:20.698] [1216542] [HailoRT] [info] [queue_elements.cpp:734] [run_in_thread] Shutdown event was signaled in run_pull of queue element PullQEl_hw_read12scrfd_2_5g/conv50!
[2026-08-31 11:24:20.698] [1216542] [HailoRT] [info] [queue_elements.cpp:68] [operator()] Thread in element PullQEl_hw_read12scrfd_2_5g/conv50 is not running anymore, exiting..
[2026-08-31 11:24:20.698] [758484] [HailoRT] [info] [queue_elements.cpp:46] [~BaseQueueElement] Queue element PullQEl_hw_read12scrfd_2_5g/conv50 has 0 frames in his Queue on destruction
[2026-08-31 11:24:20.698] [1216543] [HailoRT] [info] [queue_elements.cpp:68] [operator()] Thread in element UserBuffQEl12scrfd_2_5g/conv50 is not running anymore, exiting..
[2026-08-31 11:24:20.698] [758484] [HailoRT] [info] [queue_elements.cpp:46] [~BaseQueueElement] Queue element UserBuffQEl12scrfd_2_5g/conv50 has 0 frames in his Queue on destruction
[2026-08-31 11:24:20.698] [1216545] [HailoRT] [info] [queue_elements.cpp:855] [run_in_thread] Shutdown event was signaled in dequeue of UserBuffQEl1scrfd_2_5g/conv51!
[2026-08-31 11:24:20.698] [1216544] [HailoRT] [info] [queue_elements.cpp:734] [run_in_thread] Shutdown event was signaled in run_pull of queue element PullQEl_hw_read1scrfd_2_5g/conv51!
[2026-08-31 11:24:20.698] [1216544] [HailoRT] [info] [queue_elements.cpp:68] [operator()] Thread in element PullQEl_hw_read1scrfd_2_5g/conv51 is not running anymore, exiting..
[2026-08-31 11:24:20.698] [758484] [HailoRT] [info] [queue_elements.cpp:46] [~BaseQueueElement] Queue element PullQEl_hw_read1scrfd_2_5g/conv51 has 0 frames in his Queue on destruction
[2026-08-31 11:24:20.698] [1216545] [HailoRT] [info] [queue_elements.cpp:68] [operator()] Thread in element UserBuffQEl1scrfd_2_5g/conv51 is not running anymore, exiting..
[2026-08-31 11:24:20.698] [758484] [HailoRT] [info] [queue_elements.cpp:46] [~BaseQueueElement] Queue element UserBuffQEl1scrfd_2_5g/conv51 has 0 frames in his Queue on destruction
[2026-08-31 11:24:20.698] [1216547] [HailoRT] [info] [queue_elements.cpp:855] [run_in_thread] Shutdown event was signaled in dequeue of UserBuffQEl10scrfd_2_5g/conv55!
[2026-08-31 11:24:20.698] [1216546] [HailoRT] [info] [queue_elements.cpp:734] [run_in_thread] Shutdown event was signaled in run_pull of queue element PullQEl_hw_read10scrfd_2_5g/conv55!
[2026-08-31 11:24:20.698] [1216546] [HailoRT] [info] [queue_elements.cpp:68] [operator()] Thread in element PullQEl_hw_read10scrfd_2_5g/conv55 is not running anymore, exiting..
[2026-08-31 11:24:20.698] [758484] [HailoRT] [info] [queue_elements.cpp:46] [~BaseQueueElement] Queue element PullQEl_hw_read10scrfd_2_5g/conv55 has 0 frames in his Queue on destruction
[2026-08-31 11:24:20.698] [1216547] [HailoRT] [info] [queue_elements.cpp:68] [operator()] Thread in element UserBuffQEl10scrfd_2_5g/conv55 is not running anymore, exiting..
[2026-08-31 11:24:20.698] [758484] [HailoRT] [info] [queue_elements.cpp:46] [~BaseQueueElement] Queue element UserBuffQEl10scrfd_2_5g/conv55 has 0 frames in his Queue on destruction
[2026-08-31 11:24:20.698] [1216549] [HailoRT] [info] [queue_elements.cpp:855] [run_in_thread] Shutdown event was signaled in dequeue of UserBuffQEl9scrfd_2_5g/conv56!
[2026-08-31 11:24:20.698] [1216548] [HailoRT] [info] [queue_elements.cpp:734] [run_in_thread] Shutdown event was signaled in run_pull of queue element PullQEl_hw_read9scrfd_2_5g/conv56!
[2026-08-31 11:24:20.698] [1216548] [HailoRT] [info] [queue_elements.cpp:68] [operator()] Thread in element PullQEl_hw_read9scrfd_2_5g/conv56 is not running anymore, exiting..
[2026-08-31 11:24:20.698] [758484] [HailoRT] [info] [queue_elements.cpp:46] [~BaseQueueElement] Queue element PullQEl_hw_read9scrfd_2_5g/conv56 has 0 frames in his Queue on destruction
[2026-08-31 11:24:20.698] [1216549] [HailoRT] [info] [queue_elements.cpp:68] [operator()] Thread in element UserBuffQEl9scrfd_2_5g/conv56 is not running anymore, exiting..
[2026-08-31 11:24:20.698] [758484] [HailoRT] [info] [queue_elements.cpp:46] [~BaseQueueElement] Queue element UserBuffQEl9scrfd_2_5g/conv56 has 0 frames in his Queue on destruction
[2026-08-31 11:24:20.698] [1216550] [HailoRT] [info] [queue_elements.cpp:734] [run_in_thread] Shutdown event was signaled in run_pull of queue element PullQEl_hw_read13scrfd_2_5g/conv57!
[2026-08-31 11:24:20.698] [1216551] [HailoRT] [info] [queue_elements.cpp:855] [run_in_thread] Shutdown event was signaled in dequeue of UserBuffQEl13scrfd_2_5g/conv57!
[2026-08-31 11:24:20.698] [1216550] [HailoRT] [info] [queue_elements.cpp:68] [operator()] Thread in element PullQEl_hw_read13scrfd_2_5g/conv57 is not running anymore, exiting..
[2026-08-31 11:24:20.699] [758484] [HailoRT] [info] [queue_elements.cpp:46] [~BaseQueueElement] Queue element PullQEl_hw_read13scrfd_2_5g/conv57 has 0 frames in his Queue on destruction
[2026-08-31 11:24:20.699] [1216551] [HailoRT] [info] [queue_elements.cpp:68] [operator()] Thread in element UserBuffQEl13scrfd_2_5g/conv57 is not running anymore, exiting..
[2026-08-31 11:24:20.699] [758484] [HailoRT] [info] [queue_elements.cpp:46] [~BaseQueueElement] Queue element UserBuffQEl13scrfd_2_5g/conv57 has 0 frames in his Queue on destruction
[2026-08-31 11:24:20.746] [758484] [HailoRT] [info] [edge_elements.cpp:52] [create] Created (HwWriteEl3scrfd_2_5g/input_layer1 | hw_frame_size: 1228800)
[2026-08-31 11:24:20.746] [758484] [HailoRT] [info] [vstream.cpp:754] [InputVStreamImpl] Creating scrfd_2_5g/input_layer1...
[2026-08-31 11:24:20.746] [758484] [HailoRT] [info] [vstream_builder.cpp:102] [create_inputs] Input pipeline 'scrfd_2_5g/input_layer1': (HwWriteEl3scrfd_2_5g/input_layer1 | hw_frame_size: 1228800) >> HW
[2026-08-31 11:24:20.746] [758484] [HailoRT] [info] [edge_elements.cpp:287] [create] Created (HwReadEl3scrfd_2_5g/conv42 | hw_frame_size: 12800)
[2026-08-31 11:24:20.747] [758484] [HailoRT] [info] [queue_elements.cpp:657] [create] Created (PullQEl_hw_read3scrfd_2_5g/conv42)
[2026-08-31 11:24:20.747] [758484] [HailoRT] [info] [filter_elements.cpp:372] [create] Created (PostInferEl3scrfd_2_5g/conv42 | Quantization - src_type: UINT8, dst_type FLOAT32, limvals_min: 0, limvals_max: 1)
[2026-08-31 11:24:20.747] [758484] [HailoRT] [info] [queue_elements.cpp:800] [create] Created (UserBuffQEl3scrfd_2_5g/conv42 | timeout: 10s)
[2026-08-31 11:24:20.747] [758484] [HailoRT] [info] [vstream.cpp:1114] [OutputVStreamImpl] Creating scrfd_2_5g/conv42...
[2026-08-31 11:24:20.747] [758484] [HailoRT] [info] [vstream_builder.cpp:220] [create_outputs] Output pipeline 'scrfd_2_5g/conv42': HW >> (HwReadEl3scrfd_2_5g/conv42 | hw_frame_size: 12800) >> (PullQEl_hw_read3scrfd_2_5g/conv42) >> (PostInferEl3scrfd_2_5g/conv42 | Quantization - src_type: UINT8, dst_type FLOAT32, limvals_min: 0, limvals_max: 1) >> (UserBuffQEl3scrfd_2_5g/conv42 | timeout: 10s)
[2026-08-31 11:24:20.748] [758484] [HailoRT] [info] [edge_elements.cpp:287] [create] Created (HwReadEl0scrfd_2_5g/conv43 | hw_frame_size: 51200)
[2026-08-31 11:24:20.748] [758484] [HailoRT] [info] [queue_elements.cpp:657] [create] Created (PullQEl_hw_read0scrfd_2_5g/conv43)
[2026-08-31 11:24:20.748] [758484] [HailoRT] [info] [filter_elements.cpp:372] [create] Created (PostInferEl0scrfd_2_5g/conv43 | Quantization - src_type: UINT8, dst_type FLOAT32, limvals_min: -0.0793963, limvals_max: 4.98212)
[2026-08-31 11:24:20.749] [758484] [HailoRT] [info] [queue_elements.cpp:800] [create] Created (UserBuffQEl0scrfd_2_5g/conv43 | timeout: 10s)
[2026-08-31 11:24:20.749] [758484] [HailoRT] [info] [vstream.cpp:1114] [OutputVStreamImpl] Creating scrfd_2_5g/conv43...
[2026-08-31 11:24:20.749] [758484] [HailoRT] [info] [vstream_builder.cpp:220] [create_outputs] Output pipeline 'scrfd_2_5g/conv43': HW >> (HwReadEl0scrfd_2_5g/conv43 | hw_frame_size: 51200) >> (PullQEl_hw_read0scrfd_2_5g/conv43) >> (PostInferEl0scrfd_2_5g/conv43 | Quantization - src_type: UINT8, dst_type FLOAT32, limvals_min: -0.0793963, limvals_max: 4.98212) >> (UserBuffQEl0scrfd_2_5g/conv43 | timeout: 10s)
[2026-08-31 11:24:20.749] [758484] [HailoRT] [info] [edge_elements.cpp:287] [create] Created (HwReadEl2scrfd_2_5g/conv44 | hw_frame_size: 153600)
[2026-08-31 11:24:20.749] [758484] [HailoRT] [info] [queue_elements.cpp:657] [create] Created (PullQEl_hw_read2scrfd_2_5g/conv44)
[2026-08-31 11:24:20.749] [758484] [HailoRT] [info] [filter_elements.cpp:372] [create] Created (PostInferEl2scrfd_2_5g/conv44 | Quantization - src_type: UINT8, dst_type FLOAT32, limvals_min: -3.16292, limvals_max: 3.50274 | Reorder - src_order: FCR, src_shape: (80, 80, 24), dst_order: FCR, dst_shape: (80, 80, 20))
[2026-08-31 11:24:20.749] [758484] [HailoRT] [info] [queue_elements.cpp:800] [create] Created (UserBuffQEl2scrfd_2_5g/conv44 | timeout: 10s)
[2026-08-31 11:24:20.749] [758484] [HailoRT] [info] [vstream.cpp:1114] [OutputVStreamImpl] Creating scrfd_2_5g/conv44...
[2026-08-31 11:24:20.749] [758484] [HailoRT] [info] [vstream_builder.cpp:220] [create_outputs] Output pipeline 'scrfd_2_5g/conv44': HW >> (HwReadEl2scrfd_2_5g/conv44 | hw_frame_size: 153600) >> (PullQEl_hw_read2scrfd_2_5g/conv44) >> (PostInferEl2scrfd_2_5g/conv44 | Quantization - src_type: UINT8, dst_type FLOAT32, limvals_min: -3.16292, limvals_max: 3.50274 | Reorder - src_order: FCR, src_shape: (80, 80, 24), dst_order: FCR, dst_shape: (80, 80, 20)) >> (UserBuffQEl2scrfd_2_5g/conv44 | timeout: 10s)
[2026-08-31 11:24:20.749] [758484] [HailoRT] [info] [edge_elements.cpp:287] [create] Created (HwReadEl14scrfd_2_5g/conv49 | hw_frame_size: 3200)
[2026-08-31 11:24:20.749] [758484] [HailoRT] [info] [queue_elements.cpp:657] [create] Created (PullQEl_hw_read14scrfd_2_5g/conv49)
[2026-08-31 11:24:20.749] [758484] [HailoRT] [info] [filter_elements.cpp:372] [create] Created (PostInferEl14scrfd_2_5g/conv49 | Quantization - src_type: UINT8, dst_type FLOAT32, limvals_min: 0, limvals_max: 1)
[2026-08-31 11:24:20.749] [758484] [HailoRT] [info] [queue_elements.cpp:800] [create] Created (UserBuffQEl14scrfd_2_5g/conv49 | timeout: 10s)
[2026-08-31 11:24:20.749] [758484] [HailoRT] [info] [vstream.cpp:1114] [OutputVStreamImpl] Creating scrfd_2_5g/conv49...
[2026-08-31 11:24:20.749] [758484] [HailoRT] [info] [vstream_builder.cpp:220] [create_outputs] Output pipeline 'scrfd_2_5g/conv49': HW >> (HwReadEl14scrfd_2_5g/conv49 | hw_frame_size: 3200) >> (PullQEl_hw_read14scrfd_2_5g/conv49) >> (PostInferEl14scrfd_2_5g/conv49 | Quantization - src_type: UINT8, dst_type FLOAT32, limvals_min: 0, limvals_max: 1) >> (UserBuffQEl14scrfd_2_5g/conv49 | timeout: 10s)
[2026-08-31 11:24:20.749] [758484] [HailoRT] [info] [edge_elements.cpp:287] [create] Created (HwReadEl12scrfd_2_5g/conv50 | hw_frame_size: 12800)
[2026-08-31 11:24:20.750] [758484] [HailoRT] [info] [queue_elements.cpp:657] [create] Created (PullQEl_hw_read12scrfd_2_5g/conv50)
[2026-08-31 11:24:20.750] [758484] [HailoRT] [info] [filter_elements.cpp:372] [create] Created (PostInferEl12scrfd_2_5g/conv50 | Quantization - src_type: UINT8, dst_type FLOAT32, limvals_min: 0, limvals_max: 8.10626)
[2026-08-31 11:24:20.750] [758484] [HailoRT] [info] [queue_elements.cpp:800] [create] Created (UserBuffQEl12scrfd_2_5g/conv50 | timeout: 10s)
[2026-08-31 11:24:20.750] [758484] [HailoRT] [info] [vstream.cpp:1114] [OutputVStreamImpl] Creating scrfd_2_5g/conv50...
[2026-08-31 11:24:20.750] [758484] [HailoRT] [info] [vstream_builder.cpp:220] [create_outputs] Output pipeline 'scrfd_2_5g/conv50': HW >> (HwReadEl12scrfd_2_5g/conv50 | hw_frame_size: 12800) >> (PullQEl_hw_read12scrfd_2_5g/conv50) >> (PostInferEl12scrfd_2_5g/conv50 | Quantization - src_type: UINT8, dst_type FLOAT32, limvals_min: 0, limvals_max: 8.10626) >> (UserBuffQEl12scrfd_2_5g/conv50 | timeout: 10s)
[2026-08-31 11:24:20.750] [758484] [HailoRT] [info] [edge_elements.cpp:287] [create] Created (HwReadEl1scrfd_2_5g/conv51 | hw_frame_size: 38400)
[2026-08-31 11:24:20.751] [758484] [HailoRT] [info] [queue_elements.cpp:657] [create] Created (PullQEl_hw_read1scrfd_2_5g/conv51)
[2026-08-31 11:24:20.751] [758484] [HailoRT] [info] [filter_elements.cpp:372] [create] Created (PostInferEl1scrfd_2_5g/conv51 | Quantization - src_type: UINT8, dst_type FLOAT32, limvals_min: -4.24698, limvals_max: 5.17024 | Reorder - src_order: FCR, src_shape: (40, 40, 24), dst_order: FCR, dst_shape: (40, 40, 20))
[2026-08-31 11:24:20.755] [758484] [HailoRT] [info] [queue_elements.cpp:800] [create] Created (UserBuffQEl1scrfd_2_5g/conv51 | timeout: 10s)
[2026-08-31 11:24:20.755] [758484] [HailoRT] [info] [vstream.cpp:1114] [OutputVStreamImpl] Creating scrfd_2_5g/conv51...
[2026-08-31 11:24:20.755] [758484] [HailoRT] [info] [vstream_builder.cpp:220] [create_outputs] Output pipeline 'scrfd_2_5g/conv51': HW >> (HwReadEl1scrfd_2_5g/conv51 | hw_frame_size: 38400) >> (PullQEl_hw_read1scrfd_2_5g/conv51) >> (PostInferEl1scrfd_2_5g/conv51 | Quantization - src_type: UINT8, dst_type FLOAT32, limvals_min: -4.24698, limvals_max: 5.17024 | Reorder - src_order: FCR, src_shape: (40, 40, 24), dst_order: FCR, dst_shape: (40, 40, 20)) >> (UserBuffQEl1scrfd_2_5g/conv51 | timeout: 10s)
[2026-08-31 11:24:20.755] [758484] [HailoRT] [info] [edge_elements.cpp:287] [create] Created (HwReadEl10scrfd_2_5g/conv55 | hw_frame_size: 800)
[2026-08-31 11:24:20.756] [758484] [HailoRT] [info] [queue_elements.cpp:657] [create] Created (PullQEl_hw_read10scrfd_2_5g/conv55)
[2026-08-31 11:24:20.756] [758484] [HailoRT] [info] [filter_elements.cpp:372] [create] Created (PostInferEl10scrfd_2_5g/conv55 | Quantization - src_type: UINT8, dst_type FLOAT32, limvals_min: 0, limvals_max: 1 | Reorder - src_order: NHCW, src_shape: (20, 20, 2), dst_order: NHWC, dst_shape: (20, 20, 2))
[2026-08-31 11:24:20.756] [758484] [HailoRT] [info] [queue_elements.cpp:800] [create] Created (UserBuffQEl10scrfd_2_5g/conv55 | timeout: 10s)
[2026-08-31 11:24:20.756] [758484] [HailoRT] [info] [vstream.cpp:1114] [OutputVStreamImpl] Creating scrfd_2_5g/conv55...
[2026-08-31 11:24:20.756] [758484] [HailoRT] [info] [vstream_builder.cpp:220] [create_outputs] Output pipeline 'scrfd_2_5g/conv55': HW >> (HwReadEl10scrfd_2_5g/conv55 | hw_frame_size: 800) >> (PullQEl_hw_read10scrfd_2_5g/conv55) >> (PostInferEl10scrfd_2_5g/conv55 | Quantization - src_type: UINT8, dst_type FLOAT32, limvals_min: 0, limvals_max: 1 | Reorder - src_order: NHCW, src_shape: (20, 20, 2), dst_order: NHWC, dst_shape: (20, 20, 2)) >> (UserBuffQEl10scrfd_2_5g/conv55 | timeout: 10s)
[2026-08-31 11:24:20.756] [758484] [HailoRT] [info] [edge_elements.cpp:287] [create] Created (HwReadEl9scrfd_2_5g/conv56 | hw_frame_size: 3200)
[2026-08-31 11:24:20.757] [758484] [HailoRT] [info] [queue_elements.cpp:657] [create] Created (PullQEl_hw_read9scrfd_2_5g/conv56)
[2026-08-31 11:24:20.757] [758484] [HailoRT] [info] [filter_elements.cpp:372] [create] Created (PostInferEl9scrfd_2_5g/conv56 | Quantization - src_type: UINT8, dst_type FLOAT32, limvals_min: -0.0299247, limvals_max: 7.60086 | Reorder - src_order: NHCW, src_shape: (20, 20, 8), dst_order: NHWC, dst_shape: (20, 20, 8))
[2026-08-31 11:24:20.757] [758484] [HailoRT] [info] [queue_elements.cpp:800] [create] Created (UserBuffQEl9scrfd_2_5g/conv56 | timeout: 10s)
[2026-08-31 11:24:20.757] [758484] [HailoRT] [info] [vstream.cpp:1114] [OutputVStreamImpl] Creating scrfd_2_5g/conv56...
[2026-08-31 11:24:20.757] [758484] [HailoRT] [info] [vstream_builder.cpp:220] [create_outputs] Output pipeline 'scrfd_2_5g/conv56': HW >> (HwReadEl9scrfd_2_5g/conv56 | hw_frame_size: 3200) >> (PullQEl_hw_read9scrfd_2_5g/conv56) >> (PostInferEl9scrfd_2_5g/conv56 | Quantization - src_type: UINT8, dst_type FLOAT32, limvals_min: -0.0299247, limvals_max: 7.60086 | Reorder - src_order: NHCW, src_shape: (20, 20, 8), dst_order: NHWC, dst_shape: (20, 20, 8)) >> (UserBuffQEl9scrfd_2_5g/conv56 | timeout: 10s)
[2026-08-31 11:24:20.757] [758484] [HailoRT] [info] [edge_elements.cpp:287] [create] Created (HwReadEl13scrfd_2_5g/conv57 | hw_frame_size: 9600)
[2026-08-31 11:24:20.757] [758484] [HailoRT] [info] [queue_elements.cpp:657] [create] Created (PullQEl_hw_read13scrfd_2_5g/conv57)
[2026-08-31 11:24:20.757] [758484] [HailoRT] [info] [filter_elements.cpp:372] [create] Created (PostInferEl13scrfd_2_5g/conv57 | Quantization - src_type: UINT8, dst_type FLOAT32, limvals_min: -4.03285, limvals_max: 5.14908 | Reorder - src_order: FCR, src_shape: (20, 20, 24), dst_order: FCR, dst_shape: (20, 20, 20))
[2026-08-31 11:24:20.757] [758484] [HailoRT] [info] [queue_elements.cpp:800] [create] Created (UserBuffQEl13scrfd_2_5g/conv57 | timeout: 10s)
[2026-08-31 11:24:20.757] [758484] [HailoRT] [info] [vstream.cpp:1114] [OutputVStreamImpl] Creating scrfd_2_5g/conv57...
[2026-08-31 11:24:20.757] [758484] [HailoRT] [info] [vstream_builder.cpp:220] [create_outputs] Output pipeline 'scrfd_2_5g/conv57': HW >> (HwReadEl13scrfd_2_5g/conv57 | hw_frame_size: 9600) >> (PullQEl_hw_read13scrfd_2_5g/conv57) >> (PostInferEl13scrfd_2_5g/conv57 | Quantization - src_type: UINT8, dst_type FLOAT32, limvals_min: -4.03285, limvals_max: 5.14908 | Reorder - src_order: FCR, src_shape: (20, 20, 24), dst_order: FCR, dst_shape: (20, 20, 20)) >> (UserBuffQEl13scrfd_2_5g/conv57 | timeout: 10s)
[2026-08-31 11:24:20.758] [758484] [HailoRT] [info] [core_op.cpp:156] [activate] Activating scrfd_2_5g took 0.7869 milliseconds. Note that the function is asynchronous and thus the network is not fully activated yet.
[2026-08-31 11:24:20.758] [758484] [HailoRT] [info] [core_op.cpp:156] [activate] Activating scrfd_2_5g took 0.807826 milliseconds. Note that the function is asynchronous and thus the network is not fully activated yet.
[2026-08-31 11:24:20.766] [1216562] [HailoRT] [info] [vdevice_native_stream.cpp:331] [read_impl] Failed read from stream HAILO_STREAM_NOT_ACTIVATED(72) (device: 0001:01:00.0)
[2026-08-31 11:24:20.766] [1216576] [HailoRT] [info] [vdevice_native_stream.cpp:331] [read_impl] Failed read from stream HAILO_STREAM_NOT_ACTIVATED(72) (device: 0001:01:00.0)
[2026-08-31 11:24:20.766] [1216568] [HailoRT] [info] [vdevice_native_stream.cpp:331] [read_impl] Failed read from stream HAILO_STREAM_NOT_ACTIVATED(72) (device: 0001:01:00.0)
[2026-08-31 11:24:20.766] [1216574] [HailoRT] [info] [vdevice_native_stream.cpp:331] [read_impl] Failed read from stream HAILO_STREAM_NOT_ACTIVATED(72) (device: 0001:01:00.0)
[2026-08-31 11:24:20.766] [1216578] [HailoRT] [info] [vdevice_native_stream.cpp:331] [read_impl] Failed read from stream HAILO_STREAM_NOT_ACTIVATED(72) (device: 0001:01:00.0)
[2026-08-31 11:24:20.766] [1216570] [HailoRT] [info] [vdevice_native_stream.cpp:331] [read_impl] Failed read from stream HAILO_STREAM_NOT_ACTIVATED(72) (device: 0001:01:00.0)
[2026-08-31 11:24:20.766] [1216572] [HailoRT] [info] [vdevice_native_stream.cpp:331] [read_impl] Failed read from stream HAILO_STREAM_NOT_ACTIVATED(72) (device: 0001:01:00.0)
[2026-08-31 11:24:20.766] [1216566] [HailoRT] [info] [vdevice_native_stream.cpp:331] [read_impl] Failed read from stream HAILO_STREAM_NOT_ACTIVATED(72) (device: 0001:01:00.0)
[2026-08-31 11:24:20.766] [1216564] [HailoRT] [info] [vdevice_native_stream.cpp:331] [read_impl] Failed read from stream HAILO_STREAM_NOT_ACTIVATED(72) (device: 0001:01:00.0)
[2026-08-31 11:24:20.767] [758484] [HailoRT] [info] [core_op.cpp:186] [deactivate] Deactivating took 0.821289 ms
[2026-08-31 11:24:20.767] [758484] [HailoRT] [info] [core_op.cpp:186] [deactivate] Deactivating took 0.845808 ms
[2026-08-31 11:24:20.767] [1216563] [HailoRT] [info] [queue_elements.cpp:855] [run_in_thread] Shutdown event was signaled in dequeue of UserBuffQEl3scrfd_2_5g/conv42!
[2026-08-31 11:24:20.767] [1216562] [HailoRT] [info] [queue_elements.cpp:734] [run_in_thread] Shutdown event was signaled in run_pull of queue element PullQEl_hw_read3scrfd_2_5g/conv42!
[2026-08-31 11:24:20.767] [1216562] [HailoRT] [info] [queue_elements.cpp:68] [operator()] Thread in element PullQEl_hw_read3scrfd_2_5g/conv42 is not running anymore, exiting..
[2026-08-31 11:24:20.767] [758484] [HailoRT] [info] [queue_elements.cpp:46] [~BaseQueueElement] Queue element PullQEl_hw_read3scrfd_2_5g/conv42 has 0 frames in his Queue on destruction
[2026-08-31 11:24:20.767] [1216563] [HailoRT] [info] [queue_elements.cpp:68] [operator()] Thread in element UserBuffQEl3scrfd_2_5g/conv42 is not running anymore, exiting..
[2026-08-31 11:24:20.768] [758484] [HailoRT] [info] [queue_elements.cpp:46] [~BaseQueueElement] Queue element UserBuffQEl3scrfd_2_5g/conv42 has 0 frames in his Queue on destruction
[2026-08-31 11:24:20.768] [1216564] [HailoRT] [info] [queue_elements.cpp:734] [run_in_thread] Shutdown event was signaled in run_pull of queue element PullQEl_hw_read0scrfd_2_5g/conv43!
[2026-08-31 11:24:20.768] [1216565] [HailoRT] [info] [queue_elements.cpp:855] [run_in_thread] Shutdown event was signaled in dequeue of UserBuffQEl0scrfd_2_5g/conv43!
[2026-08-31 11:24:20.768] [1216564] [HailoRT] [info] [queue_elements.cpp:68] [operator()] Thread in element PullQEl_hw_read0scrfd_2_5g/conv43 is not running anymore, exiting..
[2026-08-31 11:24:20.768] [758484] [HailoRT] [info] [queue_elements.cpp:46] [~BaseQueueElement] Queue element PullQEl_hw_read0scrfd_2_5g/conv43 has 0 frames in his Queue on destruction
[2026-08-31 11:24:20.768] [1216565] [HailoRT] [info] [queue_elements.cpp:68] [operator()] Thread in element UserBuffQEl0scrfd_2_5g/conv43 is not running anymore, exiting..
[2026-08-31 11:24:20.768] [758484] [HailoRT] [info] [queue_elements.cpp:46] [~BaseQueueElement] Queue element UserBuffQEl0scrfd_2_5g/conv43 has 0 frames in his Queue on destruction
[2026-08-31 11:24:20.768] [1216566] [HailoRT] [info] [queue_elements.cpp:734] [run_in_thread] Shutdown event was signaled in run_pull of queue element PullQEl_hw_read2scrfd_2_5g/conv44!
[2026-08-31 11:24:20.768] [1216567] [HailoRT] [info] [queue_elements.cpp:855] [run_in_thread] Shutdown event was signaled in dequeue of UserBuffQEl2scrfd_2_5g/conv44!
[2026-08-31 11:24:20.768] [1216566] [HailoRT] [info] [queue_elements.cpp:68] [operator()] Thread in element PullQEl_hw_read2scrfd_2_5g/conv44 is not running anymore, exiting..
[2026-08-31 11:24:20.768] [758484] [HailoRT] [info] [queue_elements.cpp:46] [~BaseQueueElement] Queue element PullQEl_hw_read2scrfd_2_5g/conv44 has 0 frames in his Queue on destruction
[2026-08-31 11:24:20.768] [1216567] [HailoRT] [info] [queue_elements.cpp:68] [operator()] Thread in element UserBuffQEl2scrfd_2_5g/conv44 is not running anymore, exiting..
[2026-08-31 11:24:20.768] [758484] [HailoRT] [info] [queue_elements.cpp:46] [~BaseQueueElement] Queue element UserBuffQEl2scrfd_2_5g/conv44 has 0 frames in his Queue on destruction
[2026-08-31 11:24:20.768] [1216568] [HailoRT] [info] [queue_elements.cpp:734] [run_in_thread] Shutdown event was signaled in run_pull of queue element PullQEl_hw_read14scrfd_2_5g/conv49!
[2026-08-31 11:24:20.768] [1216569] [HailoRT] [info] [queue_elements.cpp:855] [run_in_thread] Shutdown event was signaled in dequeue of UserBuffQEl14scrfd_2_5g/conv49!
[2026-08-31 11:24:20.768] [1216568] [HailoRT] [info] [queue_elements.cpp:68] [operator()] Thread in element PullQEl_hw_read14scrfd_2_5g/conv49 is not running anymore, exiting..
[2026-08-31 11:24:20.768] [758484] [HailoRT] [info] [queue_elements.cpp:46] [~BaseQueueElement] Queue element PullQEl_hw_read14scrfd_2_5g/conv49 has 0 frames in his Queue on destruction
[2026-08-31 11:24:20.768] [1216569] [HailoRT] [info] [queue_elements.cpp:68] [operator()] Thread in element UserBuffQEl14scrfd_2_5g/conv49 is not running anymore, exiting..
[2026-08-31 11:24:20.769] [758484] [HailoRT] [info] [queue_elements.cpp:46] [~BaseQueueElement] Queue element UserBuffQEl14scrfd_2_5g/conv49 has 0 frames in his Queue on destruction
[2026-08-31 11:24:20.769] [1216570] [HailoRT] [info] [queue_elements.cpp:734] [run_in_thread] Shutdown event was signaled in run_pull of queue element PullQEl_hw_read12scrfd_2_5g/conv50!
[2026-08-31 11:24:20.769] [1216571] [HailoRT] [info] [queue_elements.cpp:855] [run_in_thread] Shutdown event was signaled in dequeue of UserBuffQEl12scrfd_2_5g/conv50!
[2026-08-31 11:24:20.769] [1216570] [HailoRT] [info] [queue_elements.cpp:68] [operator()] Thread in element PullQEl_hw_read12scrfd_2_5g/conv50 is not running anymore, exiting..
[2026-08-31 11:24:20.769] [758484] [HailoRT] [info] [queue_elements.cpp:46] [~BaseQueueElement] Queue element PullQEl_hw_read12scrfd_2_5g/conv50 has 0 frames in his Queue on destruction
[2026-08-31 11:24:20.769] [1216571] [HailoRT] [info] [queue_elements.cpp:68] [operator()] Thread in element UserBuffQEl12scrfd_2_5g/conv50 is not running anymore, exiting..
[2026-08-31 11:24:20.769] [758484] [HailoRT] [info] [queue_elements.cpp:46] [~BaseQueueElement] Queue element UserBuffQEl12scrfd_2_5g/conv50 has 0 frames in his Queue on destruction
[2026-08-31 11:24:20.769] [1216572] [HailoRT] [info] [queue_elements.cpp:734] [run_in_thread] Shutdown event was signaled in run_pull of queue element PullQEl_hw_read1scrfd_2_5g/conv51!
[2026-08-31 11:24:20.769] [1216573] [HailoRT] [info] [queue_elements.cpp:855] [run_in_thread] Shutdown event was signaled in dequeue of UserBuffQEl1scrfd_2_5g/conv51!
[2026-08-31 11:24:20.769] [1216572] [HailoRT] [info] [queue_elements.cpp:68] [operator()] Thread in element PullQEl_hw_read1scrfd_2_5g/conv51 is not running anymore, exiting..
[2026-08-31 11:24:20.769] [758484] [HailoRT] [info] [queue_elements.cpp:46] [~BaseQueueElement] Queue element PullQEl_hw_read1scrfd_2_5g/conv51 has 0 frames in his Queue on destruction
[2026-08-31 11:24:20.769] [1216573] [HailoRT] [info] [queue_elements.cpp:68] [operator()] Thread in element UserBuffQEl1scrfd_2_5g/conv51 is not running anymore, exiting..
[2026-08-31 11:24:20.769] [758484] [HailoRT] [info] [queue_elements.cpp:46] [~BaseQueueElement] Queue element UserBuffQEl1scrfd_2_5g/conv51 has 0 frames in his Queue on destruction
[2026-08-31 11:24:20.769] [1216574] [HailoRT] [info] [queue_elements.cpp:734] [run_in_thread] Shutdown event was signaled in run_pull of queue element PullQEl_hw_read10scrfd_2_5g/conv55!
[2026-08-31 11:24:20.769] [1216575] [HailoRT] [info] [queue_elements.cpp:855] [run_in_thread] Shutdown event was signaled in dequeue of UserBuffQEl10scrfd_2_5g/conv55!
[2026-08-31 11:24:20.769] [1216574] [HailoRT] [info] [queue_elements.cpp:68] [operator()] Thread in element PullQEl_hw_read10scrfd_2_5g/conv55 is not running anymore, exiting..
[2026-08-31 11:24:20.769] [758484] [HailoRT] [info] [queue_elements.cpp:46] [~BaseQueueElement] Queue element PullQEl_hw_read10scrfd_2_5g/conv55 has 0 frames in his Queue on destruction
[2026-08-31 11:24:20.769] [1216575] [HailoRT] [info] [queue_elements.cpp:68] [operator()] Thread in element UserBuffQEl10scrfd_2_5g/conv55 is not running anymore, exiting..
[2026-08-31 11:24:20.769] [758484] [HailoRT] [info] [queue_elements.cpp:46] [~BaseQueueElement] Queue element UserBuffQEl10scrfd_2_5g/conv55 has 0 frames in his Queue on destruction
[2026-08-31 11:24:20.769] [1216576] [HailoRT] [info] [queue_elements.cpp:734] [run_in_thread] Shutdown event was signaled in run_pull of queue element PullQEl_hw_read9scrfd_2_5g/conv56!
[2026-08-31 11:24:20.769] [1216577] [HailoRT] [info] [queue_elements.cpp:855] [run_in_thread] Shutdown event was signaled in dequeue of UserBuffQEl9scrfd_2_5g/conv56!
[2026-08-31 11:24:20.770] [1216576] [HailoRT] [info] [queue_elements.cpp:68] [operator()] Thread in element PullQEl_hw_read9scrfd_2_5g/conv56 is not running anymore, exiting..
[2026-08-31 11:24:20.770] [758484] [HailoRT] [info] [queue_elements.cpp:46] [~BaseQueueElement] Queue element PullQEl_hw_read9scrfd_2_5g/conv56 has 0 frames in his Queue on destruction
[2026-08-31 11:24:20.770] [1216577] [HailoRT] [info] [queue_elements.cpp:68] [operator()] Thread in element UserBuffQEl9scrfd_2_5g/conv56 is not running anymore, exiting..
[2026-08-31 11:24:20.770] [758484] [HailoRT] [info] [queue_elements.cpp:46] [~BaseQueueElement] Queue element UserBuffQEl9scrfd_2_5g/conv56 has 0 frames in his Queue on destruction
[2026-08-31 11:24:20.770] [1216578] [HailoRT] [info] [queue_elements.cpp:734] [run_in_thread] Shutdown event was signaled in run_pull of queue element PullQEl_hw_read13scrfd_2_5g/conv57!
[2026-08-31 11:24:20.770] [1216579] [HailoRT] [info] [queue_elements.cpp:855] [run_in_thread] Shutdown event was signaled in dequeue of UserBuffQEl13scrfd_2_5g/conv57!
[2026-08-31 11:24:20.770] [1216578] [HailoRT] [info] [queue_elements.cpp:68] [operator()] Thread in element PullQEl_hw_read13scrfd_2_5g/conv57 is not running anymore, exiting..
[2026-08-31 11:24:20.770] [758484] [HailoRT] [info] [queue_elements.cpp:46] [~BaseQueueElement] Queue element PullQEl_hw_read13scrfd_2_5g/conv57 has 0 frames in his Queue on destruction
[2026-08-31 11:24:20.770] [1216579] [HailoRT] [info] [queue_elements.cpp:68] [operator()] Thread in element UserBuffQEl13scrfd_2_5g/conv57 is not running anymore, exiting..
[2026-08-31 11:24:20.770] [758484] [HailoRT] [info] [queue_elements.cpp:46] [~BaseQueueElement] Queue element UserBuffQEl13scrfd_2_5g/conv57 has 0 frames in his Queue on destruction
[2026-08-31 11:24:20.904] [758484] [HailoRT] [info] [edge_elements.cpp:52] [create] Created (HwWriteEl3scrfd_2_5g/input_layer1 | hw_frame_size: 1228800)
[2026-08-31 11:24:20.904] [758484] [HailoRT] [info] [vstream.cpp:754] [InputVStreamImpl] Creating scrfd_2_5g/input_layer1...
[2026-08-31 11:24:20.904] [758484] [HailoRT] [info] [vstream_builder.cpp:102] [create_inputs] Input pipeline 'scrfd_2_5g/input_layer1': (HwWriteEl3scrfd_2_5g/input_layer1 | hw_frame_size: 1228800) >> HW
[2026-08-31 11:24:20.904] [758484] [HailoRT] [info] [edge_elements.cpp:287] [create] Created (HwReadEl3scrfd_2_5g/conv42 | hw_frame_size: 12800)
[2026-08-31 11:24:20.904] [758484] [HailoRT] [info] [queue_elements.cpp:657] [create] Created (PullQEl_hw_read3scrfd_2_5g/conv42)
[2026-08-31 11:24:20.904] [758484] [HailoRT] [info] [filter_elements.cpp:372] [create] Created (PostInferEl3scrfd_2_5g/conv42 | Quantization - src_type: UINT8, dst_type FLOAT32, limvals_min: 0, limvals_max: 1)
[2026-08-31 11:24:20.904] [758484] [HailoRT] [info] [queue_elements.cpp:800] [create] Created (UserBuffQEl3scrfd_2_5g/conv42 | timeout: 10s)
[2026-08-31 11:24:20.904] [758484] [HailoRT] [info] [vstream.cpp:1114] [OutputVStreamImpl] Creating scrfd_2_5g/conv42...
[2026-08-31 11:24:20.904] [758484] [HailoRT] [info] [vstream_builder.cpp:220] [create_outputs] Output pipeline 'scrfd_2_5g/conv42': HW >> (HwReadEl3scrfd_2_5g/conv42 | hw_frame_size: 12800) >> (PullQEl_hw_read3scrfd_2_5g/conv42) >> (PostInferEl3scrfd_2_5g/conv42 | Quantization - src_type: UINT8, dst_type FLOAT32, limvals_min: 0, limvals_max: 1) >> (UserBuffQEl3scrfd_2_5g/conv42 | timeout: 10s)
[2026-08-31 11:24:20.904] [758484] [HailoRT] [info] [edge_elements.cpp:287] [create] Created (HwReadEl0scrfd_2_5g/conv43 | hw_frame_size: 51200)
[2026-08-31 11:24:20.905] [758484] [HailoRT] [info] [queue_elements.cpp:657] [create] Created (PullQEl_hw_read0scrfd_2_5g/conv43)
[2026-08-31 11:24:20.905] [758484] [HailoRT] [info] [filter_elements.cpp:372] [create] Created (PostInferEl0scrfd_2_5g/conv43 | Quantization - src_type: UINT8, dst_type FLOAT32, limvals_min: -0.0793963, limvals_max: 4.98212)
[2026-08-31 11:24:20.906] [758484] [HailoRT] [info] [queue_elements.cpp:800] [create] Created (UserBuffQEl0scrfd_2_5g/conv43 | timeout: 10s)
[2026-08-31 11:24:20.906] [758484] [HailoRT] [info] [vstream.cpp:1114] [OutputVStreamImpl] Creating scrfd_2_5g/conv43...
[2026-08-31 11:24:20.906] [758484] [HailoRT] [info] [vstream_builder.cpp:220] [create_outputs] Output pipeline 'scrfd_2_5g/conv43': HW >> (HwReadEl0scrfd_2_5g/conv43 | hw_frame_size: 51200) >> (PullQEl_hw_read0scrfd_2_5g/conv43) >> (PostInferEl0scrfd_2_5g/conv43 | Quantization - src_type: UINT8, dst_type FLOAT32, limvals_min: -0.0793963, limvals_max: 4.98212) >> (UserBuffQEl0scrfd_2_5g/conv43 | timeout: 10s)
[2026-08-31 11:24:20.906] [758484] [HailoRT] [info] [edge_elements.cpp:287] [create] Created (HwReadEl2scrfd_2_5g/conv44 | hw_frame_size: 153600)
[2026-08-31 11:24:20.907] [758484] [HailoRT] [info] [queue_elements.cpp:657] [create] Created (PullQEl_hw_read2scrfd_2_5g/conv44)
[2026-08-31 11:24:20.907] [758484] [HailoRT] [info] [filter_elements.cpp:372] [create] Created (PostInferEl2scrfd_2_5g/conv44 | Quantization - src_type: UINT8, dst_type FLOAT32, limvals_min: -3.16292, limvals_max: 3.50274 | Reorder - src_order: FCR, src_shape: (80, 80, 24), dst_order: FCR, dst_shape: (80, 80, 20))
[2026-08-31 11:24:20.907] [758484] [HailoRT] [info] [queue_elements.cpp:800] [create] Created (UserBuffQEl2scrfd_2_5g/conv44 | timeout: 10s)
[2026-08-31 11:24:20.907] [758484] [HailoRT] [info] [vstream.cpp:1114] [OutputVStreamImpl] Creating scrfd_2_5g/conv44...
[2026-08-31 11:24:20.907] [758484] [HailoRT] [info] [vstream_builder.cpp:220] [create_outputs] Output pipeline 'scrfd_2_5g/conv44': HW >> (HwReadEl2scrfd_2_5g/conv44 | hw_frame_size: 153600) >> (PullQEl_hw_read2scrfd_2_5g/conv44) >> (PostInferEl2scrfd_2_5g/conv44 | Quantization - src_type: UINT8, dst_type FLOAT32, limvals_min: -3.16292, limvals_max: 3.50274 | Reorder - src_order: FCR, src_shape: (80, 80, 24), dst_order: FCR, dst_shape: (80, 80, 20)) >> (UserBuffQEl2scrfd_2_5g/conv44 | timeout: 10s)
[2026-08-31 11:24:20.907] [758484] [HailoRT] [info] [edge_elements.cpp:287] [create] Created (HwReadEl14scrfd_2_5g/conv49 | hw_frame_size: 3200)
[2026-08-31 11:24:20.908] [758484] [HailoRT] [info] [queue_elements.cpp:657] [create] Created (PullQEl_hw_read14scrfd_2_5g/conv49)
[2026-08-31 11:24:20.908] [758484] [HailoRT] [info] [filter_elements.cpp:372] [create] Created (PostInferEl14scrfd_2_5g/conv49 | Quantization - src_type: UINT8, dst_type FLOAT32, limvals_min: 0, limvals_max: 1)
[2026-08-31 11:24:20.908] [758484] [HailoRT] [info] [queue_elements.cpp:800] [create] Created (UserBuffQEl14scrfd_2_5g/conv49 | timeout: 10s)
[2026-08-31 11:24:20.908] [758484] [HailoRT] [info] [vstream.cpp:1114] [OutputVStreamImpl] Creating scrfd_2_5g/conv49...
[2026-08-31 11:24:20.908] [758484] [HailoRT] [info] [vstream_builder.cpp:220] [create_outputs] Output pipeline 'scrfd_2_5g/conv49': HW >> (HwReadEl14scrfd_2_5g/conv49 | hw_frame_size: 3200) >> (PullQEl_hw_read14scrfd_2_5g/conv49) >> (PostInferEl14scrfd_2_5g/conv49 | Quantization - src_type: UINT8, dst_type FLOAT32, limvals_min: 0, limvals_max: 1) >> (UserBuffQEl14scrfd_2_5g/conv49 | timeout: 10s)
[2026-08-31 11:24:20.908] [758484] [HailoRT] [info] [edge_elements.cpp:287] [create] Created (HwReadEl12scrfd_2_5g/conv50 | hw_frame_size: 12800)
[2026-08-31 11:24:20.908] [758484] [HailoRT] [info] [queue_elements.cpp:657] [create] Created (PullQEl_hw_read12scrfd_2_5g/conv50)
[2026-08-31 11:24:20.908] [758484] [HailoRT] [info] [filter_elements.cpp:372] [create] Created (PostInferEl12scrfd_2_5g/conv50 | Quantization - src_type: UINT8, dst_type FLOAT32, limvals_min: 0, limvals_max: 8.10626)
[2026-08-31 11:24:20.908] [758484] [HailoRT] [info] [queue_elements.cpp:800] [create] Created (UserBuffQEl12scrfd_2_5g/conv50 | timeout: 10s)
[2026-08-31 11:24:20.908] [758484] [HailoRT] [info] [vstream.cpp:1114] [OutputVStreamImpl] Creating scrfd_2_5g/conv50...
[2026-08-31 11:24:20.908] [758484] [HailoRT] [info] [vstream_builder.cpp:220] [create_outputs] Output pipeline 'scrfd_2_5g/conv50': HW >> (HwReadEl12scrfd_2_5g/conv50 | hw_frame_size: 12800) >> (PullQEl_hw_read12scrfd_2_5g/conv50) >> (PostInferEl12scrfd_2_5g/conv50 | Quantization - src_type: UINT8, dst_type FLOAT32, limvals_min: 0, limvals_max: 8.10626) >> (UserBuffQEl12scrfd_2_5g/conv50 | timeout: 10s)
[2026-08-31 11:24:20.908] [758484] [HailoRT] [info] [edge_elements.cpp:287] [create] Created (HwReadEl1scrfd_2_5g/conv51 | hw_frame_size: 38400)
[2026-08-31 11:24:20.908] [758484] [HailoRT] [info] [queue_elements.cpp:657] [create] Created (PullQEl_hw_read1scrfd_2_5g/conv51)
[2026-08-31 11:24:20.909] [758484] [HailoRT] [info] [filter_elements.cpp:372] [create] Created (PostInferEl1scrfd_2_5g/conv51 | Quantization - src_type: UINT8, dst_type FLOAT32, limvals_min: -4.24698, limvals_max: 5.17024 | Reorder - src_order: FCR, src_shape: (40, 40, 24), dst_order: FCR, dst_shape: (40, 40, 20))
[2026-08-31 11:24:20.909] [758484] [HailoRT] [info] [queue_elements.cpp:800] [create] Created (UserBuffQEl1scrfd_2_5g/conv51 | timeout: 10s)
[2026-08-31 11:24:20.909] [758484] [HailoRT] [info] [vstream.cpp:1114] [OutputVStreamImpl] Creating scrfd_2_5g/conv51...
[2026-08-31 11:24:20.909] [758484] [HailoRT] [info] [vstream_builder.cpp:220] [create_outputs] Output pipeline 'scrfd_2_5g/conv51': HW >> (HwReadEl1scrfd_2_5g/conv51 | hw_frame_size: 38400) >> (PullQEl_hw_read1scrfd_2_5g/conv51) >> (PostInferEl1scrfd_2_5g/conv51 | Quantization - src_type: UINT8, dst_type FLOAT32, limvals_min: -4.24698, limvals_max: 5.17024 | Reorder - src_order: FCR, src_shape: (40, 40, 24), dst_order: FCR, dst_shape: (40, 40, 20)) >> (UserBuffQEl1scrfd_2_5g/conv51 | timeout: 10s)
[2026-08-31 11:24:20.909] [758484] [HailoRT] [info] [edge_elements.cpp:287] [create] Created (HwReadEl10scrfd_2_5g/conv55 | hw_frame_size: 800)
[2026-08-31 11:24:20.910] [758484] [HailoRT] [info] [queue_elements.cpp:657] [create] Created (PullQEl_hw_read10scrfd_2_5g/conv55)
[2026-08-31 11:24:20.910] [758484] [HailoRT] [info] [filter_elements.cpp:372] [create] Created (PostInferEl10scrfd_2_5g/conv55 | Quantization - src_type: UINT8, dst_type FLOAT32, limvals_min: 0, limvals_max: 1 | Reorder - src_order: NHCW, src_shape: (20, 20, 2), dst_order: NHWC, dst_shape: (20, 20, 2))
[2026-08-31 11:24:20.910] [758484] [HailoRT] [info] [queue_elements.cpp:800] [create] Created (UserBuffQEl10scrfd_2_5g/conv55 | timeout: 10s)
[2026-08-31 11:24:20.910] [758484] [HailoRT] [info] [vstream.cpp:1114] [OutputVStreamImpl] Creating scrfd_2_5g/conv55...
[2026-08-31 11:24:20.910] [758484] [HailoRT] [info] [vstream_builder.cpp:220] [create_outputs] Output pipeline 'scrfd_2_5g/conv55': HW >> (HwReadEl10scrfd_2_5g/conv55 | hw_frame_size: 800) >> (PullQEl_hw_read10scrfd_2_5g/conv55) >> (PostInferEl10scrfd_2_5g/conv55 | Quantization - src_type: UINT8, dst_type FLOAT32, limvals_min: 0, limvals_max: 1 | Reorder - src_order: NHCW, src_shape: (20, 20, 2), dst_order: NHWC, dst_shape: (20, 20, 2)) >> (UserBuffQEl10scrfd_2_5g/conv55 | timeout: 10s)
[2026-08-31 11:24:20.910] [758484] [HailoRT] [info] [edge_elements.cpp:287] [create] Created (HwReadEl9scrfd_2_5g/conv56 | hw_frame_size: 3200)
[2026-08-31 11:24:20.910] [758484] [HailoRT] [info] [queue_elements.cpp:657] [create] Created (PullQEl_hw_read9scrfd_2_5g/conv56)
[2026-08-31 11:24:20.910] [758484] [HailoRT] [info] [filter_elements.cpp:372] [create] Created (PostInferEl9scrfd_2_5g/conv56 | Quantization - src_type: UINT8, dst_type FLOAT32, limvals_min: -0.0299247, limvals_max: 7.60086 | Reorder - src_order: NHCW, src_shape: (20, 20, 8), dst_order: NHWC, dst_shape: (20, 20, 8))
[2026-08-31 11:24:20.911] [758484] [HailoRT] [info] [queue_elements.cpp:800] [create] Created (UserBuffQEl9scrfd_2_5g/conv56 | timeout: 10s)
[2026-08-31 11:24:20.911] [758484] [HailoRT] [info] [vstream.cpp:1114] [OutputVStreamImpl] Creating scrfd_2_5g/conv56...
[2026-08-31 11:24:20.911] [758484] [HailoRT] [info] [vstream_builder.cpp:220] [create_outputs] Output pipeline 'scrfd_2_5g/conv56': HW >> (HwReadEl9scrfd_2_5g/conv56 | hw_frame_size: 3200) >> (PullQEl_hw_read9scrfd_2_5g/conv56) >> (PostInferEl9scrfd_2_5g/conv56 | Quantization - src_type: UINT8, dst_type FLOAT32, limvals_min: -0.0299247, limvals_max: 7.60086 | Reorder - src_order: NHCW, src_shape: (20, 20, 8), dst_order: NHWC, dst_shape: (20, 20, 8)) >> (UserBuffQEl9scrfd_2_5g/conv56 | timeout: 10s)
[2026-08-31 11:24:20.911] [758484] [HailoRT] [info] [edge_elements.cpp:287] [create] Created (HwReadEl13scrfd_2_5g/conv57 | hw_frame_size: 9600)
[2026-08-31 11:24:20.911] [758484] [HailoRT] [info] [queue_elements.cpp:657] [create] Created (PullQEl_hw_read13scrfd_2_5g/conv57)
[2026-08-31 11:24:20.911] [758484] [HailoRT] [info] [filter_elements.cpp:372] [create] Created (PostInferEl13scrfd_2_5g/conv57 | Quantization - src_type: UINT8, dst_type FLOAT32, limvals_min: -4.03285, limvals_max: 5.14908 | Reorder - src_order: FCR, src_shape: (20, 20, 24), dst_order: FCR, dst_shape: (20, 20, 20))
[2026-08-31 11:24:20.911] [758484] [HailoRT] [info] [queue_elements.cpp:800] [create] Created (UserBuffQEl13scrfd_2_5g/conv57 | timeout: 10s)
[2026-08-31 11:24:20.911] [758484] [HailoRT] [info] [vstream.cpp:1114] [OutputVStreamImpl] Creating scrfd_2_5g/conv57...
[2026-08-31 11:24:20.911] [758484] [HailoRT] [info] [vstream_builder.cpp:220] [create_outputs] Output pipeline 'scrfd_2_5g/conv57': HW >> (HwReadEl13scrfd_2_5g/conv57 | hw_frame_size: 9600) >> (PullQEl_hw_read13scrfd_2_5g/conv57) >> (PostInferEl13scrfd_2_5g/conv57 | Quantization - src_type: UINT8, dst_type FLOAT32, limvals_min: -4.03285, limvals_max: 5.14908 | Reorder - src_order: FCR, src_shape: (20, 20, 24), dst_order: FCR, dst_shape: (20, 20, 20)) >> (UserBuffQEl13scrfd_2_5g/conv57 | timeout: 10s)
[2026-08-31 11:24:20.912] [758484] [HailoRT] [info] [core_op.cpp:156] [activate] Activating scrfd_2_5g took 0.791807 milliseconds. Note that the function is asynchronous and thus the network is not fully activated yet.
[2026-08-31 11:24:20.912] [758484] [HailoRT] [info] [core_op.cpp:156] [activate] Activating scrfd_2_5g took 0.819419 milliseconds. Note that the function is asynchronous and thus the network is not fully activated yet.
[2026-08-31 11:24:20.921] [1216599] [HailoRT] [info] [vdevice_native_stream.cpp:331] [read_impl] Failed read from stream HAILO_STREAM_NOT_ACTIVATED(72) (device: 0001:01:00.0)
[2026-08-31 11:24:20.921] [1216613] [HailoRT] [info] [vdevice_native_stream.cpp:331] [read_impl] Failed read from stream HAILO_STREAM_NOT_ACTIVATED(72) (device: 0001:01:00.0)
[2026-08-31 11:24:20.921] [1216603] [HailoRT] [info] [vdevice_native_stream.cpp:331] [read_impl] Failed read from stream HAILO_STREAM_NOT_ACTIVATED(72) (device: 0001:01:00.0)
[2026-08-31 11:24:20.921] [1216609] [HailoRT] [info] [vdevice_native_stream.cpp:331] [read_impl] Failed read from stream HAILO_STREAM_NOT_ACTIVATED(72) (device: 0001:01:00.0)
[2026-08-31 11:24:20.921] [1216605] [HailoRT] [info] [vdevice_native_stream.cpp:331] [read_impl] Failed read from stream HAILO_STREAM_NOT_ACTIVATED(72) (device: 0001:01:00.0)
[2026-08-31 11:24:20.921] [1216615] [HailoRT] [info] [vdevice_native_stream.cpp:331] [read_impl] Failed read from stream HAILO_STREAM_NOT_ACTIVATED(72) (device: 0001:01:00.0)
[2026-08-31 11:24:20.921] [1216607] [HailoRT] [info] [vdevice_native_stream.cpp:331] [read_impl] Failed read from stream HAILO_STREAM_NOT_ACTIVATED(72) (device: 0001:01:00.0)
[2026-08-31 11:24:20.921] [1216611] [HailoRT] [info] [vdevice_native_stream.cpp:331] [read_impl] Failed read from stream HAILO_STREAM_NOT_ACTIVATED(72) (device: 0001:01:00.0)
[2026-08-31 11:24:20.921] [1216601] [HailoRT] [info] [vdevice_native_stream.cpp:331] [read_impl] Failed read from stream HAILO_STREAM_NOT_ACTIVATED(72) (device: 0001:01:00.0)
[2026-08-31 11:24:20.922] [758484] [HailoRT] [info] [core_op.cpp:186] [deactivate] Deactivating took 0.7559 ms
[2026-08-31 11:24:20.922] [758484] [HailoRT] [info] [core_op.cpp:186] [deactivate] Deactivating took 0.77077 ms
[2026-08-31 11:24:20.922] [1216599] [HailoRT] [info] [queue_elements.cpp:734] [run_in_thread] Shutdown event was signaled in run_pull of queue element PullQEl_hw_read3scrfd_2_5g/conv42!
[2026-08-31 11:24:20.922] [1216600] [HailoRT] [info] [queue_elements.cpp:855] [run_in_thread] Shutdown event was signaled in dequeue of UserBuffQEl3scrfd_2_5g/conv42!
[2026-08-31 11:24:20.922] [1216599] [HailoRT] [info] [queue_elements.cpp:68] [operator()] Thread in element PullQEl_hw_read3scrfd_2_5g/conv42 is not running anymore, exiting..
[2026-08-31 11:24:20.922] [758484] [HailoRT] [info] [queue_elements.cpp:46] [~BaseQueueElement] Queue element PullQEl_hw_read3scrfd_2_5g/conv42 has 0 frames in his Queue on destruction
[2026-08-31 11:24:20.922] [1216600] [HailoRT] [info] [queue_elements.cpp:68] [operator()] Thread in element UserBuffQEl3scrfd_2_5g/conv42 is not running anymore, exiting..
[2026-08-31 11:24:20.922] [758484] [HailoRT] [info] [queue_elements.cpp:46] [~BaseQueueElement] Queue element UserBuffQEl3scrfd_2_5g/conv42 has 0 frames in his Queue on destruction
[2026-08-31 11:24:20.922] [1216601] [HailoRT] [info] [queue_elements.cpp:734] [run_in_thread] Shutdown event was signaled in run_pull of queue element PullQEl_hw_read0scrfd_2_5g/conv43!
[2026-08-31 11:24:20.923] [1216602] [HailoRT] [info] [queue_elements.cpp:855] [run_in_thread] Shutdown event was signaled in dequeue of UserBuffQEl0scrfd_2_5g/conv43!
[2026-08-31 11:24:20.923] [1216601] [HailoRT] [info] [queue_elements.cpp:68] [operator()] Thread in element PullQEl_hw_read0scrfd_2_5g/conv43 is not running anymore, exiting..
[2026-08-31 11:24:20.923] [758484] [HailoRT] [info] [queue_elements.cpp:46] [~BaseQueueElement] Queue element PullQEl_hw_read0scrfd_2_5g/conv43 has 0 frames in his Queue on destruction
[2026-08-31 11:24:20.923] [1216602] [HailoRT] [info] [queue_elements.cpp:68] [operator()] Thread in element UserBuffQEl0scrfd_2_5g/conv43 is not running anymore, exiting..
[2026-08-31 11:24:20.923] [758484] [HailoRT] [info] [queue_elements.cpp:46] [~BaseQueueElement] Queue element UserBuffQEl0scrfd_2_5g/conv43 has 0 frames in his Queue on destruction
[2026-08-31 11:24:20.923] [1216603] [HailoRT] [info] [queue_elements.cpp:734] [run_in_thread] Shutdown event was signaled in run_pull of queue element PullQEl_hw_read2scrfd_2_5g/conv44!
[2026-08-31 11:24:20.923] [1216604] [HailoRT] [info] [queue_elements.cpp:855] [run_in_thread] Shutdown event was signaled in dequeue of UserBuffQEl2scrfd_2_5g/conv44!
[2026-08-31 11:24:20.924] [1216603] [HailoRT] [info] [queue_elements.cpp:68] [operator()] Thread in element PullQEl_hw_read2scrfd_2_5g/conv44 is not running anymore, exiting..
[2026-08-31 11:24:20.924] [758484] [HailoRT] [info] [queue_elements.cpp:46] [~BaseQueueElement] Queue element PullQEl_hw_read2scrfd_2_5g/conv44 has 0 frames in his Queue on destruction
[2026-08-31 11:24:20.924] [1216604] [HailoRT] [info] [queue_elements.cpp:68] [operator()] Thread in element UserBuffQEl2scrfd_2_5g/conv44 is not running anymore, exiting..
[2026-08-31 11:24:20.924] [758484] [HailoRT] [info] [queue_elements.cpp:46] [~BaseQueueElement] Queue element UserBuffQEl2scrfd_2_5g/conv44 has 0 frames in his Queue on destruction
[2026-08-31 11:24:20.924] [1216605] [HailoRT] [info] [queue_elements.cpp:734] [run_in_thread] Shutdown event was signaled in run_pull of queue element PullQEl_hw_read14scrfd_2_5g/conv49!
[2026-08-31 11:24:20.924] [1216606] [HailoRT] [info] [queue_elements.cpp:855] [run_in_thread] Shutdown event was signaled in dequeue of UserBuffQEl14scrfd_2_5g/conv49!
[2026-08-31 11:24:20.924] [1216605] [HailoRT] [info] [queue_elements.cpp:68] [operator()] Thread in element PullQEl_hw_read14scrfd_2_5g/conv49 is not running anymore, exiting..
[2026-08-31 11:24:20.924] [758484] [HailoRT] [info] [queue_elements.cpp:46] [~BaseQueueElement] Queue element PullQEl_hw_read14scrfd_2_5g/conv49 has 0 frames in his Queue on destruction
[2026-08-31 11:24:20.924] [1216606] [HailoRT] [info] [queue_elements.cpp:68] [operator()] Thread in element UserBuffQEl14scrfd_2_5g/conv49 is not running anymore, exiting..
[2026-08-31 11:24:20.924] [758484] [HailoRT] [info] [queue_elements.cpp:46] [~BaseQueueElement] Queue element UserBuffQEl14scrfd_2_5g/conv49 has 0 frames in his Queue on destruction
[2026-08-31 11:24:20.924] [1216607] [HailoRT] [info] [queue_elements.cpp:734] [run_in_thread] Shutdown event was signaled in run_pull of queue element PullQEl_hw_read12scrfd_2_5g/conv50!
[2026-08-31 11:24:20.924] [1216608] [HailoRT] [info] [queue_elements.cpp:855] [run_in_thread] Shutdown event was signaled in dequeue of UserBuffQEl12scrfd_2_5g/conv50!
[2026-08-31 11:24:20.924] [1216607] [HailoRT] [info] [queue_elements.cpp:68] [operator()] Thread in element PullQEl_hw_read12scrfd_2_5g/conv50 is not running anymore, exiting..
[2026-08-31 11:24:20.924] [758484] [HailoRT] [info] [queue_elements.cpp:46] [~BaseQueueElement] Queue element PullQEl_hw_read12scrfd_2_5g/conv50 has 0 frames in his Queue on destruction
[2026-08-31 11:24:20.924] [1216608] [HailoRT] [info] [queue_elements.cpp:68] [operator()] Thread in element UserBuffQEl12scrfd_2_5g/conv50 is not running anymore, exiting..
[2026-08-31 11:24:20.924] [758484] [HailoRT] [info] [queue_elements.cpp:46] [~BaseQueueElement] Queue element UserBuffQEl12scrfd_2_5g/conv50 has 0 frames in his Queue on destruction
[2026-08-31 11:24:20.925] [1216609] [HailoRT] [info] [queue_elements.cpp:734] [run_in_thread] Shutdown event was signaled in run_pull of queue element PullQEl_hw_read1scrfd_2_5g/conv51!
[2026-08-31 11:24:20.925] [1216610] [HailoRT] [info] [queue_elements.cpp:855] [run_in_thread] Shutdown event was signaled in dequeue of UserBuffQEl1scrfd_2_5g/conv51!
[2026-08-31 11:24:20.925] [1216609] [HailoRT] [info] [queue_elements.cpp:68] [operator()] Thread in element PullQEl_hw_read1scrfd_2_5g/conv51 is not running anymore, exiting..
[2026-08-31 11:24:20.925] [758484] [HailoRT] [info] [queue_elements.cpp:46] [~BaseQueueElement] Queue element PullQEl_hw_read1scrfd_2_5g/conv51 has 0 frames in his Queue on destruction
[2026-08-31 11:24:20.925] [1216610] [HailoRT] [info] [queue_elements.cpp:68] [operator()] Thread in element UserBuffQEl1scrfd_2_5g/conv51 is not running anymore, exiting..
[2026-08-31 11:24:20.925] [758484] [HailoRT] [info] [queue_elements.cpp:46] [~BaseQueueElement] Queue element UserBuffQEl1scrfd_2_5g/conv51 has 0 frames in his Queue on destruction
[2026-08-31 11:24:20.925] [1216612] [HailoRT] [info] [queue_elements.cpp:855] [run_in_thread] Shutdown event was signaled in dequeue of UserBuffQEl10scrfd_2_5g/conv55!
[2026-08-31 11:24:20.925] [1216611] [HailoRT] [info] [queue_elements.cpp:734] [run_in_thread] Shutdown event was signaled in run_pull of queue element PullQEl_hw_read10scrfd_2_5g/conv55!
[2026-08-31 11:24:20.925] [1216611] [HailoRT] [info] [queue_elements.cpp:68] [operator()] Thread in element PullQEl_hw_read10scrfd_2_5g/conv55 is not running anymore, exiting..
[2026-08-31 11:24:20.925] [758484] [HailoRT] [info] [queue_elements.cpp:46] [~BaseQueueElement] Queue element PullQEl_hw_read10scrfd_2_5g/conv55 has 0 frames in his Queue on destruction
[2026-08-31 11:24:20.925] [1216612] [HailoRT] [info] [queue_elements.cpp:68] [operator()] Thread in element UserBuffQEl10scrfd_2_5g/conv55 is not running anymore, exiting..
[2026-08-31 11:24:20.925] [758484] [HailoRT] [info] [queue_elements.cpp:46] [~BaseQueueElement] Queue element UserBuffQEl10scrfd_2_5g/conv55 has 0 frames in his Queue on destruction
[2026-08-31 11:24:20.925] [1216614] [HailoRT] [info] [queue_elements.cpp:855] [run_in_thread] Shutdown event was signaled in dequeue of UserBuffQEl9scrfd_2_5g/conv56!
[2026-08-31 11:24:20.925] [1216613] [HailoRT] [info] [queue_elements.cpp:734] [run_in_thread] Shutdown event was signaled in run_pull of queue element PullQEl_hw_read9scrfd_2_5g/conv56!
[2026-08-31 11:24:20.925] [1216613] [HailoRT] [info] [queue_elements.cpp:68] [operator()] Thread in element PullQEl_hw_read9scrfd_2_5g/conv56 is not running anymore, exiting..
[2026-08-31 11:24:20.925] [758484] [HailoRT] [info] [queue_elements.cpp:46] [~BaseQueueElement] Queue element PullQEl_hw_read9scrfd_2_5g/conv56 has 0 frames in his Queue on destruction
[2026-08-31 11:24:20.925] [1216614] [HailoRT] [info] [queue_elements.cpp:68] [operator()] Thread in element UserBuffQEl9scrfd_2_5g/conv56 is not running anymore, exiting..
[2026-08-31 11:24:20.925] [758484] [HailoRT] [info] [queue_elements.cpp:46] [~BaseQueueElement] Queue element UserBuffQEl9scrfd_2_5g/conv56 has 0 frames in his Queue on destruction
[2026-08-31 11:24:20.925] [1216615] [HailoRT] [info] [queue_elements.cpp:734] [run_in_thread] Shutdown event was signaled in run_pull of queue element PullQEl_hw_read13scrfd_2_5g/conv57!
[2026-08-31 11:24:20.925] [1216616] [HailoRT] [info] [queue_elements.cpp:855] [run_in_thread] Shutdown event was signaled in dequeue of UserBuffQEl13scrfd_2_5g/conv57!
[2026-08-31 11:24:20.925] [1216615] [HailoRT] [info] [queue_elements.cpp:68] [operator()] Thread in element PullQEl_hw_read13scrfd_2_5g/conv57 is not running anymore, exiting..
[2026-08-31 11:24:20.925] [758484] [HailoRT] [info] [queue_elements.cpp:46] [~BaseQueueElement] Queue element PullQEl_hw_read13scrfd_2_5g/conv57 has 0 frames in his Queue on destruction
[2026-08-31 11:24:20.925] [1216616] [HailoRT] [info] [queue_elements.cpp:68] [operator()] Thread in element UserBuffQEl13scrfd_2_5g/conv57 is not running anymore, exiting..
[2026-08-31 11:24:20.925] [758484] [HailoRT] [info] [queue_elements.cpp:46] [~BaseQueueElement] Queue element UserBuffQEl13scrfd_2_5g/conv57 has 0 frames in his Queue on destruction
[2026-08-31 11:24:21.053] [758484] [HailoRT] [info] [edge_elements.cpp:52] [create] Created (HwWriteEl3scrfd_2_5g/input_layer1 | hw_frame_size: 1228800)
[2026-08-31 11:24:21.054] [758484] [HailoRT] [info] [vstream.cpp:754] [InputVStreamImpl] Creating scrfd_2_5g/input_layer1...
[2026-08-31 11:24:21.054] [758484] [HailoRT] [info] [vstream_builder.cpp:102] [create_inputs] Input pipeline 'scrfd_2_5g/input_layer1': (HwWriteEl3scrfd_2_5g/input_layer1 | hw_frame_size: 1228800) >> HW
[2026-08-31 11:24:21.054] [758484] [HailoRT] [info] [edge_elements.cpp:287] [create] Created (HwReadEl3scrfd_2_5g/conv42 | hw_frame_size: 12800)
[2026-08-31 11:24:21.055] [758484] [HailoRT] [info] [queue_elements.cpp:657] [create] Created (PullQEl_hw_read3scrfd_2_5g/conv42)
[2026-08-31 11:24:21.055] [758484] [HailoRT] [info] [filter_elements.cpp:372] [create] Created (PostInferEl3scrfd_2_5g/conv42 | Quantization - src_type: UINT8, dst_type FLOAT32, limvals_min: 0, limvals_max: 1)
[2026-08-31 11:24:21.057] [758484] [HailoRT] [info] [queue_elements.cpp:800] [create] Created (UserBuffQEl3scrfd_2_5g/conv42 | timeout: 10s)
[2026-08-31 11:24:21.057] [758484] [HailoRT] [info] [vstream.cpp:1114] [OutputVStreamImpl] Creating scrfd_2_5g/conv42...
[2026-08-31 11:24:21.057] [758484] [HailoRT] [info] [vstream_builder.cpp:220] [create_outputs] Output pipeline 'scrfd_2_5g/conv42': HW >> (HwReadEl3scrfd_2_5g/conv42 | hw_frame_size: 12800) >> (PullQEl_hw_read3scrfd_2_5g/conv42) >> (PostInferEl3scrfd_2_5g/conv42 | Quantization - src_type: UINT8, dst_type FLOAT32, limvals_min: 0, limvals_max: 1) >> (UserBuffQEl3scrfd_2_5g/conv42 | timeout: 10s)
[2026-08-31 11:24:21.057] [758484] [HailoRT] [info] [edge_elements.cpp:287] [create] Created (HwReadEl0scrfd_2_5g/conv43 | hw_frame_size: 51200)
[2026-08-31 11:24:21.058] [758484] [HailoRT] [info] [queue_elements.cpp:657] [create] Created (PullQEl_hw_read0scrfd_2_5g/conv43)
[2026-08-31 11:24:21.058] [758484] [HailoRT] [info] [filter_elements.cpp:372] [create] Created (PostInferEl0scrfd_2_5g/conv43 | Quantization - src_type: UINT8, dst_type FLOAT32, limvals_min: -0.0793963, limvals_max: 4.98212)
[2026-08-31 11:24:21.059] [758484] [HailoRT] [info] [queue_elements.cpp:800] [create] Created (UserBuffQEl0scrfd_2_5g/conv43 | timeout: 10s)
[2026-08-31 11:24:21.059] [758484] [HailoRT] [info] [vstream.cpp:1114] [OutputVStreamImpl] Creating scrfd_2_5g/conv43...
[2026-08-31 11:24:21.060] [758484] [HailoRT] [info] [vstream_builder.cpp:220] [create_outputs] Output pipeline 'scrfd_2_5g/conv43': HW >> (HwReadEl0scrfd_2_5g/conv43 | hw_frame_size: 51200) >> (PullQEl_hw_read0scrfd_2_5g/conv43) >> (PostInferEl0scrfd_2_5g/conv43 | Quantization - src_type: UINT8, dst_type FLOAT32, limvals_min: -0.0793963, limvals_max: 4.98212) >> (UserBuffQEl0scrfd_2_5g/conv43 | timeout: 10s)
[2026-08-31 11:24:21.060] [758484] [HailoRT] [info] [edge_elements.cpp:287] [create] Created (HwReadEl2scrfd_2_5g/conv44 | hw_frame_size: 153600)
[2026-08-31 11:24:21.060] [758484] [HailoRT] [info] [queue_elements.cpp:657] [create] Created (PullQEl_hw_read2scrfd_2_5g/conv44)
[2026-08-31 11:24:21.060] [758484] [HailoRT] [info] [filter_elements.cpp:372] [create] Created (PostInferEl2scrfd_2_5g/conv44 | Quantization - src_type: UINT8, dst_type FLOAT32, limvals_min: -3.16292, limvals_max: 3.50274 | Reorder - src_order: FCR, src_shape: (80, 80, 24), dst_order: FCR, dst_shape: (80, 80, 20))
[2026-08-31 11:24:21.061] [758484] [HailoRT] [info] [queue_elements.cpp:800] [create] Created (UserBuffQEl2scrfd_2_5g/conv44 | timeout: 10s)
[2026-08-31 11:24:21.061] [758484] [HailoRT] [info] [vstream.cpp:1114] [OutputVStreamImpl] Creating scrfd_2_5g/conv44...
[2026-08-31 11:24:21.061] [758484] [HailoRT] [info] [vstream_builder.cpp:220] [create_outputs] Output pipeline 'scrfd_2_5g/conv44': HW >> (HwReadEl2scrfd_2_5g/conv44 | hw_frame_size: 153600) >> (PullQEl_hw_read2scrfd_2_5g/conv44) >> (PostInferEl2scrfd_2_5g/conv44 | Quantization - src_type: UINT8, dst_type FLOAT32, limvals_min: -3.16292, limvals_max: 3.50274 | Reorder - src_order: FCR, src_shape: (80, 80, 24), dst_order: FCR, dst_shape: (80, 80, 20)) >> (UserBuffQEl2scrfd_2_5g/conv44 | timeout: 10s)
[2026-08-31 11:24:21.061] [758484] [HailoRT] [info] [edge_elements.cpp:287] [create] Created (HwReadEl14scrfd_2_5g/conv49 | hw_frame_size: 3200)
[2026-08-31 11:24:21.062] [758484] [HailoRT] [info] [queue_elements.cpp:657] [create] Created (PullQEl_hw_read14scrfd_2_5g/conv49)
[2026-08-31 11:24:21.062] [758484] [HailoRT] [info] [filter_elements.cpp:372] [create] Created (PostInferEl14scrfd_2_5g/conv49 | Quantization - src_type: UINT8, dst_type FLOAT32, limvals_min: 0, limvals_max: 1)
[2026-08-31 11:24:21.062] [758484] [HailoRT] [info] [queue_elements.cpp:800] [create] Created (UserBuffQEl14scrfd_2_5g/conv49 | timeout: 10s)
[2026-08-31 11:24:21.062] [758484] [HailoRT] [info] [vstream.cpp:1114] [OutputVStreamImpl] Creating scrfd_2_5g/conv49...
[2026-08-31 11:24:21.062] [758484] [HailoRT] [info] [vstream_builder.cpp:220] [create_outputs] Output pipeline 'scrfd_2_5g/conv49': HW >> (HwReadEl14scrfd_2_5g/conv49 | hw_frame_size: 3200) >> (PullQEl_hw_read14scrfd_2_5g/conv49) >> (PostInferEl14scrfd_2_5g/conv49 | Quantization - src_type: UINT8, dst_type FLOAT32, limvals_min: 0, limvals_max: 1) >> (UserBuffQEl14scrfd_2_5g/conv49 | timeout: 10s)
[2026-08-31 11:24:21.062] [758484] [HailoRT] [info] [edge_elements.cpp:287] [create] Created (HwReadEl12scrfd_2_5g/conv50 | hw_frame_size: 12800)
[2026-08-31 11:24:21.063] [758484] [HailoRT] [info] [queue_elements.cpp:657] [create] Created (PullQEl_hw_read12scrfd_2_5g/conv50)
[2026-08-31 11:24:21.063] [758484] [HailoRT] [info] [filter_elements.cpp:372] [create] Created (PostInferEl12scrfd_2_5g/conv50 | Quantization - src_type: UINT8, dst_type FLOAT32, limvals_min: 0, limvals_max: 8.10626)
[2026-08-31 11:24:21.063] [758484] [HailoRT] [info] [queue_elements.cpp:800] [create] Created (UserBuffQEl12scrfd_2_5g/conv50 | timeout: 10s)
[2026-08-31 11:24:21.063] [758484] [HailoRT] [info] [vstream.cpp:1114] [OutputVStreamImpl] Creating scrfd_2_5g/conv50...
[2026-08-31 11:24:21.063] [758484] [HailoRT] [info] [vstream_builder.cpp:220] [create_outputs] Output pipeline 'scrfd_2_5g/conv50': HW >> (HwReadEl12scrfd_2_5g/conv50 | hw_frame_size: 12800) >> (PullQEl_hw_read12scrfd_2_5g/conv50) >> (PostInferEl12scrfd_2_5g/conv50 | Quantization - src_type: UINT8, dst_type FLOAT32, limvals_min: 0, limvals_max: 8.10626) >> (UserBuffQEl12scrfd_2_5g/conv50 | timeout: 10s)
[2026-08-31 11:24:21.063] [758484] [HailoRT] [info] [edge_elements.cpp:287] [create] Created (HwReadEl1scrfd_2_5g/conv51 | hw_frame_size: 38400)
[2026-08-31 11:24:21.063] [758484] [HailoRT] [info] [queue_elements.cpp:657] [create] Created (PullQEl_hw_read1scrfd_2_5g/conv51)
[2026-08-31 11:24:21.063] [758484] [HailoRT] [info] [filter_elements.cpp:372] [create] Created (PostInferEl1scrfd_2_5g/conv51 | Quantization - src_type: UINT8, dst_type FLOAT32, limvals_min: -4.24698, limvals_max: 5.17024 | Reorder - src_order: FCR, src_shape: (40, 40, 24), dst_order: FCR, dst_shape: (40, 40, 20))
[2026-08-31 11:24:21.063] [758484] [HailoRT] [info] [queue_elements.cpp:800] [create] Created (UserBuffQEl1scrfd_2_5g/conv51 | timeout: 10s)
[2026-08-31 11:24:21.063] [758484] [HailoRT] [info] [vstream.cpp:1114] [OutputVStreamImpl] Creating scrfd_2_5g/conv51...
[2026-08-31 11:24:21.063] [758484] [HailoRT] [info] [vstream_builder.cpp:220] [create_outputs] Output pipeline 'scrfd_2_5g/conv51': HW >> (HwReadEl1scrfd_2_5g/conv51 | hw_frame_size: 38400) >> (PullQEl_hw_read1scrfd_2_5g/conv51) >> (PostInferEl1scrfd_2_5g/conv51 | Quantization - src_type: UINT8, dst_type FLOAT32, limvals_min: -4.24698, limvals_max: 5.17024 | Reorder - src_order: FCR, src_shape: (40, 40, 24), dst_order: FCR, dst_shape: (40, 40, 20)) >> (UserBuffQEl1scrfd_2_5g/conv51 | timeout: 10s)
[2026-08-31 11:24:21.063] [758484] [HailoRT] [info] [edge_elements.cpp:287] [create] Created (HwReadEl10scrfd_2_5g/conv55 | hw_frame_size: 800)
[2026-08-31 11:24:21.063] [758484] [HailoRT] [info] [queue_elements.cpp:657] [create] Created (PullQEl_hw_read10scrfd_2_5g/conv55)
[2026-08-31 11:24:21.063] [758484] [HailoRT] [info] [filter_elements.cpp:372] [create] Created (PostInferEl10scrfd_2_5g/conv55 | Quantization - src_type: UINT8, dst_type FLOAT32, limvals_min: 0, limvals_max: 1 | Reorder - src_order: NHCW, src_shape: (20, 20, 2), dst_order: NHWC, dst_shape: (20, 20, 2))
[2026-08-31 11:24:21.064] [758484] [HailoRT] [info] [queue_elements.cpp:800] [create] Created (UserBuffQEl10scrfd_2_5g/conv55 | timeout: 10s)
[2026-08-31 11:24:21.064] [758484] [HailoRT] [info] [vstream.cpp:1114] [OutputVStreamImpl] Creating scrfd_2_5g/conv55...
[2026-08-31 11:24:21.064] [758484] [HailoRT] [info] [vstream_builder.cpp:220] [create_outputs] Output pipeline 'scrfd_2_5g/conv55': HW >> (HwReadEl10scrfd_2_5g/conv55 | hw_frame_size: 800) >> (PullQEl_hw_read10scrfd_2_5g/conv55) >> (PostInferEl10scrfd_2_5g/conv55 | Quantization - src_type: UINT8, dst_type FLOAT32, limvals_min: 0, limvals_max: 1 | Reorder - src_order: NHCW, src_shape: (20, 20, 2), dst_order: NHWC, dst_shape: (20, 20, 2)) >> (UserBuffQEl10scrfd_2_5g/conv55 | timeout: 10s)
[2026-08-31 11:24:21.064] [758484] [HailoRT] [info] [edge_elements.cpp:287] [create] Created (HwReadEl9scrfd_2_5g/conv56 | hw_frame_size: 3200)
[2026-08-31 11:24:21.064] [758484] [HailoRT] [info] [queue_elements.cpp:657] [create] Created (PullQEl_hw_read9scrfd_2_5g/conv56)
[2026-08-31 11:24:21.064] [758484] [HailoRT] [info] [filter_elements.cpp:372] [create] Created (PostInferEl9scrfd_2_5g/conv56 | Quantization - src_type: UINT8, dst_type FLOAT32, limvals_min: -0.0299247, limvals_max: 7.60086 | Reorder - src_order: NHCW, src_shape: (20, 20, 8), dst_order: NHWC, dst_shape: (20, 20, 8))
[2026-08-31 11:24:21.065] [758484] [HailoRT] [info] [queue_elements.cpp:800] [create] Created (UserBuffQEl9scrfd_2_5g/conv56 | timeout: 10s)
[2026-08-31 11:24:21.065] [758484] [HailoRT] [info] [vstream.cpp:1114] [OutputVStreamImpl] Creating scrfd_2_5g/conv56...
[2026-08-31 11:24:21.065] [758484] [HailoRT] [info] [vstream_builder.cpp:220] [create_outputs] Output pipeline 'scrfd_2_5g/conv56': HW >> (HwReadEl9scrfd_2_5g/conv56 | hw_frame_size: 3200) >> (PullQEl_hw_read9scrfd_2_5g/conv56) >> (PostInferEl9scrfd_2_5g/conv56 | Quantization - src_type: UINT8, dst_type FLOAT32, limvals_min: -0.0299247, limvals_max: 7.60086 | Reorder - src_order: NHCW, src_shape: (20, 20, 8), dst_order: NHWC, dst_shape: (20, 20, 8)) >> (UserBuffQEl9scrfd_2_5g/conv56 | timeout: 10s)
[2026-08-31 11:24:21.065] [758484] [HailoRT] [info] [edge_elements.cpp:287] [create] Created (HwReadEl13scrfd_2_5g/conv57 | hw_frame_size: 9600)
[2026-08-31 11:24:21.065] [758484] [HailoRT] [info] [queue_elements.cpp:657] [create] Created (PullQEl_hw_read13scrfd_2_5g/conv57)
[2026-08-31 11:24:21.065] [758484] [HailoRT] [info] [filter_elements.cpp:372] [create] Created (PostInferEl13scrfd_2_5g/conv57 | Quantization - src_type: UINT8, dst_type FLOAT32, limvals_min: -4.03285, limvals_max: 5.14908 | Reorder - src_order: FCR, src_shape: (20, 20, 24), dst_order: FCR, dst_shape: (20, 20, 20))
[2026-08-31 11:24:21.065] [758484] [HailoRT] [info] [queue_elements.cpp:800] [create] Created (UserBuffQEl13scrfd_2_5g/conv57 | timeout: 10s)
[2026-08-31 11:24:21.065] [758484] [HailoRT] [info] [vstream.cpp:1114] [OutputVStreamImpl] Creating scrfd_2_5g/conv57...
[2026-08-31 11:24:21.065] [758484] [HailoRT] [info] [vstream_builder.cpp:220] [create_outputs] Output pipeline 'scrfd_2_5g/conv57': HW >> (HwReadEl13scrfd_2_5g/conv57 | hw_frame_size: 9600) >> (PullQEl_hw_read13scrfd_2_5g/conv57) >> (PostInferEl13scrfd_2_5g/conv57 | Quantization - src_type: UINT8, dst_type FLOAT32, limvals_min: -4.03285, limvals_max: 5.14908 | Reorder - src_order: FCR, src_shape: (20, 20, 24), dst_order: FCR, dst_shape: (20, 20, 20)) >> (UserBuffQEl13scrfd_2_5g/conv57 | timeout: 10s)
[2026-08-31 11:24:21.066] [758484] [HailoRT] [info] [core_op.cpp:156] [activate] Activating scrfd_2_5g took 1.007458 milliseconds. Note that the function is asynchronous and thus the network is not fully activated yet.
[2026-08-31 11:24:21.066] [758484] [HailoRT] [info] [core_op.cpp:156] [activate] Activating scrfd_2_5g took 1.029774 milliseconds. Note that the function is asynchronous and thus the network is not fully activated yet.
[2026-08-31 11:24:21.075] [1216627] [HailoRT] [info] [vdevice_native_stream.cpp:331] [read_impl] Failed read from stream HAILO_STREAM_NOT_ACTIVATED(72) (device: 0001:01:00.0)
[2026-08-31 11:24:21.075] [1216639] [HailoRT] [info] [vdevice_native_stream.cpp:331] [read_impl] Failed read from stream HAILO_STREAM_NOT_ACTIVATED(72) (device: 0001:01:00.0)
[2026-08-31 11:24:21.075] [1216631] [HailoRT] [info] [vdevice_native_stream.cpp:331] [read_impl] Failed read from stream HAILO_STREAM_NOT_ACTIVATED(72) (device: 0001:01:00.0)
[2026-08-31 11:24:21.075] [1216635] [HailoRT] [info] [vdevice_native_stream.cpp:331] [read_impl] Failed read from stream HAILO_STREAM_NOT_ACTIVATED(72) (device: 0001:01:00.0)
[2026-08-31 11:24:21.075] [1216637] [HailoRT] [info] [vdevice_native_stream.cpp:331] [read_impl] Failed read from stream HAILO_STREAM_NOT_ACTIVATED(72) (device: 0001:01:00.0)
[2026-08-31 11:24:21.076] [758484] [HailoRT] [info] [core_op.cpp:186] [deactivate] Deactivating took 1.104034 ms
[2026-08-31 11:24:21.076] [758484] [HailoRT] [info] [core_op.cpp:186] [deactivate] Deactivating took 1.128738 ms
[2026-08-31 11:24:21.077] [1216628] [HailoRT] [info] [queue_elements.cpp:855] [run_in_thread] Shutdown event was signaled in dequeue of UserBuffQEl3scrfd_2_5g/conv42!
[2026-08-31 11:24:21.077] [1216627] [HailoRT] [info] [queue_elements.cpp:734] [run_in_thread] Shutdown event was signaled in run_pull of queue element PullQEl_hw_read3scrfd_2_5g/conv42!
[2026-08-31 11:24:21.075] [1216641] [HailoRT] [info] [vdevice_native_stream.cpp:331] [read_impl] Failed read from stream HAILO_STREAM_NOT_ACTIVATED(72) (device: 0001:01:00.0)
[2026-08-31 11:24:21.075] [1216643] [HailoRT] [info] [vdevice_native_stream.cpp:331] [read_impl] Failed read from stream HAILO_STREAM_NOT_ACTIVATED(72) (device: 0001:01:00.0)
[2026-08-31 11:24:21.076] [1216629] [HailoRT] [info] [vdevice_native_stream.cpp:331] [read_impl] Failed read from stream HAILO_STREAM_NOT_ACTIVATED(72) (device: 0001:01:00.0)
[2026-08-31 11:24:21.076] [1216633] [HailoRT] [info] [vdevice_native_stream.cpp:331] [read_impl] Failed read from stream HAILO_STREAM_NOT_ACTIVATED(72) (device: 0001:01:00.0)
[2026-08-31 11:24:21.077] [1216627] [HailoRT] [info] [queue_elements.cpp:68] [operator()] Thread in element PullQEl_hw_read3scrfd_2_5g/conv42 is not running anymore, exiting..
[2026-08-31 11:24:21.077] [758484] [HailoRT] [info] [queue_elements.cpp:46] [~BaseQueueElement] Queue element PullQEl_hw_read3scrfd_2_5g/conv42 has 0 frames in his Queue on destruction
[2026-08-31 11:24:21.078] [1216628] [HailoRT] [info] [queue_elements.cpp:68] [operator()] Thread in element UserBuffQEl3scrfd_2_5g/conv42 is not running anymore, exiting..
[2026-08-31 11:24:21.078] [758484] [HailoRT] [info] [queue_elements.cpp:46] [~BaseQueueElement] Queue element UserBuffQEl3scrfd_2_5g/conv42 has 0 frames in his Queue on destruction
[2026-08-31 11:24:21.078] [1216629] [HailoRT] [info] [queue_elements.cpp:734] [run_in_thread] Shutdown event was signaled in run_pull of queue element PullQEl_hw_read0scrfd_2_5g/conv43!
[2026-08-31 11:24:21.078] [1216630] [HailoRT] [info] [queue_elements.cpp:855] [run_in_thread] Shutdown event was signaled in dequeue of UserBuffQEl0scrfd_2_5g/conv43!
[2026-08-31 11:24:21.078] [1216629] [HailoRT] [info] [queue_elements.cpp:68] [operator()] Thread in element PullQEl_hw_read0scrfd_2_5g/conv43 is not running anymore, exiting..
[2026-08-31 11:24:21.078] [758484] [HailoRT] [info] [queue_elements.cpp:46] [~BaseQueueElement] Queue element PullQEl_hw_read0scrfd_2_5g/conv43 has 0 frames in his Queue on destruction
[2026-08-31 11:24:21.078] [1216630] [HailoRT] [info] [queue_elements.cpp:68] [operator()] Thread in element UserBuffQEl0scrfd_2_5g/conv43 is not running anymore, exiting..
[2026-08-31 11:24:21.078] [758484] [HailoRT] [info] [queue_elements.cpp:46] [~BaseQueueElement] Queue element UserBuffQEl0scrfd_2_5g/conv43 has 0 frames in his Queue on destruction
[2026-08-31 11:24:21.078] [1216632] [HailoRT] [info] [queue_elements.cpp:855] [run_in_thread] Shutdown event was signaled in dequeue of UserBuffQEl2scrfd_2_5g/conv44!
[2026-08-31 11:24:21.078] [1216631] [HailoRT] [info] [queue_elements.cpp:734] [run_in_thread] Shutdown event was signaled in run_pull of queue element PullQEl_hw_read2scrfd_2_5g/conv44!
[2026-08-31 11:24:21.078] [1216631] [HailoRT] [info] [queue_elements.cpp:68] [operator()] Thread in element PullQEl_hw_read2scrfd_2_5g/conv44 is not running anymore, exiting..
[2026-08-31 11:24:21.078] [758484] [HailoRT] [info] [queue_elements.cpp:46] [~BaseQueueElement] Queue element PullQEl_hw_read2scrfd_2_5g/conv44 has 0 frames in his Queue on destruction
[2026-08-31 11:24:21.078] [1216632] [HailoRT] [info] [queue_elements.cpp:68] [operator()] Thread in element UserBuffQEl2scrfd_2_5g/conv44 is not running anymore, exiting..
[2026-08-31 11:24:21.078] [758484] [HailoRT] [info] [queue_elements.cpp:46] [~BaseQueueElement] Queue element UserBuffQEl2scrfd_2_5g/conv44 has 0 frames in his Queue on destruction
[2026-08-31 11:24:21.079] [1216633] [HailoRT] [info] [queue_elements.cpp:734] [run_in_thread] Shutdown event was signaled in run_pull of queue element PullQEl_hw_read14scrfd_2_5g/conv49!
[2026-08-31 11:24:21.079] [1216634] [HailoRT] [info] [queue_elements.cpp:855] [run_in_thread] Shutdown event was signaled in dequeue of UserBuffQEl14scrfd_2_5g/conv49!
[2026-08-31 11:24:21.079] [1216633] [HailoRT] [info] [queue_elements.cpp:68] [operator()] Thread in element PullQEl_hw_read14scrfd_2_5g/conv49 is not running anymore, exiting..
[2026-08-31 11:24:21.079] [758484] [HailoRT] [info] [queue_elements.cpp:46] [~BaseQueueElement] Queue element PullQEl_hw_read14scrfd_2_5g/conv49 has 0 frames in his Queue on destruction
[2026-08-31 11:24:21.079] [1216634] [HailoRT] [info] [queue_elements.cpp:68] [operator()] Thread in element UserBuffQEl14scrfd_2_5g/conv49 is not running anymore, exiting..
[2026-08-31 11:24:21.079] [758484] [HailoRT] [info] [queue_elements.cpp:46] [~BaseQueueElement] Queue element UserBuffQEl14scrfd_2_5g/conv49 has 0 frames in his Queue on destruction
[2026-08-31 11:24:21.079] [1216636] [HailoRT] [info] [queue_elements.cpp:855] [run_in_thread] Shutdown event was signaled in dequeue of UserBuffQEl12scrfd_2_5g/conv50!
[2026-08-31 11:24:21.079] [1216635] [HailoRT] [info] [queue_elements.cpp:734] [run_in_thread] Shutdown event was signaled in run_pull of queue element PullQEl_hw_read12scrfd_2_5g/conv50!
[2026-08-31 11:24:21.079] [1216635] [HailoRT] [info] [queue_elements.cpp:68] [operator()] Thread in element PullQEl_hw_read12scrfd_2_5g/conv50 is not running anymore, exiting..
[2026-08-31 11:24:21.079] [758484] [HailoRT] [info] [queue_elements.cpp:46] [~BaseQueueElement] Queue element PullQEl_hw_read12scrfd_2_5g/conv50 has 0 frames in his Queue on destruction
[2026-08-31 11:24:21.079] [1216636] [HailoRT] [info] [queue_elements.cpp:68] [operator()] Thread in element UserBuffQEl12scrfd_2_5g/conv50 is not running anymore, exiting..
[2026-08-31 11:24:21.079] [758484] [HailoRT] [info] [queue_elements.cpp:46] [~BaseQueueElement] Queue element UserBuffQEl12scrfd_2_5g/conv50 has 0 frames in his Queue on destruction
[2026-08-31 11:24:21.079] [1216638] [HailoRT] [info] [queue_elements.cpp:855] [run_in_thread] Shutdown event was signaled in dequeue of UserBuffQEl1scrfd_2_5g/conv51!
[2026-08-31 11:24:21.079] [1216637] [HailoRT] [info] [queue_elements.cpp:734] [run_in_thread] Shutdown event was signaled in run_pull of queue element PullQEl_hw_read1scrfd_2_5g/conv51!
[2026-08-31 11:24:21.079] [1216637] [HailoRT] [info] [queue_elements.cpp:68] [operator()] Thread in element PullQEl_hw_read1scrfd_2_5g/conv51 is not running anymore, exiting..
[2026-08-31 11:24:21.079] [758484] [HailoRT] [info] [queue_elements.cpp:46] [~BaseQueueElement] Queue element PullQEl_hw_read1scrfd_2_5g/conv51 has 0 frames in his Queue on destruction
[2026-08-31 11:24:21.079] [1216638] [HailoRT] [info] [queue_elements.cpp:68] [operator()] Thread in element UserBuffQEl1scrfd_2_5g/conv51 is not running anymore, exiting..
[2026-08-31 11:24:21.079] [758484] [HailoRT] [info] [queue_elements.cpp:46] [~BaseQueueElement] Queue element UserBuffQEl1scrfd_2_5g/conv51 has 0 frames in his Queue on destruction
[2026-08-31 11:24:21.079] [1216640] [HailoRT] [info] [queue_elements.cpp:855] [run_in_thread] Shutdown event was signaled in dequeue of UserBuffQEl10scrfd_2_5g/conv55!
[2026-08-31 11:24:21.079] [1216639] [HailoRT] [info] [queue_elements.cpp:734] [run_in_thread] Shutdown event was signaled in run_pull of queue element PullQEl_hw_read10scrfd_2_5g/conv55!
[2026-08-31 11:24:21.080] [1216639] [HailoRT] [info] [queue_elements.cpp:68] [operator()] Thread in element PullQEl_hw_read10scrfd_2_5g/conv55 is not running anymore, exiting..
[2026-08-31 11:24:21.080] [758484] [HailoRT] [info] [queue_elements.cpp:46] [~BaseQueueElement] Queue element PullQEl_hw_read10scrfd_2_5g/conv55 has 0 frames in his Queue on destruction
[2026-08-31 11:24:21.080] [1216640] [HailoRT] [info] [queue_elements.cpp:68] [operator()] Thread in element UserBuffQEl10scrfd_2_5g/conv55 is not running anymore, exiting..
[2026-08-31 11:24:21.080] [758484] [HailoRT] [info] [queue_elements.cpp:46] [~BaseQueueElement] Queue element UserBuffQEl10scrfd_2_5g/conv55 has 0 frames in his Queue on destruction
[2026-08-31 11:24:21.080] [1216641] [HailoRT] [info] [queue_elements.cpp:734] [run_in_thread] Shutdown event was signaled in run_pull of queue element PullQEl_hw_read9scrfd_2_5g/conv56!
[2026-08-31 11:24:21.080] [1216642] [HailoRT] [info] [queue_elements.cpp:855] [run_in_thread] Shutdown event was signaled in dequeue of UserBuffQEl9scrfd_2_5g/conv56!
[2026-08-31 11:24:21.080] [1216641] [HailoRT] [info] [queue_elements.cpp:68] [operator()] Thread in element PullQEl_hw_read9scrfd_2_5g/conv56 is not running anymore, exiting..
[2026-08-31 11:24:21.080] [758484] [HailoRT] [info] [queue_elements.cpp:46] [~BaseQueueElement] Queue element PullQEl_hw_read9scrfd_2_5g/conv56 has 0 frames in his Queue on destruction
[2026-08-31 11:24:21.080] [1216642] [HailoRT] [info] [queue_elements.cpp:68] [operator()] Thread in element UserBuffQEl9scrfd_2_5g/conv56 is not running anymore, exiting..
[2026-08-31 11:24:21.080] [758484] [HailoRT] [info] [queue_elements.cpp:46] [~BaseQueueElement] Queue element UserBuffQEl9scrfd_2_5g/conv56 has 0 frames in his Queue on destruction
[2026-08-31 11:24:21.080] [1216644] [HailoRT] [info] [queue_elements.cpp:855] [run_in_thread] Shutdown event was signaled in dequeue of UserBuffQEl13scrfd_2_5g/conv57!
[2026-08-31 11:24:21.080] [1216643] [HailoRT] [info] [queue_elements.cpp:734] [run_in_thread] Shutdown event was signaled in run_pull of queue element PullQEl_hw_read13scrfd_2_5g/conv57!
[2026-08-31 11:24:21.080] [1216643] [HailoRT] [info] [queue_elements.cpp:68] [operator()] Thread in element PullQEl_hw_read13scrfd_2_5g/conv57 is not running anymore, exiting..
[2026-08-31 11:24:21.080] [758484] [HailoRT] [info] [queue_elements.cpp:46] [~BaseQueueElement] Queue element PullQEl_hw_read13scrfd_2_5g/conv57 has 0 frames in his Queue on destruction
[2026-08-31 11:24:21.080] [1216644] [HailoRT] [info] [queue_elements.cpp:68] [operator()] Thread in element UserBuffQEl13scrfd_2_5g/conv57 is not running anymore, exiting..
[2026-08-31 11:24:21.080] [758484] [HailoRT] [info] [queue_elements.cpp:46] [~BaseQueueElement] Queue element UserBuffQEl13scrfd_2_5g/conv57 has 0 frames in his Queue on destruction
[2026-08-31 11:24:21.173] [758484] [HailoRT] [info] [edge_elements.cpp:52] [create] Created (HwWriteEl3scrfd_2_5g/input_layer1 | hw_frame_size: 1228800)
[2026-08-31 11:24:21.173] [758484] [HailoRT] [info] [vstream.cpp:754] [InputVStreamImpl] Creating scrfd_2_5g/input_layer1...
[2026-08-31 11:24:21.173] [758484] [HailoRT] [info] [vstream_builder.cpp:102] [create_inputs] Input pipeline 'scrfd_2_5g/input_layer1': (HwWriteEl3scrfd_2_5g/input_layer1 | hw_frame_size: 1228800) >> HW
[2026-08-31 11:24:21.173] [758484] [HailoRT] [info] [edge_elements.cpp:287] [create] Created (HwReadEl3scrfd_2_5g/conv42 | hw_frame_size: 12800)
[2026-08-31 11:24:21.175] [758484] [HailoRT] [info] [queue_elements.cpp:657] [create] Created (PullQEl_hw_read3scrfd_2_5g/conv42)
[2026-08-31 11:24:21.175] [758484] [HailoRT] [info] [filter_elements.cpp:372] [create] Created (PostInferEl3scrfd_2_5g/conv42 | Quantization - src_type: UINT8, dst_type FLOAT32, limvals_min: 0, limvals_max: 1)
[2026-08-31 11:24:21.176] [758484] [HailoRT] [info] [queue_elements.cpp:800] [create] Created (UserBuffQEl3scrfd_2_5g/conv42 | timeout: 10s)
[2026-08-31 11:24:21.176] [758484] [HailoRT] [info] [vstream.cpp:1114] [OutputVStreamImpl] Creating scrfd_2_5g/conv42...
[2026-08-31 11:24:21.177] [758484] [HailoRT] [info] [vstream_builder.cpp:220] [create_outputs] Output pipeline 'scrfd_2_5g/conv42': HW >> (HwReadEl3scrfd_2_5g/conv42 | hw_frame_size: 12800) >> (PullQEl_hw_read3scrfd_2_5g/conv42) >> (PostInferEl3scrfd_2_5g/conv42 | Quantization - src_type: UINT8, dst_type FLOAT32, limvals_min: 0, limvals_max: 1) >> (UserBuffQEl3scrfd_2_5g/conv42 | timeout: 10s)
[2026-08-31 11:24:21.177] [758484] [HailoRT] [info] [edge_elements.cpp:287] [create] Created (HwReadEl0scrfd_2_5g/conv43 | hw_frame_size: 51200)
[2026-08-31 11:24:21.177] [758484] [HailoRT] [info] [queue_elements.cpp:657] [create] Created (PullQEl_hw_read0scrfd_2_5g/conv43)
[2026-08-31 11:24:21.177] [758484] [HailoRT] [info] [filter_elements.cpp:372] [create] Created (PostInferEl0scrfd_2_5g/conv43 | Quantization - src_type: UINT8, dst_type FLOAT32, limvals_min: -0.0793963, limvals_max: 4.98212)
[2026-08-31 11:24:21.177] [758484] [HailoRT] [info] [queue_elements.cpp:800] [create] Created (UserBuffQEl0scrfd_2_5g/conv43 | timeout: 10s)
[2026-08-31 11:24:21.177] [758484] [HailoRT] [info] [vstream.cpp:1114] [OutputVStreamImpl] Creating scrfd_2_5g/conv43...
[2026-08-31 11:24:21.177] [758484] [HailoRT] [info] [vstream_builder.cpp:220] [create_outputs] Output pipeline 'scrfd_2_5g/conv43': HW >> (HwReadEl0scrfd_2_5g/conv43 | hw_frame_size: 51200) >> (PullQEl_hw_read0scrfd_2_5g/conv43) >> (PostInferEl0scrfd_2_5g/conv43 | Quantization - src_type: UINT8, dst_type FLOAT32, limvals_min: -0.0793963, limvals_max: 4.98212) >> (UserBuffQEl0scrfd_2_5g/conv43 | timeout: 10s)
[2026-08-31 11:24:21.177] [758484] [HailoRT] [info] [edge_elements.cpp:287] [create] Created (HwReadEl2scrfd_2_5g/conv44 | hw_frame_size: 153600)
[2026-08-31 11:24:21.177] [758484] [HailoRT] [info] [queue_elements.cpp:657] [create] Created (PullQEl_hw_read2scrfd_2_5g/conv44)
[2026-08-31 11:24:21.177] [758484] [HailoRT] [info] [filter_elements.cpp:372] [create] Created (PostInferEl2scrfd_2_5g/conv44 | Quantization - src_type: UINT8, dst_type FLOAT32, limvals_min: -3.16292, limvals_max: 3.50274 | Reorder - src_order: FCR, src_shape: (80, 80, 24), dst_order: FCR, dst_shape: (80, 80, 20))
[2026-08-31 11:24:21.178] [758484] [HailoRT] [info] [queue_elements.cpp:800] [create] Created (UserBuffQEl2scrfd_2_5g/conv44 | timeout: 10s)
[2026-08-31 11:24:21.178] [758484] [HailoRT] [info] [vstream.cpp:1114] [OutputVStreamImpl] Creating scrfd_2_5g/conv44...
[2026-08-31 11:24:21.178] [758484] [HailoRT] [info] [vstream_builder.cpp:220] [create_outputs] Output pipeline 'scrfd_2_5g/conv44': HW >> (HwReadEl2scrfd_2_5g/conv44 | hw_frame_size: 153600) >> (PullQEl_hw_read2scrfd_2_5g/conv44) >> (PostInferEl2scrfd_2_5g/conv44 | Quantization - src_type: UINT8, dst_type FLOAT32, limvals_min: -3.16292, limvals_max: 3.50274 | Reorder - src_order: FCR, src_shape: (80, 80, 24), dst_order: FCR, dst_shape: (80, 80, 20)) >> (UserBuffQEl2scrfd_2_5g/conv44 | timeout: 10s)
[2026-08-31 11:24:21.178] [758484] [HailoRT] [info] [edge_elements.cpp:287] [create] Created (HwReadEl14scrfd_2_5g/conv49 | hw_frame_size: 3200)
[2026-08-31 11:24:21.178] [758484] [HailoRT] [info] [queue_elements.cpp:657] [create] Created (PullQEl_hw_read14scrfd_2_5g/conv49)
[2026-08-31 11:24:21.178] [758484] [HailoRT] [info] [filter_elements.cpp:372] [create] Created (PostInferEl14scrfd_2_5g/conv49 | Quantization - src_type: UINT8, dst_type FLOAT32, limvals_min: 0, limvals_max: 1)
[2026-08-31 11:24:21.179] [758484] [HailoRT] [info] [queue_elements.cpp:800] [create] Created (UserBuffQEl14scrfd_2_5g/conv49 | timeout: 10s)
[2026-08-31 11:24:21.179] [758484] [HailoRT] [info] [vstream.cpp:1114] [OutputVStreamImpl] Creating scrfd_2_5g/conv49...
[2026-08-31 11:24:21.179] [758484] [HailoRT] [info] [vstream_builder.cpp:220] [create_outputs] Output pipeline 'scrfd_2_5g/conv49': HW >> (HwReadEl14scrfd_2_5g/conv49 | hw_frame_size: 3200) >> (PullQEl_hw_read14scrfd_2_5g/conv49) >> (PostInferEl14scrfd_2_5g/conv49 | Quantization - src_type: UINT8, dst_type FLOAT32, limvals_min: 0, limvals_max: 1) >> (UserBuffQEl14scrfd_2_5g/conv49 | timeout: 10s)
[2026-08-31 11:24:21.180] [758484] [HailoRT] [info] [edge_elements.cpp:287] [create] Created (HwReadEl12scrfd_2_5g/conv50 | hw_frame_size: 12800)
[2026-08-31 11:24:21.180] [758484] [HailoRT] [info] [queue_elements.cpp:657] [create] Created (PullQEl_hw_read12scrfd_2_5g/conv50)
[2026-08-31 11:24:21.180] [758484] [HailoRT] [info] [filter_elements.cpp:372] [create] Created (PostInferEl12scrfd_2_5g/conv50 | Quantization - src_type: UINT8, dst_type FLOAT32, limvals_min: 0, limvals_max: 8.10626)
[2026-08-31 11:24:21.180] [758484] [HailoRT] [info] [queue_elements.cpp:800] [create] Created (UserBuffQEl12scrfd_2_5g/conv50 | timeout: 10s)
[2026-08-31 11:24:21.180] [758484] [HailoRT] [info] [vstream.cpp:1114] [OutputVStreamImpl] Creating scrfd_2_5g/conv50...
[2026-08-31 11:24:21.180] [758484] [HailoRT] [info] [vstream_builder.cpp:220] [create_outputs] Output pipeline 'scrfd_2_5g/conv50': HW >> (HwReadEl12scrfd_2_5g/conv50 | hw_frame_size: 12800) >> (PullQEl_hw_read12scrfd_2_5g/conv50) >> (PostInferEl12scrfd_2_5g/conv50 | Quantization - src_type: UINT8, dst_type FLOAT32, limvals_min: 0, limvals_max: 8.10626) >> (UserBuffQEl12scrfd_2_5g/conv50 | timeout: 10s)
[2026-08-31 11:24:21.180] [758484] [HailoRT] [info] [edge_elements.cpp:287] [create] Created (HwReadEl1scrfd_2_5g/conv51 | hw_frame_size: 38400)
[2026-08-31 11:24:21.182] [758484] [HailoRT] [info] [queue_elements.cpp:657] [create] Created (PullQEl_hw_read1scrfd_2_5g/conv51)
[2026-08-31 11:24:21.182] [758484] [HailoRT] [info] [filter_elements.cpp:372] [create] Created (PostInferEl1scrfd_2_5g/conv51 | Quantization - src_type: UINT8, dst_type FLOAT32, limvals_min: -4.24698, limvals_max: 5.17024 | Reorder - src_order: FCR, src_shape: (40, 40, 24), dst_order: FCR, dst_shape: (40, 40, 20))
[2026-08-31 11:24:21.182] [758484] [HailoRT] [info] [queue_elements.cpp:800] [create] Created (UserBuffQEl1scrfd_2_5g/conv51 | timeout: 10s)
[2026-08-31 11:24:21.182] [758484] [HailoRT] [info] [vstream.cpp:1114] [OutputVStreamImpl] Creating scrfd_2_5g/conv51...
[2026-08-31 11:24:21.182] [758484] [HailoRT] [info] [vstream_builder.cpp:220] [create_outputs] Output pipeline 'scrfd_2_5g/conv51': HW >> (HwReadEl1scrfd_2_5g/conv51 | hw_frame_size: 38400) >> (PullQEl_hw_read1scrfd_2_5g/conv51) >> (PostInferEl1scrfd_2_5g/conv51 | Quantization - src_type: UINT8, dst_type FLOAT32, limvals_min: -4.24698, limvals_max: 5.17024 | Reorder - src_order: FCR, src_shape: (40, 40, 24), dst_order: FCR, dst_shape: (40, 40, 20)) >> (UserBuffQEl1scrfd_2_5g/conv51 | timeout: 10s)
[2026-08-31 11:24:21.183] [758484] [HailoRT] [info] [edge_elements.cpp:287] [create] Created (HwReadEl10scrfd_2_5g/conv55 | hw_frame_size: 800)
[2026-08-31 11:24:21.183] [758484] [HailoRT] [info] [queue_elements.cpp:657] [create] Created (PullQEl_hw_read10scrfd_2_5g/conv55)
[2026-08-31 11:24:21.183] [758484] [HailoRT] [info] [filter_elements.cpp:372] [create] Created (PostInferEl10scrfd_2_5g/conv55 | Quantization - src_type: UINT8, dst_type FLOAT32, limvals_min: 0, limvals_max: 1 | Reorder - src_order: NHCW, src_shape: (20, 20, 2), dst_order: NHWC, dst_shape: (20, 20, 2))
[2026-08-31 11:24:21.183] [758484] [HailoRT] [info] [queue_elements.cpp:800] [create] Created (UserBuffQEl10scrfd_2_5g/conv55 | timeout: 10s)
[2026-08-31 11:24:21.183] [758484] [HailoRT] [info] [vstream.cpp:1114] [OutputVStreamImpl] Creating scrfd_2_5g/conv55...
[2026-08-31 11:24:21.183] [758484] [HailoRT] [info] [vstream_builder.cpp:220] [create_outputs] Output pipeline 'scrfd_2_5g/conv55': HW >> (HwReadEl10scrfd_2_5g/conv55 | hw_frame_size: 800) >> (PullQEl_hw_read10scrfd_2_5g/conv55) >> (PostInferEl10scrfd_2_5g/conv55 | Quantization - src_type: UINT8, dst_type FLOAT32, limvals_min: 0, limvals_max: 1 | Reorder - src_order: NHCW, src_shape: (20, 20, 2), dst_order: NHWC, dst_shape: (20, 20, 2)) >> (UserBuffQEl10scrfd_2_5g/conv55 | timeout: 10s)
[2026-08-31 11:24:21.184] [758484] [HailoRT] [info] [edge_elements.cpp:287] [create] Created (HwReadEl9scrfd_2_5g/conv56 | hw_frame_size: 3200)
[2026-08-31 11:24:21.187] [758484] [HailoRT] [info] [queue_elements.cpp:657] [create] Created (PullQEl_hw_read9scrfd_2_5g/conv56)
[2026-08-31 11:24:21.187] [758484] [HailoRT] [info] [filter_elements.cpp:372] [create] Created (PostInferEl9scrfd_2_5g/conv56 | Quantization - src_type: UINT8, dst_type FLOAT32, limvals_min: -0.0299247, limvals_max: 7.60086 | Reorder - src_order: NHCW, src_shape: (20, 20, 8), dst_order: NHWC, dst_shape: (20, 20, 8))
[2026-08-31 11:24:21.187] [758484] [HailoRT] [info] [queue_elements.cpp:800] [create] Created (UserBuffQEl9scrfd_2_5g/conv56 | timeout: 10s)
[2026-08-31 11:24:21.187] [758484] [HailoRT] [info] [vstream.cpp:1114] [OutputVStreamImpl] Creating scrfd_2_5g/conv56...
[2026-08-31 11:24:21.187] [758484] [HailoRT] [info] [vstream_builder.cpp:220] [create_outputs] Output pipeline 'scrfd_2_5g/conv56': HW >> (HwReadEl9scrfd_2_5g/conv56 | hw_frame_size: 3200) >> (PullQEl_hw_read9scrfd_2_5g/conv56) >> (PostInferEl9scrfd_2_5g/conv56 | Quantization - src_type: UINT8, dst_type FLOAT32, limvals_min: -0.0299247, limvals_max: 7.60086 | Reorder - src_order: NHCW, src_shape: (20, 20, 8), dst_order: NHWC, dst_shape: (20, 20, 8)) >> (UserBuffQEl9scrfd_2_5g/conv56 | timeout: 10s)
[2026-08-31 11:24:21.187] [758484] [HailoRT] [info] [edge_elements.cpp:287] [create] Created (HwReadEl13scrfd_2_5g/conv57 | hw_frame_size: 9600)
[2026-08-31 11:24:21.188] [758484] [HailoRT] [info] [queue_elements.cpp:657] [create] Created (PullQEl_hw_read13scrfd_2_5g/conv57)
[2026-08-31 11:24:21.188] [758484] [HailoRT] [info] [filter_elements.cpp:372] [create] Created (PostInferEl13scrfd_2_5g/conv57 | Quantization - src_type: UINT8, dst_type FLOAT32, limvals_min: -4.03285, limvals_max: 5.14908 | Reorder - src_order: FCR, src_shape: (20, 20, 24), dst_order: FCR, dst_shape: (20, 20, 20))
[2026-08-31 11:24:21.188] [758484] [HailoRT] [info] [queue_elements.cpp:800] [create] Created (UserBuffQEl13scrfd_2_5g/conv57 | timeout: 10s)
[2026-08-31 11:24:21.188] [758484] [HailoRT] [info] [vstream.cpp:1114] [OutputVStreamImpl] Creating scrfd_2_5g/conv57...
[2026-08-31 11:24:21.188] [758484] [HailoRT] [info] [vstream_builder.cpp:220] [create_outputs] Output pipeline 'scrfd_2_5g/conv57': HW >> (HwReadEl13scrfd_2_5g/conv57 | hw_frame_size: 9600) >> (PullQEl_hw_read13scrfd_2_5g/conv57) >> (PostInferEl13scrfd_2_5g/conv57 | Quantization - src_type: UINT8, dst_type FLOAT32, limvals_min: -4.03285, limvals_max: 5.14908 | Reorder - src_order: FCR, src_shape: (20, 20, 24), dst_order: FCR, dst_shape: (20, 20, 20)) >> (UserBuffQEl13scrfd_2_5g/conv57 | timeout: 10s)
[2026-08-31 11:24:21.189] [758484] [HailoRT] [info] [core_op.cpp:156] [activate] Activating scrfd_2_5g took 1.058663 milliseconds. Note that the function is asynchronous and thus the network is not fully activated yet.
[2026-08-31 11:24:21.191] [758484] [HailoRT] [info] [core_op.cpp:156] [activate] Activating scrfd_2_5g took 1.088663 milliseconds. Note that the function is asynchronous and thus the network is not fully activated yet.
[2026-08-31 11:24:21.200] [1216661] [HailoRT] [info] [vdevice_native_stream.cpp:331] [read_impl] Failed read from stream HAILO_STREAM_NOT_ACTIVATED(72) (device: 0001:01:00.0)
[2026-08-31 11:24:21.200] [1216663] [HailoRT] [info] [vdevice_native_stream.cpp:331] [read_impl] Failed read from stream HAILO_STREAM_NOT_ACTIVATED(72) (device: 0001:01:00.0)
[2026-08-31 11:24:21.200] [1216671] [HailoRT] [info] [vdevice_native_stream.cpp:331] [read_impl] Failed read from stream HAILO_STREAM_NOT_ACTIVATED(72) (device: 0001:01:00.0)
[2026-08-31 11:24:21.200] [1216667] [HailoRT] [info] [vdevice_native_stream.cpp:331] [read_impl] Failed read from stream HAILO_STREAM_NOT_ACTIVATED(72) (device: 0001:01:00.0)
[2026-08-31 11:24:21.200] [1216665] [HailoRT] [info] [vdevice_native_stream.cpp:331] [read_impl] Failed read from stream HAILO_STREAM_NOT_ACTIVATED(72) (device: 0001:01:00.0)
[2026-08-31 11:24:21.200] [1216669] [HailoRT] [info] [vdevice_native_stream.cpp:331] [read_impl] Failed read from stream HAILO_STREAM_NOT_ACTIVATED(72) (device: 0001:01:00.0)
[2026-08-31 11:24:21.200] [1216657] [HailoRT] [info] [vdevice_native_stream.cpp:331] [read_impl] Failed read from stream HAILO_STREAM_NOT_ACTIVATED(72) (device: 0001:01:00.0)
[2026-08-31 11:24:21.200] [1216655] [HailoRT] [info] [vdevice_native_stream.cpp:331] [read_impl] Failed read from stream HAILO_STREAM_NOT_ACTIVATED(72) (device: 0001:01:00.0)
[2026-08-31 11:24:21.200] [1216659] [HailoRT] [info] [vdevice_native_stream.cpp:331] [read_impl] Failed read from stream HAILO_STREAM_NOT_ACTIVATED(72) (device: 0001:01:00.0)
[2026-08-31 11:24:21.201] [758484] [HailoRT] [info] [core_op.cpp:186] [deactivate] Deactivating took 1.185165 ms
[2026-08-31 11:24:21.201] [758484] [HailoRT] [info] [core_op.cpp:186] [deactivate] Deactivating took 1.211628 ms
[2026-08-31 11:24:21.201] [1216655] [HailoRT] [info] [queue_elements.cpp:734] [run_in_thread] Shutdown event was signaled in run_pull of queue element PullQEl_hw_read3scrfd_2_5g/conv42!
[2026-08-31 11:24:21.201] [1216656] [HailoRT] [info] [queue_elements.cpp:855] [run_in_thread] Shutdown event was signaled in dequeue of UserBuffQEl3scrfd_2_5g/conv42!
[2026-08-31 11:24:21.201] [1216655] [HailoRT] [info] [queue_elements.cpp:68] [operator()] Thread in element PullQEl_hw_read3scrfd_2_5g/conv42 is not running anymore, exiting..
[2026-08-31 11:24:21.201] [758484] [HailoRT] [info] [queue_elements.cpp:46] [~BaseQueueElement] Queue element PullQEl_hw_read3scrfd_2_5g/conv42 has 0 frames in his Queue on destruction
[2026-08-31 11:24:21.201] [1216656] [HailoRT] [info] [queue_elements.cpp:68] [operator()] Thread in element UserBuffQEl3scrfd_2_5g/conv42 is not running anymore, exiting..
[2026-08-31 11:24:21.201] [758484] [HailoRT] [info] [queue_elements.cpp:46] [~BaseQueueElement] Queue element UserBuffQEl3scrfd_2_5g/conv42 has 0 frames in his Queue on destruction
[2026-08-31 11:24:21.201] [1216657] [HailoRT] [info] [queue_elements.cpp:734] [run_in_thread] Shutdown event was signaled in run_pull of queue element PullQEl_hw_read0scrfd_2_5g/conv43!
[2026-08-31 11:24:21.201] [1216658] [HailoRT] [info] [queue_elements.cpp:855] [run_in_thread] Shutdown event was signaled in dequeue of UserBuffQEl0scrfd_2_5g/conv43!
[2026-08-31 11:24:21.202] [1216657] [HailoRT] [info] [queue_elements.cpp:68] [operator()] Thread in element PullQEl_hw_read0scrfd_2_5g/conv43 is not running anymore, exiting..
[2026-08-31 11:24:21.202] [758484] [HailoRT] [info] [queue_elements.cpp:46] [~BaseQueueElement] Queue element PullQEl_hw_read0scrfd_2_5g/conv43 has 0 frames in his Queue on destruction
[2026-08-31 11:24:21.202] [1216658] [HailoRT] [info] [queue_elements.cpp:68] [operator()] Thread in element UserBuffQEl0scrfd_2_5g/conv43 is not running anymore, exiting..
[2026-08-31 11:24:21.202] [758484] [HailoRT] [info] [queue_elements.cpp:46] [~BaseQueueElement] Queue element UserBuffQEl0scrfd_2_5g/conv43 has 0 frames in his Queue on destruction
[2026-08-31 11:24:21.202] [1216659] [HailoRT] [info] [queue_elements.cpp:734] [run_in_thread] Shutdown event was signaled in run_pull of queue element PullQEl_hw_read2scrfd_2_5g/conv44!
[2026-08-31 11:24:21.202] [1216660] [HailoRT] [info] [queue_elements.cpp:855] [run_in_thread] Shutdown event was signaled in dequeue of UserBuffQEl2scrfd_2_5g/conv44!
[2026-08-31 11:24:21.202] [1216659] [HailoRT] [info] [queue_elements.cpp:68] [operator()] Thread in element PullQEl_hw_read2scrfd_2_5g/conv44 is not running anymore, exiting..
[2026-08-31 11:24:21.202] [758484] [HailoRT] [info] [queue_elements.cpp:46] [~BaseQueueElement] Queue element PullQEl_hw_read2scrfd_2_5g/conv44 has 0 frames in his Queue on destruction
[2026-08-31 11:24:21.202] [1216660] [HailoRT] [info] [queue_elements.cpp:68] [operator()] Thread in element UserBuffQEl2scrfd_2_5g/conv44 is not running anymore, exiting..
[2026-08-31 11:24:21.202] [758484] [HailoRT] [info] [queue_elements.cpp:46] [~BaseQueueElement] Queue element UserBuffQEl2scrfd_2_5g/conv44 has 0 frames in his Queue on destruction
[2026-08-31 11:24:21.202] [1216661] [HailoRT] [info] [queue_elements.cpp:734] [run_in_thread] Shutdown event was signaled in run_pull of queue element PullQEl_hw_read14scrfd_2_5g/conv49!
[2026-08-31 11:24:21.202] [1216662] [HailoRT] [info] [queue_elements.cpp:855] [run_in_thread] Shutdown event was signaled in dequeue of UserBuffQEl14scrfd_2_5g/conv49!
[2026-08-31 11:24:21.203] [1216661] [HailoRT] [info] [queue_elements.cpp:68] [operator()] Thread in element PullQEl_hw_read14scrfd_2_5g/conv49 is not running anymore, exiting..
[2026-08-31 11:24:21.203] [758484] [HailoRT] [info] [queue_elements.cpp:46] [~BaseQueueElement] Queue element PullQEl_hw_read14scrfd_2_5g/conv49 has 0 frames in his Queue on destruction
[2026-08-31 11:24:21.203] [1216662] [HailoRT] [info] [queue_elements.cpp:68] [operator()] Thread in element UserBuffQEl14scrfd_2_5g/conv49 is not running anymore, exiting..
[2026-08-31 11:24:21.203] [758484] [HailoRT] [info] [queue_elements.cpp:46] [~BaseQueueElement] Queue element UserBuffQEl14scrfd_2_5g/conv49 has 0 frames in his Queue on destruction
[2026-08-31 11:24:21.203] [1216664] [HailoRT] [info] [queue_elements.cpp:855] [run_in_thread] Shutdown event was signaled in dequeue of UserBuffQEl12scrfd_2_5g/conv50!
[2026-08-31 11:24:21.203] [1216663] [HailoRT] [info] [queue_elements.cpp:734] [run_in_thread] Shutdown event was signaled in run_pull of queue element PullQEl_hw_read12scrfd_2_5g/conv50!
[2026-08-31 11:24:21.203] [1216663] [HailoRT] [info] [queue_elements.cpp:68] [operator()] Thread in element PullQEl_hw_read12scrfd_2_5g/conv50 is not running anymore, exiting..
[2026-08-31 11:24:21.203] [758484] [HailoRT] [info] [queue_elements.cpp:46] [~BaseQueueElement] Queue element PullQEl_hw_read12scrfd_2_5g/conv50 has 0 frames in his Queue on destruction
[2026-08-31 11:24:21.203] [1216664] [HailoRT] [info] [queue_elements.cpp:68] [operator()] Thread in element UserBuffQEl12scrfd_2_5g/conv50 is not running anymore, exiting..
[2026-08-31 11:24:21.203] [758484] [HailoRT] [info] [queue_elements.cpp:46] [~BaseQueueElement] Queue element UserBuffQEl12scrfd_2_5g/conv50 has 0 frames in his Queue on destruction
[2026-08-31 11:24:21.203] [1216666] [HailoRT] [info] [queue_elements.cpp:855] [run_in_thread] Shutdown event was signaled in dequeue of UserBuffQEl1scrfd_2_5g/conv51!
[2026-08-31 11:24:21.203] [1216665] [HailoRT] [info] [queue_elements.cpp:734] [run_in_thread] Shutdown event was signaled in run_pull of queue element PullQEl_hw_read1scrfd_2_5g/conv51!
[2026-08-31 11:24:21.203] [1216665] [HailoRT] [info] [queue_elements.cpp:68] [operator()] Thread in element PullQEl_hw_read1scrfd_2_5g/conv51 is not running anymore, exiting..
[2026-08-31 11:24:21.203] [758484] [HailoRT] [info] [queue_elements.cpp:46] [~BaseQueueElement] Queue element PullQEl_hw_read1scrfd_2_5g/conv51 has 0 frames in his Queue on destruction
[2026-08-31 11:24:21.203] [1216666] [HailoRT] [info] [queue_elements.cpp:68] [operator()] Thread in element UserBuffQEl1scrfd_2_5g/conv51 is not running anymore, exiting..
[2026-08-31 11:24:21.203] [758484] [HailoRT] [info] [queue_elements.cpp:46] [~BaseQueueElement] Queue element UserBuffQEl1scrfd_2_5g/conv51 has 0 frames in his Queue on destruction
[2026-08-31 11:24:21.203] [1216667] [HailoRT] [info] [queue_elements.cpp:734] [run_in_thread] Shutdown event was signaled in run_pull of queue element PullQEl_hw_read10scrfd_2_5g/conv55!
[2026-08-31 11:24:21.203] [1216668] [HailoRT] [info] [queue_elements.cpp:855] [run_in_thread] Shutdown event was signaled in dequeue of UserBuffQEl10scrfd_2_5g/conv55!
[2026-08-31 11:24:21.203] [1216667] [HailoRT] [info] [queue_elements.cpp:68] [operator()] Thread in element PullQEl_hw_read10scrfd_2_5g/conv55 is not running anymore, exiting..
[2026-08-31 11:24:21.203] [758484] [HailoRT] [info] [queue_elements.cpp:46] [~BaseQueueElement] Queue element PullQEl_hw_read10scrfd_2_5g/conv55 has 0 frames in his Queue on destruction
[2026-08-31 11:24:21.204] [1216668] [HailoRT] [info] [queue_elements.cpp:68] [operator()] Thread in element UserBuffQEl10scrfd_2_5g/conv55 is not running anymore, exiting..
[2026-08-31 11:24:21.204] [758484] [HailoRT] [info] [queue_elements.cpp:46] [~BaseQueueElement] Queue element UserBuffQEl10scrfd_2_5g/conv55 has 0 frames in his Queue on destruction
[2026-08-31 11:24:21.204] [1216669] [HailoRT] [info] [queue_elements.cpp:734] [run_in_thread] Shutdown event was signaled in run_pull of queue element PullQEl_hw_read9scrfd_2_5g/conv56!
[2026-08-31 11:24:21.204] [1216670] [HailoRT] [info] [queue_elements.cpp:855] [run_in_thread] Shutdown event was signaled in dequeue of UserBuffQEl9scrfd_2_5g/conv56!
[2026-08-31 11:24:21.204] [1216669] [HailoRT] [info] [queue_elements.cpp:68] [operator()] Thread in element PullQEl_hw_read9scrfd_2_5g/conv56 is not running anymore, exiting..
[2026-08-31 11:24:21.204] [758484] [HailoRT] [info] [queue_elements.cpp:46] [~BaseQueueElement] Queue element PullQEl_hw_read9scrfd_2_5g/conv56 has 0 frames in his Queue on destruction
[2026-08-31 11:24:21.204] [1216670] [HailoRT] [info] [queue_elements.cpp:68] [operator()] Thread in element UserBuffQEl9scrfd_2_5g/conv56 is not running anymore, exiting..
[2026-08-31 11:24:21.204] [758484] [HailoRT] [info] [queue_elements.cpp:46] [~BaseQueueElement] Queue element UserBuffQEl9scrfd_2_5g/conv56 has 0 frames in his Queue on destruction
[2026-08-31 11:24:21.204] [1216671] [HailoRT] [info] [queue_elements.cpp:734] [run_in_thread] Shutdown event was signaled in run_pull of queue element PullQEl_hw_read13scrfd_2_5g/conv57!
[2026-08-31 11:24:21.204] [1216672] [HailoRT] [info] [queue_elements.cpp:855] [run_in_thread] Shutdown event was signaled in dequeue of UserBuffQEl13scrfd_2_5g/conv57!
[2026-08-31 11:24:21.204] [1216671] [HailoRT] [info] [queue_elements.cpp:68] [operator()] Thread in element PullQEl_hw_read13scrfd_2_5g/conv57 is not running anymore, exiting..
[2026-08-31 11:24:21.204] [758484] [HailoRT] [info] [queue_elements.cpp:46] [~BaseQueueElement] Queue element PullQEl_hw_read13scrfd_2_5g/conv57 has 0 frames in his Queue on destruction
[2026-08-31 11:24:21.204] [1216672] [HailoRT] [info] [queue_elements.cpp:68] [operator()] Thread in element UserBuffQEl13scrfd_2_5g/conv57 is not running anymore, exiting..
[2026-08-31 11:24:21.204] [758484] [HailoRT] [info] [queue_elements.cpp:46] [~BaseQueueElement] Queue element UserBuffQEl13scrfd_2_5g/conv57 has 0 frames in his Queue on destruction
[2026-08-31 11:24:21.402] [758484] [HailoRT] [info] [edge_elements.cpp:52] [create] Created (HwWriteEl3scrfd_2_5g/input_layer1 | hw_frame_size: 1228800)
[2026-08-31 11:24:21.402] [758484] [HailoRT] [info] [vstream.cpp:754] [InputVStreamImpl] Creating scrfd_2_5g/input_layer1...
[2026-08-31 11:24:21.402] [758484] [HailoRT] [info] [vstream_builder.cpp:102] [create_inputs] Input pipeline 'scrfd_2_5g/input_layer1': (HwWriteEl3scrfd_2_5g/input_layer1 | hw_frame_size: 1228800) >> HW
[2026-08-31 11:24:21.402] [758484] [HailoRT] [info] [edge_elements.cpp:287] [create] Created (HwReadEl3scrfd_2_5g/conv42 | hw_frame_size: 12800)
[2026-08-31 11:24:21.402] [758484] [HailoRT] [info] [queue_elements.cpp:657] [create] Created (PullQEl_hw_read3scrfd_2_5g/conv42)
[2026-08-31 11:24:21.402] [758484] [HailoRT] [info] [filter_elements.cpp:372] [create] Created (PostInferEl3scrfd_2_5g/conv42 | Quantization - src_type: UINT8, dst_type FLOAT32, limvals_min: 0, limvals_max: 1)
[2026-08-31 11:24:21.402] [758484] [HailoRT] [info] [queue_elements.cpp:800] [create] Created (UserBuffQEl3scrfd_2_5g/conv42 | timeout: 10s)
[2026-08-31 11:24:21.402] [758484] [HailoRT] [info] [vstream.cpp:1114] [OutputVStreamImpl] Creating scrfd_2_5g/conv42...
[2026-08-31 11:24:21.402] [758484] [HailoRT] [info] [vstream_builder.cpp:220] [create_outputs] Output pipeline 'scrfd_2_5g/conv42': HW >> (HwReadEl3scrfd_2_5g/conv42 | hw_frame_size: 12800) >> (PullQEl_hw_read3scrfd_2_5g/conv42) >> (PostInferEl3scrfd_2_5g/conv42 | Quantization - src_type: UINT8, dst_type FLOAT32, limvals_min: 0, limvals_max: 1) >> (UserBuffQEl3scrfd_2_5g/conv42 | timeout: 10s)
[2026-08-31 11:24:21.402] [758484] [HailoRT] [info] [edge_elements.cpp:287] [create] Created (HwReadEl0scrfd_2_5g/conv43 | hw_frame_size: 51200)
[2026-08-31 11:24:21.402] [758484] [HailoRT] [info] [queue_elements.cpp:657] [create] Created (PullQEl_hw_read0scrfd_2_5g/conv43)
[2026-08-31 11:24:21.402] [758484] [HailoRT] [info] [filter_elements.cpp:372] [create] Created (PostInferEl0scrfd_2_5g/conv43 | Quantization - src_type: UINT8, dst_type FLOAT32, limvals_min: -0.0793963, limvals_max: 4.98212)
[2026-08-31 11:24:21.402] [758484] [HailoRT] [info] [queue_elements.cpp:800] [create] Created (UserBuffQEl0scrfd_2_5g/conv43 | timeout: 10s)
[2026-08-31 11:24:21.402] [758484] [HailoRT] [info] [vstream.cpp:1114] [OutputVStreamImpl] Creating scrfd_2_5g/conv43...
[2026-08-31 11:24:21.402] [758484] [HailoRT] [info] [vstream_builder.cpp:220] [create_outputs] Output pipeline 'scrfd_2_5g/conv43': HW >> (HwReadEl0scrfd_2_5g/conv43 | hw_frame_size: 51200) >> (PullQEl_hw_read0scrfd_2_5g/conv43) >> (PostInferEl0scrfd_2_5g/conv43 | Quantization - src_type: UINT8, dst_type FLOAT32, limvals_min: -0.0793963, limvals_max: 4.98212) >> (UserBuffQEl0scrfd_2_5g/conv43 | timeout: 10s)
[2026-08-31 11:24:21.402] [758484] [HailoRT] [info] [edge_elements.cpp:287] [create] Created (HwReadEl2scrfd_2_5g/conv44 | hw_frame_size: 153600)
[2026-08-31 11:24:21.402] [758484] [HailoRT] [info] [queue_elements.cpp:657] [create] Created (PullQEl_hw_read2scrfd_2_5g/conv44)
[2026-08-31 11:24:21.402] [758484] [HailoRT] [info] [filter_elements.cpp:372] [create] Created (PostInferEl2scrfd_2_5g/conv44 | Quantization - src_type: UINT8, dst_type FLOAT32, limvals_min: -3.16292, limvals_max: 3.50274 | Reorder - src_order: FCR, src_shape: (80, 80, 24), dst_order: FCR, dst_shape: (80, 80, 20))
[2026-08-31 11:24:21.402] [758484] [HailoRT] [info] [queue_elements.cpp:800] [create] Created (UserBuffQEl2scrfd_2_5g/conv44 | timeout: 10s)
[2026-08-31 11:24:21.402] [758484] [HailoRT] [info] [vstream.cpp:1114] [OutputVStreamImpl] Creating scrfd_2_5g/conv44...
[2026-08-31 11:24:21.402] [758484] [HailoRT] [info] [vstream_builder.cpp:220] [create_outputs] Output pipeline 'scrfd_2_5g/conv44': HW >> (HwReadEl2scrfd_2_5g/conv44 | hw_frame_size: 153600) >> (PullQEl_hw_read2scrfd_2_5g/conv44) >> (PostInferEl2scrfd_2_5g/conv44 | Quantization - src_type: UINT8, dst_type FLOAT32, limvals_min: -3.16292, limvals_max: 3.50274 | Reorder - src_order: FCR, src_shape: (80, 80, 24), dst_order: FCR, dst_shape: (80, 80, 20)) >> (UserBuffQEl2scrfd_2_5g/conv44 | timeout: 10s)
[2026-08-31 11:24:21.402] [758484] [HailoRT] [info] [edge_elements.cpp:287] [create] Created (HwReadEl14scrfd_2_5g/conv49 | hw_frame_size: 3200)
[2026-08-31 11:24:21.403] [758484] [HailoRT] [info] [queue_elements.cpp:657] [create] Created (PullQEl_hw_read14scrfd_2_5g/conv49)
[2026-08-31 11:24:21.403] [758484] [HailoRT] [info] [filter_elements.cpp:372] [create] Created (PostInferEl14scrfd_2_5g/conv49 | Quantization - src_type: UINT8, dst_type FLOAT32, limvals_min: 0, limvals_max: 1)
[2026-08-31 11:24:21.403] [758484] [HailoRT] [info] [queue_elements.cpp:800] [create] Created (UserBuffQEl14scrfd_2_5g/conv49 | timeout: 10s)
[2026-08-31 11:24:21.403] [758484] [HailoRT] [info] [vstream.cpp:1114] [OutputVStreamImpl] Creating scrfd_2_5g/conv49...
[2026-08-31 11:24:21.403] [758484] [HailoRT] [info] [vstream_builder.cpp:220] [create_outputs] Output pipeline 'scrfd_2_5g/conv49': HW >> (HwReadEl14scrfd_2_5g/conv49 | hw_frame_size: 3200) >> (PullQEl_hw_read14scrfd_2_5g/conv49) >> (PostInferEl14scrfd_2_5g/conv49 | Quantization - src_type: UINT8, dst_type FLOAT32, limvals_min: 0, limvals_max: 1) >> (UserBuffQEl14scrfd_2_5g/conv49 | timeout: 10s)
[2026-08-31 11:24:21.403] [758484] [HailoRT] [info] [edge_elements.cpp:287] [create] Created (HwReadEl12scrfd_2_5g/conv50 | hw_frame_size: 12800)
[2026-08-31 11:24:21.403] [758484] [HailoRT] [info] [queue_elements.cpp:657] [create] Created (PullQEl_hw_read12scrfd_2_5g/conv50)
[2026-08-31 11:24:21.403] [758484] [HailoRT] [info] [filter_elements.cpp:372] [create] Created (PostInferEl12scrfd_2_5g/conv50 | Quantization - src_type: UINT8, dst_type FLOAT32, limvals_min: 0, limvals_max: 8.10626)
[2026-08-31 11:24:21.403] [758484] [HailoRT] [info] [queue_elements.cpp:800] [create] Created (UserBuffQEl12scrfd_2_5g/conv50 | timeout: 10s)
[2026-08-31 11:24:21.403] [758484] [HailoRT] [info] [vstream.cpp:1114] [OutputVStreamImpl] Creating scrfd_2_5g/conv50...
[2026-08-31 11:24:21.403] [758484] [HailoRT] [info] [vstream_builder.cpp:220] [create_outputs] Output pipeline 'scrfd_2_5g/conv50': HW >> (HwReadEl12scrfd_2_5g/conv50 | hw_frame_size: 12800) >> (PullQEl_hw_read12scrfd_2_5g/conv50) >> (PostInferEl12scrfd_2_5g/conv50 | Quantization - src_type: UINT8, dst_type FLOAT32, limvals_min: 0, limvals_max: 8.10626) >> (UserBuffQEl12scrfd_2_5g/conv50 | timeout: 10s)
[2026-08-31 11:24:21.403] [758484] [HailoRT] [info] [edge_elements.cpp:287] [create] Created (HwReadEl1scrfd_2_5g/conv51 | hw_frame_size: 38400)
[2026-08-31 11:24:21.403] [758484] [HailoRT] [info] [queue_elements.cpp:657] [create] Created (PullQEl_hw_read1scrfd_2_5g/conv51)
[2026-08-31 11:24:21.403] [758484] [HailoRT] [info] [filter_elements.cpp:372] [create] Created (PostInferEl1scrfd_2_5g/conv51 | Quantization - src_type: UINT8, dst_type FLOAT32, limvals_min: -4.24698, limvals_max: 5.17024 | Reorder - src_order: FCR, src_shape: (40, 40, 24), dst_order: FCR, dst_shape: (40, 40, 20))
[2026-08-31 11:24:21.403] [758484] [HailoRT] [info] [queue_elements.cpp:800] [create] Created (UserBuffQEl1scrfd_2_5g/conv51 | timeout: 10s)
[2026-08-31 11:24:21.403] [758484] [HailoRT] [info] [vstream.cpp:1114] [OutputVStreamImpl] Creating scrfd_2_5g/conv51...
[2026-08-31 11:24:21.403] [758484] [HailoRT] [info] [vstream_builder.cpp:220] [create_outputs] Output pipeline 'scrfd_2_5g/conv51': HW >> (HwReadEl1scrfd_2_5g/conv51 | hw_frame_size: 38400) >> (PullQEl_hw_read1scrfd_2_5g/conv51) >> (PostInferEl1scrfd_2_5g/conv51 | Quantization - src_type: UINT8, dst_type FLOAT32, limvals_min: -4.24698, limvals_max: 5.17024 | Reorder - src_order: FCR, src_shape: (40, 40, 24), dst_order: FCR, dst_shape: (40, 40, 20)) >> (UserBuffQEl1scrfd_2_5g/conv51 | timeout: 10s)
[2026-08-31 11:24:21.403] [758484] [HailoRT] [info] [edge_elements.cpp:287] [create] Created (HwReadEl10scrfd_2_5g/conv55 | hw_frame_size: 800)
[2026-08-31 11:24:21.403] [758484] [HailoRT] [info] [queue_elements.cpp:657] [create] Created (PullQEl_hw_read10scrfd_2_5g/conv55)
[2026-08-31 11:24:21.403] [758484] [HailoRT] [info] [filter_elements.cpp:372] [create] Created (PostInferEl10scrfd_2_5g/conv55 | Quantization - src_type: UINT8, dst_type FLOAT32, limvals_min: 0, limvals_max: 1 | Reorder - src_order: NHCW, src_shape: (20, 20, 2), dst_order: NHWC, dst_shape: (20, 20, 2))
[2026-08-31 11:24:21.403] [758484] [HailoRT] [info] [queue_elements.cpp:800] [create] Created (UserBuffQEl10scrfd_2_5g/conv55 | timeout: 10s)
[2026-08-31 11:24:21.403] [758484] [HailoRT] [info] [vstream.cpp:1114] [OutputVStreamImpl] Creating scrfd_2_5g/conv55...
[2026-08-31 11:24:21.403] [758484] [HailoRT] [info] [vstream_builder.cpp:220] [create_outputs] Output pipeline 'scrfd_2_5g/conv55': HW >> (HwReadEl10scrfd_2_5g/conv55 | hw_frame_size: 800) >> (PullQEl_hw_read10scrfd_2_5g/conv55) >> (PostInferEl10scrfd_2_5g/conv55 | Quantization - src_type: UINT8, dst_type FLOAT32, limvals_min: 0, limvals_max: 1 | Reorder - src_order: NHCW, src_shape: (20, 20, 2), dst_order: NHWC, dst_shape: (20, 20, 2)) >> (UserBuffQEl10scrfd_2_5g/conv55 | timeout: 10s)
[2026-08-31 11:24:21.403] [758484] [HailoRT] [info] [edge_elements.cpp:287] [create] Created (HwReadEl9scrfd_2_5g/conv56 | hw_frame_size: 3200)
[2026-08-31 11:24:21.403] [758484] [HailoRT] [info] [queue_elements.cpp:657] [create] Created (PullQEl_hw_read9scrfd_2_5g/conv56)
[2026-08-31 11:24:21.403] [758484] [HailoRT] [info] [filter_elements.cpp:372] [create] Created (PostInferEl9scrfd_2_5g/conv56 | Quantization - src_type: UINT8, dst_type FLOAT32, limvals_min: -0.0299247, limvals_max: 7.60086 | Reorder - src_order: NHCW, src_shape: (20, 20, 8), dst_order: NHWC, dst_shape: (20, 20, 8))
[2026-08-31 11:24:21.403] [758484] [HailoRT] [info] [queue_elements.cpp:800] [create] Created (UserBuffQEl9scrfd_2_5g/conv56 | timeout: 10s)
[2026-08-31 11:24:21.403] [758484] [HailoRT] [info] [vstream.cpp:1114] [OutputVStreamImpl] Creating scrfd_2_5g/conv56...
[2026-08-31 11:24:21.403] [758484] [HailoRT] [info] [vstream_builder.cpp:220] [create_outputs] Output pipeline 'scrfd_2_5g/conv56': HW >> (HwReadEl9scrfd_2_5g/conv56 | hw_frame_size: 3200) >> (PullQEl_hw_read9scrfd_2_5g/conv56) >> (PostInferEl9scrfd_2_5g/conv56 | Quantization - src_type: UINT8, dst_type FLOAT32, limvals_min: -0.0299247, limvals_max: 7.60086 | Reorder - src_order: NHCW, src_shape: (20, 20, 8), dst_order: NHWC, dst_shape: (20, 20, 8)) >> (UserBuffQEl9scrfd_2_5g/conv56 | timeout: 10s)
[2026-08-31 11:24:21.403] [758484] [HailoRT] [info] [edge_elements.cpp:287] [create] Created (HwReadEl13scrfd_2_5g/conv57 | hw_frame_size: 9600)
[2026-08-31 11:24:21.404] [758484] [HailoRT] [info] [queue_elements.cpp:657] [create] Created (PullQEl_hw_read13scrfd_2_5g/conv57)
[2026-08-31 11:24:21.404] [758484] [HailoRT] [info] [filter_elements.cpp:372] [create] Created (PostInferEl13scrfd_2_5g/conv57 | Quantization - src_type: UINT8, dst_type FLOAT32, limvals_min: -4.03285, limvals_max: 5.14908 | Reorder - src_order: FCR, src_shape: (20, 20, 24), dst_order: FCR, dst_shape: (20, 20, 20))
[2026-08-31 11:24:21.404] [758484] [HailoRT] [info] [queue_elements.cpp:800] [create] Created (UserBuffQEl13scrfd_2_5g/conv57 | timeout: 10s)
[2026-08-31 11:24:21.404] [758484] [HailoRT] [info] [vstream.cpp:1114] [OutputVStreamImpl] Creating scrfd_2_5g/conv57...
[2026-08-31 11:24:21.404] [758484] [HailoRT] [info] [vstream_builder.cpp:220] [create_outputs] Output pipeline 'scrfd_2_5g/conv57': HW >> (HwReadEl13scrfd_2_5g/conv57 | hw_frame_size: 9600) >> (PullQEl_hw_read13scrfd_2_5g/conv57) >> (PostInferEl13scrfd_2_5g/conv57 | Quantization - src_type: UINT8, dst_type FLOAT32, limvals_min: -4.03285, limvals_max: 5.14908 | Reorder - src_order: FCR, src_shape: (20, 20, 24), dst_order: FCR, dst_shape: (20, 20, 20)) >> (UserBuffQEl13scrfd_2_5g/conv57 | timeout: 10s)
[2026-08-31 11:24:21.405] [758484] [HailoRT] [info] [core_op.cpp:156] [activate] Activating scrfd_2_5g took 0.807734 milliseconds. Note that the function is asynchronous and thus the network is not fully activated yet.
[2026-08-31 11:24:21.405] [758484] [HailoRT] [info] [core_op.cpp:156] [activate] Activating scrfd_2_5g took 0.841975 milliseconds. Note that the function is asynchronous and thus the network is not fully activated yet.
[2026-08-31 11:24:21.412] [1216699] [HailoRT] [info] [vdevice_native_stream.cpp:331] [read_impl] Failed read from stream HAILO_STREAM_NOT_ACTIVATED(72) (device: 0001:01:00.0)
[2026-08-31 11:24:21.412] [1216693] [HailoRT] [info] [vdevice_native_stream.cpp:331] [read_impl] Failed read from stream HAILO_STREAM_NOT_ACTIVATED(72) (device: 0001:01:00.0)
[2026-08-31 11:24:21.412] [1216689] [HailoRT] [info] [vdevice_native_stream.cpp:331] [read_impl] Failed read from stream HAILO_STREAM_NOT_ACTIVATED(72) (device: 0001:01:00.0)
[2026-08-31 11:24:21.412] [1216697] [HailoRT] [info] [vdevice_native_stream.cpp:331] [read_impl] Failed read from stream HAILO_STREAM_NOT_ACTIVATED(72) (device: 0001:01:00.0)
[2026-08-31 11:24:21.412] [1216685] [HailoRT] [info] [vdevice_native_stream.cpp:331] [read_impl] Failed read from stream HAILO_STREAM_NOT_ACTIVATED(72) (device: 0001:01:00.0)
[2026-08-31 11:24:21.412] [1216691] [HailoRT] [info] [vdevice_native_stream.cpp:331] [read_impl] Failed read from stream HAILO_STREAM_NOT_ACTIVATED(72) (device: 0001:01:00.0)
[2026-08-31 11:24:21.412] [1216687] [HailoRT] [info] [vdevice_native_stream.cpp:331] [read_impl] Failed read from stream HAILO_STREAM_NOT_ACTIVATED(72) (device: 0001:01:00.0)
[2026-08-31 11:24:21.412] [1216683] [HailoRT] [info] [vdevice_native_stream.cpp:331] [read_impl] Failed read from stream HAILO_STREAM_NOT_ACTIVATED(72) (device: 0001:01:00.0)
[2026-08-31 11:24:21.412] [1216695] [HailoRT] [info] [vdevice_native_stream.cpp:331] [read_impl] Failed read from stream HAILO_STREAM_NOT_ACTIVATED(72) (device: 0001:01:00.0)
[2026-08-31 11:24:21.413] [758484] [HailoRT] [info] [core_op.cpp:186] [deactivate] Deactivating took 0.737714 ms
[2026-08-31 11:24:21.413] [758484] [HailoRT] [info] [core_op.cpp:186] [deactivate] Deactivating took 0.768604 ms
[2026-08-31 11:24:21.413] [1216683] [HailoRT] [info] [queue_elements.cpp:734] [run_in_thread] Shutdown event was signaled in run_pull of queue element PullQEl_hw_read3scrfd_2_5g/conv42!
[2026-08-31 11:24:21.413] [1216684] [HailoRT] [info] [queue_elements.cpp:855] [run_in_thread] Shutdown event was signaled in dequeue of UserBuffQEl3scrfd_2_5g/conv42!
[2026-08-31 11:24:21.413] [1216683] [HailoRT] [info] [queue_elements.cpp:68] [operator()] Thread in element PullQEl_hw_read3scrfd_2_5g/conv42 is not running anymore, exiting..
[2026-08-31 11:24:21.413] [758484] [HailoRT] [info] [queue_elements.cpp:46] [~BaseQueueElement] Queue element PullQEl_hw_read3scrfd_2_5g/conv42 has 0 frames in his Queue on destruction
[2026-08-31 11:24:21.413] [1216684] [HailoRT] [info] [queue_elements.cpp:68] [operator()] Thread in element UserBuffQEl3scrfd_2_5g/conv42 is not running anymore, exiting..
[2026-08-31 11:24:21.413] [758484] [HailoRT] [info] [queue_elements.cpp:46] [~BaseQueueElement] Queue element UserBuffQEl3scrfd_2_5g/conv42 has 0 frames in his Queue on destruction
[2026-08-31 11:24:21.413] [1216685] [HailoRT] [info] [queue_elements.cpp:734] [run_in_thread] Shutdown event was signaled in run_pull of queue element PullQEl_hw_read0scrfd_2_5g/conv43!
[2026-08-31 11:24:21.413] [1216686] [HailoRT] [info] [queue_elements.cpp:855] [run_in_thread] Shutdown event was signaled in dequeue of UserBuffQEl0scrfd_2_5g/conv43!
[2026-08-31 11:24:21.413] [1216685] [HailoRT] [info] [queue_elements.cpp:68] [operator()] Thread in element PullQEl_hw_read0scrfd_2_5g/conv43 is not running anymore, exiting..
[2026-08-31 11:24:21.413] [758484] [HailoRT] [info] [queue_elements.cpp:46] [~BaseQueueElement] Queue element PullQEl_hw_read0scrfd_2_5g/conv43 has 0 frames in his Queue on destruction
[2026-08-31 11:24:21.413] [1216686] [HailoRT] [info] [queue_elements.cpp:68] [operator()] Thread in element UserBuffQEl0scrfd_2_5g/conv43 is not running anymore, exiting..
[2026-08-31 11:24:21.413] [758484] [HailoRT] [info] [queue_elements.cpp:46] [~BaseQueueElement] Queue element UserBuffQEl0scrfd_2_5g/conv43 has 0 frames in his Queue on destruction
[2026-08-31 11:24:21.413] [1216687] [HailoRT] [info] [queue_elements.cpp:734] [run_in_thread] Shutdown event was signaled in run_pull of queue element PullQEl_hw_read2scrfd_2_5g/conv44!
[2026-08-31 11:24:21.413] [1216688] [HailoRT] [info] [queue_elements.cpp:855] [run_in_thread] Shutdown event was signaled in dequeue of UserBuffQEl2scrfd_2_5g/conv44!
[2026-08-31 11:24:21.413] [1216687] [HailoRT] [info] [queue_elements.cpp:68] [operator()] Thread in element PullQEl_hw_read2scrfd_2_5g/conv44 is not running anymore, exiting..
[2026-08-31 11:24:21.413] [758484] [HailoRT] [info] [queue_elements.cpp:46] [~BaseQueueElement] Queue element PullQEl_hw_read2scrfd_2_5g/conv44 has 0 frames in his Queue on destruction
[2026-08-31 11:24:21.413] [1216688] [HailoRT] [info] [queue_elements.cpp:68] [operator()] Thread in element UserBuffQEl2scrfd_2_5g/conv44 is not running anymore, exiting..
[2026-08-31 11:24:21.414] [758484] [HailoRT] [info] [queue_elements.cpp:46] [~BaseQueueElement] Queue element UserBuffQEl2scrfd_2_5g/conv44 has 0 frames in his Queue on destruction
[2026-08-31 11:24:21.414] [1216689] [HailoRT] [info] [queue_elements.cpp:734] [run_in_thread] Shutdown event was signaled in run_pull of queue element PullQEl_hw_read14scrfd_2_5g/conv49!
[2026-08-31 11:24:21.414] [1216690] [HailoRT] [info] [queue_elements.cpp:855] [run_in_thread] Shutdown event was signaled in dequeue of UserBuffQEl14scrfd_2_5g/conv49!
[2026-08-31 11:24:21.414] [1216689] [HailoRT] [info] [queue_elements.cpp:68] [operator()] Thread in element PullQEl_hw_read14scrfd_2_5g/conv49 is not running anymore, exiting..
[2026-08-31 11:24:21.414] [758484] [HailoRT] [info] [queue_elements.cpp:46] [~BaseQueueElement] Queue element PullQEl_hw_read14scrfd_2_5g/conv49 has 0 frames in his Queue on destruction
[2026-08-31 11:24:21.414] [1216690] [HailoRT] [info] [queue_elements.cpp:68] [operator()] Thread in element UserBuffQEl14scrfd_2_5g/conv49 is not running anymore, exiting..
[2026-08-31 11:24:21.414] [758484] [HailoRT] [info] [queue_elements.cpp:46] [~BaseQueueElement] Queue element UserBuffQEl14scrfd_2_5g/conv49 has 0 frames in his Queue on destruction
[2026-08-31 11:24:21.414] [1216692] [HailoRT] [info] [queue_elements.cpp:855] [run_in_thread] Shutdown event was signaled in dequeue of UserBuffQEl12scrfd_2_5g/conv50!
[2026-08-31 11:24:21.414] [1216691] [HailoRT] [info] [queue_elements.cpp:734] [run_in_thread] Shutdown event was signaled in run_pull of queue element PullQEl_hw_read12scrfd_2_5g/conv50!
[2026-08-31 11:24:21.414] [1216691] [HailoRT] [info] [queue_elements.cpp:68] [operator()] Thread in element PullQEl_hw_read12scrfd_2_5g/conv50 is not running anymore, exiting..
[2026-08-31 11:24:21.414] [758484] [HailoRT] [info] [queue_elements.cpp:46] [~BaseQueueElement] Queue element PullQEl_hw_read12scrfd_2_5g/conv50 has 0 frames in his Queue on destruction
[2026-08-31 11:24:21.414] [1216692] [HailoRT] [info] [queue_elements.cpp:68] [operator()] Thread in element UserBuffQEl12scrfd_2_5g/conv50 is not running anymore, exiting..
[2026-08-31 11:24:21.414] [758484] [HailoRT] [info] [queue_elements.cpp:46] [~BaseQueueElement] Queue element UserBuffQEl12scrfd_2_5g/conv50 has 0 frames in his Queue on destruction
[2026-08-31 11:24:21.414] [1216693] [HailoRT] [info] [queue_elements.cpp:734] [run_in_thread] Shutdown event was signaled in run_pull of queue element PullQEl_hw_read1scrfd_2_5g/conv51!
[2026-08-31 11:24:21.414] [1216694] [HailoRT] [info] [queue_elements.cpp:855] [run_in_thread] Shutdown event was signaled in dequeue of UserBuffQEl1scrfd_2_5g/conv51!
[2026-08-31 11:24:21.414] [1216693] [HailoRT] [info] [queue_elements.cpp:68] [operator()] Thread in element PullQEl_hw_read1scrfd_2_5g/conv51 is not running anymore, exiting..
[2026-08-31 11:24:21.414] [758484] [HailoRT] [info] [queue_elements.cpp:46] [~BaseQueueElement] Queue element PullQEl_hw_read1scrfd_2_5g/conv51 has 0 frames in his Queue on destruction
[2026-08-31 11:24:21.414] [1216694] [HailoRT] [info] [queue_elements.cpp:68] [operator()] Thread in element UserBuffQEl1scrfd_2_5g/conv51 is not running anymore, exiting..
[2026-08-31 11:24:21.414] [758484] [HailoRT] [info] [queue_elements.cpp:46] [~BaseQueueElement] Queue element UserBuffQEl1scrfd_2_5g/conv51 has 0 frames in his Queue on destruction
[2026-08-31 11:24:21.414] [1216695] [HailoRT] [info] [queue_elements.cpp:734] [run_in_thread] Shutdown event was signaled in run_pull of queue element PullQEl_hw_read10scrfd_2_5g/conv55!
[2026-08-31 11:24:21.414] [1216696] [HailoRT] [info] [queue_elements.cpp:855] [run_in_thread] Shutdown event was signaled in dequeue of UserBuffQEl10scrfd_2_5g/conv55!
[2026-08-31 11:24:21.414] [1216695] [HailoRT] [info] [queue_elements.cpp:68] [operator()] Thread in element PullQEl_hw_read10scrfd_2_5g/conv55 is not running anymore, exiting..
[2026-08-31 11:24:21.414] [758484] [HailoRT] [info] [queue_elements.cpp:46] [~BaseQueueElement] Queue element PullQEl_hw_read10scrfd_2_5g/conv55 has 0 frames in his Queue on destruction
[2026-08-31 11:24:21.414] [1216696] [HailoRT] [info] [queue_elements.cpp:68] [operator()] Thread in element UserBuffQEl10scrfd_2_5g/conv55 is not running anymore, exiting..
[2026-08-31 11:24:21.414] [758484] [HailoRT] [info] [queue_elements.cpp:46] [~BaseQueueElement] Queue element UserBuffQEl10scrfd_2_5g/conv55 has 0 frames in his Queue on destruction
[2026-08-31 11:24:21.414] [1216697] [HailoRT] [info] [queue_elements.cpp:734] [run_in_thread] Shutdown event was signaled in run_pull of queue element PullQEl_hw_read9scrfd_2_5g/conv56!
[2026-08-31 11:24:21.414] [1216698] [HailoRT] [info] [queue_elements.cpp:855] [run_in_thread] Shutdown event was signaled in dequeue of UserBuffQEl9scrfd_2_5g/conv56!
[2026-08-31 11:24:21.414] [1216697] [HailoRT] [info] [queue_elements.cpp:68] [operator()] Thread in element PullQEl_hw_read9scrfd_2_5g/conv56 is not running anymore, exiting..
[2026-08-31 11:24:21.414] [758484] [HailoRT] [info] [queue_elements.cpp:46] [~BaseQueueElement] Queue element PullQEl_hw_read9scrfd_2_5g/conv56 has 0 frames in his Queue on destruction
[2026-08-31 11:24:21.414] [1216698] [HailoRT] [info] [queue_elements.cpp:68] [operator()] Thread in element UserBuffQEl9scrfd_2_5g/conv56 is not running anymore, exiting..
[2026-08-31 11:24:21.414] [758484] [HailoRT] [info] [queue_elements.cpp:46] [~BaseQueueElement] Queue element UserBuffQEl9scrfd_2_5g/conv56 has 0 frames in his Queue on destruction
[2026-08-31 11:24:21.414] [1216699] [HailoRT] [info] [queue_elements.cpp:734] [run_in_thread] Shutdown event was signaled in run_pull of queue element PullQEl_hw_read13scrfd_2_5g/conv57!
[2026-08-31 11:24:21.414] [1216700] [HailoRT] [info] [queue_elements.cpp:855] [run_in_thread] Shutdown event was signaled in dequeue of UserBuffQEl13scrfd_2_5g/conv57!
[2026-08-31 11:24:21.414] [1216699] [HailoRT] [info] [queue_elements.cpp:68] [operator()] Thread in element PullQEl_hw_read13scrfd_2_5g/conv57 is not running anymore, exiting..
[2026-08-31 11:24:21.414] [758484] [HailoRT] [info] [queue_elements.cpp:46] [~BaseQueueElement] Queue element PullQEl_hw_read13scrfd_2_5g/conv57 has 0 frames in his Queue on destruction
[2026-08-31 11:24:21.414] [1216700] [HailoRT] [info] [queue_elements.cpp:68] [operator()] Thread in element UserBuffQEl13scrfd_2_5g/conv57 is not running anymore, exiting..
[2026-08-31 11:24:21.414] [758484] [HailoRT] [info] [queue_elements.cpp:46] [~BaseQueueElement] Queue element UserBuffQEl13scrfd_2_5g/conv57 has 0 frames in his Queue on destruction
[2026-08-31 11:24:21.492] [758484] [HailoRT] [info] [edge_elements.cpp:52] [create] Created (HwWriteEl3scrfd_2_5g/input_layer1 | hw_frame_size: 1228800)
[2026-08-31 11:24:21.492] [758484] [HailoRT] [info] [vstream.cpp:754] [InputVStreamImpl] Creating scrfd_2_5g/input_layer1...
[2026-08-31 11:24:21.492] [758484] [HailoRT] [info] [vstream_builder.cpp:102] [create_inputs] Input pipeline 'scrfd_2_5g/input_layer1': (HwWriteEl3scrfd_2_5g/input_layer1 | hw_frame_size: 1228800) >> HW
[2026-08-31 11:24:21.492] [758484] [HailoRT] [info] [edge_elements.cpp:287] [create] Created (HwReadEl3scrfd_2_5g/conv42 | hw_frame_size: 12800)
[2026-08-31 11:24:21.496] [758484] [HailoRT] [info] [queue_elements.cpp:657] [create] Created (PullQEl_hw_read3scrfd_2_5g/conv42)
[2026-08-31 11:24:21.496] [758484] [HailoRT] [info] [filter_elements.cpp:372] [create] Created (PostInferEl3scrfd_2_5g/conv42 | Quantization - src_type: UINT8, dst_type FLOAT32, limvals_min: 0, limvals_max: 1)
[2026-08-31 11:24:21.496] [758484] [HailoRT] [info] [queue_elements.cpp:800] [create] Created (UserBuffQEl3scrfd_2_5g/conv42 | timeout: 10s)
[2026-08-31 11:24:21.496] [758484] [HailoRT] [info] [vstream.cpp:1114] [OutputVStreamImpl] Creating scrfd_2_5g/conv42...
[2026-08-31 11:24:21.496] [758484] [HailoRT] [info] [vstream_builder.cpp:220] [create_outputs] Output pipeline 'scrfd_2_5g/conv42': HW >> (HwReadEl3scrfd_2_5g/conv42 | hw_frame_size: 12800) >> (PullQEl_hw_read3scrfd_2_5g/conv42) >> (PostInferEl3scrfd_2_5g/conv42 | Quantization - src_type: UINT8, dst_type FLOAT32, limvals_min: 0, limvals_max: 1) >> (UserBuffQEl3scrfd_2_5g/conv42 | timeout: 10s)
[2026-08-31 11:24:21.497] [758484] [HailoRT] [info] [edge_elements.cpp:287] [create] Created (HwReadEl0scrfd_2_5g/conv43 | hw_frame_size: 51200)
[2026-08-31 11:24:21.497] [758484] [HailoRT] [info] [queue_elements.cpp:657] [create] Created (PullQEl_hw_read0scrfd_2_5g/conv43)
[2026-08-31 11:24:21.497] [758484] [HailoRT] [info] [filter_elements.cpp:372] [create] Created (PostInferEl0scrfd_2_5g/conv43 | Quantization - src_type: UINT8, dst_type FLOAT32, limvals_min: -0.0793963, limvals_max: 4.98212)
[2026-08-31 11:24:21.497] [758484] [HailoRT] [info] [queue_elements.cpp:800] [create] Created (UserBuffQEl0scrfd_2_5g/conv43 | timeout: 10s)
[2026-08-31 11:24:21.497] [758484] [HailoRT] [info] [vstream.cpp:1114] [OutputVStreamImpl] Creating scrfd_2_5g/conv43...
[2026-08-31 11:24:21.497] [758484] [HailoRT] [info] [vstream_builder.cpp:220] [create_outputs] Output pipeline 'scrfd_2_5g/conv43': HW >> (HwReadEl0scrfd_2_5g/conv43 | hw_frame_size: 51200) >> (PullQEl_hw_read0scrfd_2_5g/conv43) >> (PostInferEl0scrfd_2_5g/conv43 | Quantization - src_type: UINT8, dst_type FLOAT32, limvals_min: -0.0793963, limvals_max: 4.98212) >> (UserBuffQEl0scrfd_2_5g/conv43 | timeout: 10s)
[2026-08-31 11:24:21.497] [758484] [HailoRT] [info] [edge_elements.cpp:287] [create] Created (HwReadEl2scrfd_2_5g/conv44 | hw_frame_size: 153600)
[2026-08-31 11:24:21.497] [758484] [HailoRT] [info] [queue_elements.cpp:657] [create] Created (PullQEl_hw_read2scrfd_2_5g/conv44)
[2026-08-31 11:24:21.497] [758484] [HailoRT] [info] [filter_elements.cpp:372] [create] Created (PostInferEl2scrfd_2_5g/conv44 | Quantization - src_type: UINT8, dst_type FLOAT32, limvals_min: -3.16292, limvals_max: 3.50274 | Reorder - src_order: FCR, src_shape: (80, 80, 24), dst_order: FCR, dst_shape: (80, 80, 20))
[2026-08-31 11:24:21.499] [758484] [HailoRT] [info] [queue_elements.cpp:800] [create] Created (UserBuffQEl2scrfd_2_5g/conv44 | timeout: 10s)
[2026-08-31 11:24:21.499] [758484] [HailoRT] [info] [vstream.cpp:1114] [OutputVStreamImpl] Creating scrfd_2_5g/conv44...
[2026-08-31 11:24:21.499] [758484] [HailoRT] [info] [vstream_builder.cpp:220] [create_outputs] Output pipeline 'scrfd_2_5g/conv44': HW >> (HwReadEl2scrfd_2_5g/conv44 | hw_frame_size: 153600) >> (PullQEl_hw_read2scrfd_2_5g/conv44) >> (PostInferEl2scrfd_2_5g/conv44 | Quantization - src_type: UINT8, dst_type FLOAT32, limvals_min: -3.16292, limvals_max: 3.50274 | Reorder - src_order: FCR, src_shape: (80, 80, 24), dst_order: FCR, dst_shape: (80, 80, 20)) >> (UserBuffQEl2scrfd_2_5g/conv44 | timeout: 10s)
[2026-08-31 11:24:21.499] [758484] [HailoRT] [info] [edge_elements.cpp:287] [create] Created (HwReadEl14scrfd_2_5g/conv49 | hw_frame_size: 3200)
[2026-08-31 11:24:21.500] [758484] [HailoRT] [info] [queue_elements.cpp:657] [create] Created (PullQEl_hw_read14scrfd_2_5g/conv49)
[2026-08-31 11:24:21.500] [758484] [HailoRT] [info] [filter_elements.cpp:372] [create] Created (PostInferEl14scrfd_2_5g/conv49 | Quantization - src_type: UINT8, dst_type FLOAT32, limvals_min: 0, limvals_max: 1)
[2026-08-31 11:24:21.501] [758484] [HailoRT] [info] [queue_elements.cpp:800] [create] Created (UserBuffQEl14scrfd_2_5g/conv49 | timeout: 10s)
[2026-08-31 11:24:21.501] [758484] [HailoRT] [info] [vstream.cpp:1114] [OutputVStreamImpl] Creating scrfd_2_5g/conv49...
[2026-08-31 11:24:21.501] [758484] [HailoRT] [info] [vstream_builder.cpp:220] [create_outputs] Output pipeline 'scrfd_2_5g/conv49': HW >> (HwReadEl14scrfd_2_5g/conv49 | hw_frame_size: 3200) >> (PullQEl_hw_read14scrfd_2_5g/conv49) >> (PostInferEl14scrfd_2_5g/conv49 | Quantization - src_type: UINT8, dst_type FLOAT32, limvals_min: 0, limvals_max: 1) >> (UserBuffQEl14scrfd_2_5g/conv49 | timeout: 10s)
[2026-08-31 11:24:21.501] [758484] [HailoRT] [info] [edge_elements.cpp:287] [create] Created (HwReadEl12scrfd_2_5g/conv50 | hw_frame_size: 12800)
[2026-08-31 11:24:21.503] [758484] [HailoRT] [info] [queue_elements.cpp:657] [create] Created (PullQEl_hw_read12scrfd_2_5g/conv50)
[2026-08-31 11:24:21.503] [758484] [HailoRT] [info] [filter_elements.cpp:372] [create] Created (PostInferEl12scrfd_2_5g/conv50 | Quantization - src_type: UINT8, dst_type FLOAT32, limvals_min: 0, limvals_max: 8.10626)
[2026-08-31 11:24:21.503] [758484] [HailoRT] [info] [queue_elements.cpp:800] [create] Created (UserBuffQEl12scrfd_2_5g/conv50 | timeout: 10s)
[2026-08-31 11:24:21.503] [758484] [HailoRT] [info] [vstream.cpp:1114] [OutputVStreamImpl] Creating scrfd_2_5g/conv50...
[2026-08-31 11:24:21.503] [758484] [HailoRT] [info] [vstream_builder.cpp:220] [create_outputs] Output pipeline 'scrfd_2_5g/conv50': HW >> (HwReadEl12scrfd_2_5g/conv50 | hw_frame_size: 12800) >> (PullQEl_hw_read12scrfd_2_5g/conv50) >> (PostInferEl12scrfd_2_5g/conv50 | Quantization - src_type: UINT8, dst_type FLOAT32, limvals_min: 0, limvals_max: 8.10626) >> (UserBuffQEl12scrfd_2_5g/conv50 | timeout: 10s)
[2026-08-31 11:24:21.503] [758484] [HailoRT] [info] [edge_elements.cpp:287] [create] Created (HwReadEl1scrfd_2_5g/conv51 | hw_frame_size: 38400)
[2026-08-31 11:24:21.503] [758484] [HailoRT] [info] [queue_elements.cpp:657] [create] Created (PullQEl_hw_read1scrfd_2_5g/conv51)
[2026-08-31 11:24:21.503] [758484] [HailoRT] [info] [filter_elements.cpp:372] [create] Created (PostInferEl1scrfd_2_5g/conv51 | Quantization - src_type: UINT8, dst_type FLOAT32, limvals_min: -4.24698, limvals_max: 5.17024 | Reorder - src_order: FCR, src_shape: (40, 40, 24), dst_order: FCR, dst_shape: (40, 40, 20))
[2026-08-31 11:24:21.503] [758484] [HailoRT] [info] [queue_elements.cpp:800] [create] Created (UserBuffQEl1scrfd_2_5g/conv51 | timeout: 10s)
[2026-08-31 11:24:21.503] [758484] [HailoRT] [info] [vstream.cpp:1114] [OutputVStreamImpl] Creating scrfd_2_5g/conv51...
[2026-08-31 11:24:21.503] [758484] [HailoRT] [info] [vstream_builder.cpp:220] [create_outputs] Output pipeline 'scrfd_2_5g/conv51': HW >> (HwReadEl1scrfd_2_5g/conv51 | hw_frame_size: 38400) >> (PullQEl_hw_read1scrfd_2_5g/conv51) >> (PostInferEl1scrfd_2_5g/conv51 | Quantization - src_type: UINT8, dst_type FLOAT32, limvals_min: -4.24698, limvals_max: 5.17024 | Reorder - src_order: FCR, src_shape: (40, 40, 24), dst_order: FCR, dst_shape: (40, 40, 20)) >> (UserBuffQEl1scrfd_2_5g/conv51 | timeout: 10s)
[2026-08-31 11:24:21.503] [758484] [HailoRT] [info] [edge_elements.cpp:287] [create] Created (HwReadEl10scrfd_2_5g/conv55 | hw_frame_size: 800)
[2026-08-31 11:24:21.503] [758484] [HailoRT] [info] [queue_elements.cpp:657] [create] Created (PullQEl_hw_read10scrfd_2_5g/conv55)
[2026-08-31 11:24:21.503] [758484] [HailoRT] [info] [filter_elements.cpp:372] [create] Created (PostInferEl10scrfd_2_5g/conv55 | Quantization - src_type: UINT8, dst_type FLOAT32, limvals_min: 0, limvals_max: 1 | Reorder - src_order: NHCW, src_shape: (20, 20, 2), dst_order: NHWC, dst_shape: (20, 20, 2))
[2026-08-31 11:24:21.503] [758484] [HailoRT] [info] [queue_elements.cpp:800] [create] Created (UserBuffQEl10scrfd_2_5g/conv55 | timeout: 10s)
[2026-08-31 11:24:21.504] [758484] [HailoRT] [info] [vstream.cpp:1114] [OutputVStreamImpl] Creating scrfd_2_5g/conv55...
[2026-08-31 11:24:21.504] [758484] [HailoRT] [info] [vstream_builder.cpp:220] [create_outputs] Output pipeline 'scrfd_2_5g/conv55': HW >> (HwReadEl10scrfd_2_5g/conv55 | hw_frame_size: 800) >> (PullQEl_hw_read10scrfd_2_5g/conv55) >> (PostInferEl10scrfd_2_5g/conv55 | Quantization - src_type: UINT8, dst_type FLOAT32, limvals_min: 0, limvals_max: 1 | Reorder - src_order: NHCW, src_shape: (20, 20, 2), dst_order: NHWC, dst_shape: (20, 20, 2)) >> (UserBuffQEl10scrfd_2_5g/conv55 | timeout: 10s)
[2026-08-31 11:24:21.504] [758484] [HailoRT] [info] [edge_elements.cpp:287] [create] Created (HwReadEl9scrfd_2_5g/conv56 | hw_frame_size: 3200)
[2026-08-31 11:24:21.504] [758484] [HailoRT] [info] [queue_elements.cpp:657] [create] Created (PullQEl_hw_read9scrfd_2_5g/conv56)
[2026-08-31 11:24:21.504] [758484] [HailoRT] [info] [filter_elements.cpp:372] [create] Created (PostInferEl9scrfd_2_5g/conv56 | Quantization - src_type: UINT8, dst_type FLOAT32, limvals_min: -0.0299247, limvals_max: 7.60086 | Reorder - src_order: NHCW, src_shape: (20, 20, 8), dst_order: NHWC, dst_shape: (20, 20, 8))
[2026-08-31 11:24:21.504] [758484] [HailoRT] [info] [queue_elements.cpp:800] [create] Created (UserBuffQEl9scrfd_2_5g/conv56 | timeout: 10s)
[2026-08-31 11:24:21.504] [758484] [HailoRT] [info] [vstream.cpp:1114] [OutputVStreamImpl] Creating scrfd_2_5g/conv56...
[2026-08-31 11:24:21.504] [758484] [HailoRT] [info] [vstream_builder.cpp:220] [create_outputs] Output pipeline 'scrfd_2_5g/conv56': HW >> (HwReadEl9scrfd_2_5g/conv56 | hw_frame_size: 3200) >> (PullQEl_hw_read9scrfd_2_5g/conv56) >> (PostInferEl9scrfd_2_5g/conv56 | Quantization - src_type: UINT8, dst_type FLOAT32, limvals_min: -0.0299247, limvals_max: 7.60086 | Reorder - src_order: NHCW, src_shape: (20, 20, 8), dst_order: NHWC, dst_shape: (20, 20, 8)) >> (UserBuffQEl9scrfd_2_5g/conv56 | timeout: 10s)
[2026-08-31 11:24:21.504] [758484] [HailoRT] [info] [edge_elements.cpp:287] [create] Created (HwReadEl13scrfd_2_5g/conv57 | hw_frame_size: 9600)
[2026-08-31 11:24:21.504] [758484] [HailoRT] [info] [queue_elements.cpp:657] [create] Created (PullQEl_hw_read13scrfd_2_5g/conv57)
[2026-08-31 11:24:21.504] [758484] [HailoRT] [info] [filter_elements.cpp:372] [create] Created (PostInferEl13scrfd_2_5g/conv57 | Quantization - src_type: UINT8, dst_type FLOAT32, limvals_min: -4.03285, limvals_max: 5.14908 | Reorder - src_order: FCR, src_shape: (20, 20, 24), dst_order: FCR, dst_shape: (20, 20, 20))
[2026-08-31 11:24:21.506] [758484] [HailoRT] [info] [queue_elements.cpp:800] [create] Created (UserBuffQEl13scrfd_2_5g/conv57 | timeout: 10s)
[2026-08-31 11:24:21.506] [758484] [HailoRT] [info] [vstream.cpp:1114] [OutputVStreamImpl] Creating scrfd_2_5g/conv57...
[2026-08-31 11:24:21.506] [758484] [HailoRT] [info] [vstream_builder.cpp:220] [create_outputs] Output pipeline 'scrfd_2_5g/conv57': HW >> (HwReadEl13scrfd_2_5g/conv57 | hw_frame_size: 9600) >> (PullQEl_hw_read13scrfd_2_5g/conv57) >> (PostInferEl13scrfd_2_5g/conv57 | Quantization - src_type: UINT8, dst_type FLOAT32, limvals_min: -4.03285, limvals_max: 5.14908 | Reorder - src_order: FCR, src_shape: (20, 20, 24), dst_order: FCR, dst_shape: (20, 20, 20)) >> (UserBuffQEl13scrfd_2_5g/conv57 | timeout: 10s)
[2026-08-31 11:24:21.508] [758484] [HailoRT] [info] [core_op.cpp:156] [activate] Activating scrfd_2_5g took 1.820711 milliseconds. Note that the function is asynchronous and thus the network is not fully activated yet.
[2026-08-31 11:24:21.508] [758484] [HailoRT] [info] [core_op.cpp:156] [activate] Activating scrfd_2_5g took 1.865878 milliseconds. Note that the function is asynchronous and thus the network is not fully activated yet.
[2026-08-31 11:24:21.517] [1216715] [HailoRT] [info] [vdevice_native_stream.cpp:331] [read_impl] Failed read from stream HAILO_STREAM_NOT_ACTIVATED(72) (device: 0001:01:00.0)
[2026-08-31 11:24:21.517] [1216711] [HailoRT] [info] [vdevice_native_stream.cpp:331] [read_impl] Failed read from stream HAILO_STREAM_NOT_ACTIVATED(72) (device: 0001:01:00.0)
[2026-08-31 11:24:21.517] [1216713] [HailoRT] [info] [vdevice_native_stream.cpp:331] [read_impl] Failed read from stream HAILO_STREAM_NOT_ACTIVATED(72) (device: 0001:01:00.0)
[2026-08-31 11:24:21.517] [1216717] [HailoRT] [info] [vdevice_native_stream.cpp:331] [read_impl] Failed read from stream HAILO_STREAM_NOT_ACTIVATED(72) (device: 0001:01:00.0)
[2026-08-31 11:24:21.517] [1216719] [HailoRT] [info] [vdevice_native_stream.cpp:331] [read_impl] Failed read from stream HAILO_STREAM_NOT_ACTIVATED(72) (device: 0001:01:00.0)
[2026-08-31 11:24:21.517] [1216721] [HailoRT] [info] [vdevice_native_stream.cpp:331] [read_impl] Failed read from stream HAILO_STREAM_NOT_ACTIVATED(72) (device: 0001:01:00.0)
[2026-08-31 11:24:21.517] [1216723] [HailoRT] [info] [vdevice_native_stream.cpp:331] [read_impl] Failed read from stream HAILO_STREAM_NOT_ACTIVATED(72) (device: 0001:01:00.0)
[2026-08-31 11:24:21.517] [1216725] [HailoRT] [info] [vdevice_native_stream.cpp:331] [read_impl] Failed read from stream HAILO_STREAM_NOT_ACTIVATED(72) (device: 0001:01:00.0)
[2026-08-31 11:24:21.517] [1216727] [HailoRT] [info] [vdevice_native_stream.cpp:331] [read_impl] Failed read from stream HAILO_STREAM_NOT_ACTIVATED(72) (device: 0001:01:00.0)
[2026-08-31 11:24:21.518] [758484] [HailoRT] [info] [core_op.cpp:186] [deactivate] Deactivating took 1.461688 ms
[2026-08-31 11:24:21.518] [758484] [HailoRT] [info] [core_op.cpp:186] [deactivate] Deactivating took 1.488873 ms
[2026-08-31 11:24:21.518] [1216712] [HailoRT] [info] [queue_elements.cpp:855] [run_in_thread] Shutdown event was signaled in dequeue of UserBuffQEl3scrfd_2_5g/conv42!
[2026-08-31 11:24:21.518] [1216711] [HailoRT] [info] [queue_elements.cpp:734] [run_in_thread] Shutdown event was signaled in run_pull of queue element PullQEl_hw_read3scrfd_2_5g/conv42!
[2026-08-31 11:24:21.518] [1216711] [HailoRT] [info] [queue_elements.cpp:68] [operator()] Thread in element PullQEl_hw_read3scrfd_2_5g/conv42 is not running anymore, exiting..
[2026-08-31 11:24:21.518] [758484] [HailoRT] [info] [queue_elements.cpp:46] [~BaseQueueElement] Queue element PullQEl_hw_read3scrfd_2_5g/conv42 has 0 frames in his Queue on destruction
[2026-08-31 11:24:21.518] [1216712] [HailoRT] [info] [queue_elements.cpp:68] [operator()] Thread in element UserBuffQEl3scrfd_2_5g/conv42 is not running anymore, exiting..
[2026-08-31 11:24:21.519] [758484] [HailoRT] [info] [queue_elements.cpp:46] [~BaseQueueElement] Queue element UserBuffQEl3scrfd_2_5g/conv42 has 0 frames in his Queue on destruction
[2026-08-31 11:24:21.519] [1216713] [HailoRT] [info] [queue_elements.cpp:734] [run_in_thread] Shutdown event was signaled in run_pull of queue element PullQEl_hw_read0scrfd_2_5g/conv43!
[2026-08-31 11:24:21.519] [1216714] [HailoRT] [info] [queue_elements.cpp:855] [run_in_thread] Shutdown event was signaled in dequeue of UserBuffQEl0scrfd_2_5g/conv43!
[2026-08-31 11:24:21.519] [1216713] [HailoRT] [info] [queue_elements.cpp:68] [operator()] Thread in element PullQEl_hw_read0scrfd_2_5g/conv43 is not running anymore, exiting..
[2026-08-31 11:24:21.519] [758484] [HailoRT] [info] [queue_elements.cpp:46] [~BaseQueueElement] Queue element PullQEl_hw_read0scrfd_2_5g/conv43 has 0 frames in his Queue on destruction
[2026-08-31 11:24:21.519] [1216714] [HailoRT] [info] [queue_elements.cpp:68] [operator()] Thread in element UserBuffQEl0scrfd_2_5g/conv43 is not running anymore, exiting..
[2026-08-31 11:24:21.520] [758484] [HailoRT] [info] [queue_elements.cpp:46] [~BaseQueueElement] Queue element UserBuffQEl0scrfd_2_5g/conv43 has 0 frames in his Queue on destruction
[2026-08-31 11:24:21.520] [1216715] [HailoRT] [info] [queue_elements.cpp:734] [run_in_thread] Shutdown event was signaled in run_pull of queue element PullQEl_hw_read2scrfd_2_5g/conv44!
[2026-08-31 11:24:21.524] [1216716] [HailoRT] [info] [queue_elements.cpp:855] [run_in_thread] Shutdown event was signaled in dequeue of UserBuffQEl2scrfd_2_5g/conv44!
[2026-08-31 11:24:21.525] [1216715] [HailoRT] [info] [queue_elements.cpp:68] [operator()] Thread in element PullQEl_hw_read2scrfd_2_5g/conv44 is not running anymore, exiting..
[2026-08-31 11:24:21.525] [758484] [HailoRT] [info] [queue_elements.cpp:46] [~BaseQueueElement] Queue element PullQEl_hw_read2scrfd_2_5g/conv44 has 0 frames in his Queue on destruction
[2026-08-31 11:24:21.526] [1216716] [HailoRT] [info] [queue_elements.cpp:68] [operator()] Thread in element UserBuffQEl2scrfd_2_5g/conv44 is not running anymore, exiting..
[2026-08-31 11:24:21.526] [758484] [HailoRT] [info] [queue_elements.cpp:46] [~BaseQueueElement] Queue element UserBuffQEl2scrfd_2_5g/conv44 has 0 frames in his Queue on destruction
[2026-08-31 11:24:21.526] [1216717] [HailoRT] [info] [queue_elements.cpp:734] [run_in_thread] Shutdown event was signaled in run_pull of queue element PullQEl_hw_read14scrfd_2_5g/conv49!
[2026-08-31 11:24:21.526] [1216718] [HailoRT] [info] [queue_elements.cpp:855] [run_in_thread] Shutdown event was signaled in dequeue of UserBuffQEl14scrfd_2_5g/conv49!
[2026-08-31 11:24:21.527] [1216717] [HailoRT] [info] [queue_elements.cpp:68] [operator()] Thread in element PullQEl_hw_read14scrfd_2_5g/conv49 is not running anymore, exiting..
[2026-08-31 11:24:21.527] [758484] [HailoRT] [info] [queue_elements.cpp:46] [~BaseQueueElement] Queue element PullQEl_hw_read14scrfd_2_5g/conv49 has 0 frames in his Queue on destruction
[2026-08-31 11:24:21.527] [1216718] [HailoRT] [info] [queue_elements.cpp:68] [operator()] Thread in element UserBuffQEl14scrfd_2_5g/conv49 is not running anymore, exiting..
[2026-08-31 11:24:21.527] [758484] [HailoRT] [info] [queue_elements.cpp:46] [~BaseQueueElement] Queue element UserBuffQEl14scrfd_2_5g/conv49 has 0 frames in his Queue on destruction
[2026-08-31 11:24:21.527] [1216719] [HailoRT] [info] [queue_elements.cpp:734] [run_in_thread] Shutdown event was signaled in run_pull of queue element PullQEl_hw_read12scrfd_2_5g/conv50!
[2026-08-31 11:24:21.529] [1216720] [HailoRT] [info] [queue_elements.cpp:855] [run_in_thread] Shutdown event was signaled in dequeue of UserBuffQEl12scrfd_2_5g/conv50!
[2026-08-31 11:24:21.530] [1216719] [HailoRT] [info] [queue_elements.cpp:68] [operator()] Thread in element PullQEl_hw_read12scrfd_2_5g/conv50 is not running anymore, exiting..
[2026-08-31 11:24:21.530] [758484] [HailoRT] [info] [queue_elements.cpp:46] [~BaseQueueElement] Queue element PullQEl_hw_read12scrfd_2_5g/conv50 has 0 frames in his Queue on destruction
[2026-08-31 11:24:21.530] [1216720] [HailoRT] [info] [queue_elements.cpp:68] [operator()] Thread in element UserBuffQEl12scrfd_2_5g/conv50 is not running anymore, exiting..
[2026-08-31 11:24:21.531] [758484] [HailoRT] [info] [queue_elements.cpp:46] [~BaseQueueElement] Queue element UserBuffQEl12scrfd_2_5g/conv50 has 0 frames in his Queue on destruction
[2026-08-31 11:24:21.531] [1216721] [HailoRT] [info] [queue_elements.cpp:734] [run_in_thread] Shutdown event was signaled in run_pull of queue element PullQEl_hw_read1scrfd_2_5g/conv51!
[2026-08-31 11:24:21.532] [1216722] [HailoRT] [info] [queue_elements.cpp:855] [run_in_thread] Shutdown event was signaled in dequeue of UserBuffQEl1scrfd_2_5g/conv51!
[2026-08-31 11:24:21.534] [1216721] [HailoRT] [info] [queue_elements.cpp:68] [operator()] Thread in element PullQEl_hw_read1scrfd_2_5g/conv51 is not running anymore, exiting..
[2026-08-31 11:24:21.534] [758484] [HailoRT] [info] [queue_elements.cpp:46] [~BaseQueueElement] Queue element PullQEl_hw_read1scrfd_2_5g/conv51 has 0 frames in his Queue on destruction
[2026-08-31 11:24:21.536] [1216722] [HailoRT] [info] [queue_elements.cpp:68] [operator()] Thread in element UserBuffQEl1scrfd_2_5g/conv51 is not running anymore, exiting..
[2026-08-31 11:24:21.537] [758484] [HailoRT] [info] [queue_elements.cpp:46] [~BaseQueueElement] Queue element UserBuffQEl1scrfd_2_5g/conv51 has 0 frames in his Queue on destruction
[2026-08-31 11:24:21.537] [1216723] [HailoRT] [info] [queue_elements.cpp:734] [run_in_thread] Shutdown event was signaled in run_pull of queue element PullQEl_hw_read10scrfd_2_5g/conv55!
[2026-08-31 11:24:21.537] [1216724] [HailoRT] [info] [queue_elements.cpp:855] [run_in_thread] Shutdown event was signaled in dequeue of UserBuffQEl10scrfd_2_5g/conv55!
[2026-08-31 11:24:21.537] [1216723] [HailoRT] [info] [queue_elements.cpp:68] [operator()] Thread in element PullQEl_hw_read10scrfd_2_5g/conv55 is not running anymore, exiting..
[2026-08-31 11:24:21.538] [758484] [HailoRT] [info] [queue_elements.cpp:46] [~BaseQueueElement] Queue element PullQEl_hw_read10scrfd_2_5g/conv55 has 0 frames in his Queue on destruction
[2026-08-31 11:24:21.538] [1216724] [HailoRT] [info] [queue_elements.cpp:68] [operator()] Thread in element UserBuffQEl10scrfd_2_5g/conv55 is not running anymore, exiting..
[2026-08-31 11:24:21.539] [758484] [HailoRT] [info] [queue_elements.cpp:46] [~BaseQueueElement] Queue element UserBuffQEl10scrfd_2_5g/conv55 has 0 frames in his Queue on destruction
[2026-08-31 11:24:21.540] [1216726] [HailoRT] [info] [queue_elements.cpp:855] [run_in_thread] Shutdown event was signaled in dequeue of UserBuffQEl9scrfd_2_5g/conv56!
[2026-08-31 11:24:21.540] [1216725] [HailoRT] [info] [queue_elements.cpp:734] [run_in_thread] Shutdown event was signaled in run_pull of queue element PullQEl_hw_read9scrfd_2_5g/conv56!
[2026-08-31 11:24:21.540] [1216725] [HailoRT] [info] [queue_elements.cpp:68] [operator()] Thread in element PullQEl_hw_read9scrfd_2_5g/conv56 is not running anymore, exiting..
[2026-08-31 11:24:21.540] [758484] [HailoRT] [info] [queue_elements.cpp:46] [~BaseQueueElement] Queue element PullQEl_hw_read9scrfd_2_5g/conv56 has 0 frames in his Queue on destruction
[2026-08-31 11:24:21.542] [1216726] [HailoRT] [info] [queue_elements.cpp:68] [operator()] Thread in element UserBuffQEl9scrfd_2_5g/conv56 is not running anymore, exiting..
[2026-08-31 11:24:21.542] [758484] [HailoRT] [info] [queue_elements.cpp:46] [~BaseQueueElement] Queue element UserBuffQEl9scrfd_2_5g/conv56 has 0 frames in his Queue on destruction
[2026-08-31 11:24:21.542] [1216728] [HailoRT] [info] [queue_elements.cpp:855] [run_in_thread] Shutdown event was signaled in dequeue of UserBuffQEl13scrfd_2_5g/conv57!
[2026-08-31 11:24:21.543] [1216727] [HailoRT] [info] [queue_elements.cpp:734] [run_in_thread] Shutdown event was signaled in run_pull of queue element PullQEl_hw_read13scrfd_2_5g/conv57!
[2026-08-31 11:24:21.543] [1216727] [HailoRT] [info] [queue_elements.cpp:68] [operator()] Thread in element PullQEl_hw_read13scrfd_2_5g/conv57 is not running anymore, exiting..
[2026-08-31 11:24:21.543] [758484] [HailoRT] [info] [queue_elements.cpp:46] [~BaseQueueElement] Queue element PullQEl_hw_read13scrfd_2_5g/conv57 has 0 frames in his Queue on destruction
[2026-08-31 11:24:21.544] [1216728] [HailoRT] [info] [queue_elements.cpp:68] [operator()] Thread in element UserBuffQEl13scrfd_2_5g/conv57 is not running anymore, exiting..
[2026-08-31 11:24:21.544] [758484] [HailoRT] [info] [queue_elements.cpp:46] [~BaseQueueElement] Queue element UserBuffQEl13scrfd_2_5g/conv57 has 0 frames in his Queue on destruction
[2026-08-31 11:24:21.685] [758484] [HailoRT] [info] [edge_elements.cpp:52] [create] Created (HwWriteEl3scrfd_2_5g/input_layer1 | hw_frame_size: 1228800)
[2026-08-31 11:24:21.685] [758484] [HailoRT] [info] [vstream.cpp:754] [InputVStreamImpl] Creating scrfd_2_5g/input_layer1...
[2026-08-31 11:24:21.685] [758484] [HailoRT] [info] [vstream_builder.cpp:102] [create_inputs] Input pipeline 'scrfd_2_5g/input_layer1': (HwWriteEl3scrfd_2_5g/input_layer1 | hw_frame_size: 1228800) >> HW
[2026-08-31 11:24:21.685] [758484] [HailoRT] [info] [edge_elements.cpp:287] [create] Created (HwReadEl3scrfd_2_5g/conv42 | hw_frame_size: 12800)
[2026-08-31 11:24:21.687] [758484] [HailoRT] [info] [queue_elements.cpp:657] [create] Created (PullQEl_hw_read3scrfd_2_5g/conv42)
[2026-08-31 11:24:21.687] [758484] [HailoRT] [info] [filter_elements.cpp:372] [create] Created (PostInferEl3scrfd_2_5g/conv42 | Quantization - src_type: UINT8, dst_type FLOAT32, limvals_min: 0, limvals_max: 1)
[2026-08-31 11:24:21.687] [758484] [HailoRT] [info] [queue_elements.cpp:800] [create] Created (UserBuffQEl3scrfd_2_5g/conv42 | timeout: 10s)
[2026-08-31 11:24:21.687] [758484] [HailoRT] [info] [vstream.cpp:1114] [OutputVStreamImpl] Creating scrfd_2_5g/conv42...
[2026-08-31 11:24:21.688] [758484] [HailoRT] [info] [vstream_builder.cpp:220] [create_outputs] Output pipeline 'scrfd_2_5g/conv42': HW >> (HwReadEl3scrfd_2_5g/conv42 | hw_frame_size: 12800) >> (PullQEl_hw_read3scrfd_2_5g/conv42) >> (PostInferEl3scrfd_2_5g/conv42 | Quantization - src_type: UINT8, dst_type FLOAT32, limvals_min: 0, limvals_max: 1) >> (UserBuffQEl3scrfd_2_5g/conv42 | timeout: 10s)
[2026-08-31 11:24:21.688] [758484] [HailoRT] [info] [edge_elements.cpp:287] [create] Created (HwReadEl0scrfd_2_5g/conv43 | hw_frame_size: 51200)
[2026-08-31 11:24:21.688] [758484] [HailoRT] [info] [queue_elements.cpp:657] [create] Created (PullQEl_hw_read0scrfd_2_5g/conv43)
[2026-08-31 11:24:21.688] [758484] [HailoRT] [info] [filter_elements.cpp:372] [create] Created (PostInferEl0scrfd_2_5g/conv43 | Quantization - src_type: UINT8, dst_type FLOAT32, limvals_min: -0.0793963, limvals_max: 4.98212)
[2026-08-31 11:24:21.688] [758484] [HailoRT] [info] [queue_elements.cpp:800] [create] Created (UserBuffQEl0scrfd_2_5g/conv43 | timeout: 10s)
[2026-08-31 11:24:21.688] [758484] [HailoRT] [info] [vstream.cpp:1114] [OutputVStreamImpl] Creating scrfd_2_5g/conv43...
[2026-08-31 11:24:21.688] [758484] [HailoRT] [info] [vstream_builder.cpp:220] [create_outputs] Output pipeline 'scrfd_2_5g/conv43': HW >> (HwReadEl0scrfd_2_5g/conv43 | hw_frame_size: 51200) >> (PullQEl_hw_read0scrfd_2_5g/conv43) >> (PostInferEl0scrfd_2_5g/conv43 | Quantization - src_type: UINT8, dst_type FLOAT32, limvals_min: -0.0793963, limvals_max: 4.98212) >> (UserBuffQEl0scrfd_2_5g/conv43 | timeout: 10s)
[2026-08-31 11:24:21.688] [758484] [HailoRT] [info] [edge_elements.cpp:287] [create] Created (HwReadEl2scrfd_2_5g/conv44 | hw_frame_size: 153600)
[2026-08-31 11:24:21.688] [758484] [HailoRT] [info] [queue_elements.cpp:657] [create] Created (PullQEl_hw_read2scrfd_2_5g/conv44)
[2026-08-31 11:24:21.688] [758484] [HailoRT] [info] [filter_elements.cpp:372] [create] Created (PostInferEl2scrfd_2_5g/conv44 | Quantization - src_type: UINT8, dst_type FLOAT32, limvals_min: -3.16292, limvals_max: 3.50274 | Reorder - src_order: FCR, src_shape: (80, 80, 24), dst_order: FCR, dst_shape: (80, 80, 20))
[2026-08-31 11:24:21.689] [758484] [HailoRT] [info] [queue_elements.cpp:800] [create] Created (UserBuffQEl2scrfd_2_5g/conv44 | timeout: 10s)
[2026-08-31 11:24:21.689] [758484] [HailoRT] [info] [vstream.cpp:1114] [OutputVStreamImpl] Creating scrfd_2_5g/conv44...
[2026-08-31 11:24:21.689] [758484] [HailoRT] [info] [vstream_builder.cpp:220] [create_outputs] Output pipeline 'scrfd_2_5g/conv44': HW >> (HwReadEl2scrfd_2_5g/conv44 | hw_frame_size: 153600) >> (PullQEl_hw_read2scrfd_2_5g/conv44) >> (PostInferEl2scrfd_2_5g/conv44 | Quantization - src_type: UINT8, dst_type FLOAT32, limvals_min: -3.16292, limvals_max: 3.50274 | Reorder - src_order: FCR, src_shape: (80, 80, 24), dst_order: FCR, dst_shape: (80, 80, 20)) >> (UserBuffQEl2scrfd_2_5g/conv44 | timeout: 10s)
[2026-08-31 11:24:21.689] [758484] [HailoRT] [info] [edge_elements.cpp:287] [create] Created (HwReadEl14scrfd_2_5g/conv49 | hw_frame_size: 3200)
[2026-08-31 11:24:21.689] [758484] [HailoRT] [info] [queue_elements.cpp:657] [create] Created (PullQEl_hw_read14scrfd_2_5g/conv49)
[2026-08-31 11:24:21.689] [758484] [HailoRT] [info] [filter_elements.cpp:372] [create] Created (PostInferEl14scrfd_2_5g/conv49 | Quantization - src_type: UINT8, dst_type FLOAT32, limvals_min: 0, limvals_max: 1)
[2026-08-31 11:24:21.689] [758484] [HailoRT] [info] [queue_elements.cpp:800] [create] Created (UserBuffQEl14scrfd_2_5g/conv49 | timeout: 10s)
[2026-08-31 11:24:21.689] [758484] [HailoRT] [info] [vstream.cpp:1114] [OutputVStreamImpl] Creating scrfd_2_5g/conv49...
[2026-08-31 11:24:21.689] [758484] [HailoRT] [info] [vstream_builder.cpp:220] [create_outputs] Output pipeline 'scrfd_2_5g/conv49': HW >> (HwReadEl14scrfd_2_5g/conv49 | hw_frame_size: 3200) >> (PullQEl_hw_read14scrfd_2_5g/conv49) >> (PostInferEl14scrfd_2_5g/conv49 | Quantization - src_type: UINT8, dst_type FLOAT32, limvals_min: 0, limvals_max: 1) >> (UserBuffQEl14scrfd_2_5g/conv49 | timeout: 10s)
[2026-08-31 11:24:21.689] [758484] [HailoRT] [info] [edge_elements.cpp:287] [create] Created (HwReadEl12scrfd_2_5g/conv50 | hw_frame_size: 12800)
[2026-08-31 11:24:21.689] [758484] [HailoRT] [info] [queue_elements.cpp:657] [create] Created (PullQEl_hw_read12scrfd_2_5g/conv50)
[2026-08-31 11:24:21.689] [758484] [HailoRT] [info] [filter_elements.cpp:372] [create] Created (PostInferEl12scrfd_2_5g/conv50 | Quantization - src_type: UINT8, dst_type FLOAT32, limvals_min: 0, limvals_max: 8.10626)
[2026-08-31 11:24:21.690] [758484] [HailoRT] [info] [queue_elements.cpp:800] [create] Created (UserBuffQEl12scrfd_2_5g/conv50 | timeout: 10s)
[2026-08-31 11:24:21.691] [758484] [HailoRT] [info] [vstream.cpp:1114] [OutputVStreamImpl] Creating scrfd_2_5g/conv50...
[2026-08-31 11:24:21.691] [758484] [HailoRT] [info] [vstream_builder.cpp:220] [create_outputs] Output pipeline 'scrfd_2_5g/conv50': HW >> (HwReadEl12scrfd_2_5g/conv50 | hw_frame_size: 12800) >> (PullQEl_hw_read12scrfd_2_5g/conv50) >> (PostInferEl12scrfd_2_5g/conv50 | Quantization - src_type: UINT8, dst_type FLOAT32, limvals_min: 0, limvals_max: 8.10626) >> (UserBuffQEl12scrfd_2_5g/conv50 | timeout: 10s)
[2026-08-31 11:24:21.691] [758484] [HailoRT] [info] [edge_elements.cpp:287] [create] Created (HwReadEl1scrfd_2_5g/conv51 | hw_frame_size: 38400)
[2026-08-31 11:24:21.691] [758484] [HailoRT] [info] [queue_elements.cpp:657] [create] Created (PullQEl_hw_read1scrfd_2_5g/conv51)
[2026-08-31 11:24:21.691] [758484] [HailoRT] [info] [filter_elements.cpp:372] [create] Created (PostInferEl1scrfd_2_5g/conv51 | Quantization - src_type: UINT8, dst_type FLOAT32, limvals_min: -4.24698, limvals_max: 5.17024 | Reorder - src_order: FCR, src_shape: (40, 40, 24), dst_order: FCR, dst_shape: (40, 40, 20))
[2026-08-31 11:24:21.693] [758484] [HailoRT] [info] [queue_elements.cpp:800] [create] Created (UserBuffQEl1scrfd_2_5g/conv51 | timeout: 10s)
[2026-08-31 11:24:21.693] [758484] [HailoRT] [info] [vstream.cpp:1114] [OutputVStreamImpl] Creating scrfd_2_5g/conv51...
[2026-08-31 11:24:21.693] [758484] [HailoRT] [info] [vstream_builder.cpp:220] [create_outputs] Output pipeline 'scrfd_2_5g/conv51': HW >> (HwReadEl1scrfd_2_5g/conv51 | hw_frame_size: 38400) >> (PullQEl_hw_read1scrfd_2_5g/conv51) >> (PostInferEl1scrfd_2_5g/conv51 | Quantization - src_type: UINT8, dst_type FLOAT32, limvals_min: -4.24698, limvals_max: 5.17024 | Reorder - src_order: FCR, src_shape: (40, 40, 24), dst_order: FCR, dst_shape: (40, 40, 20)) >> (UserBuffQEl1scrfd_2_5g/conv51 | timeout: 10s)
[2026-08-31 11:24:21.693] [758484] [HailoRT] [info] [edge_elements.cpp:287] [create] Created (HwReadEl10scrfd_2_5g/conv55 | hw_frame_size: 800)
[2026-08-31 11:24:21.693] [758484] [HailoRT] [info] [queue_elements.cpp:657] [create] Created (PullQEl_hw_read10scrfd_2_5g/conv55)
[2026-08-31 11:24:21.693] [758484] [HailoRT] [info] [filter_elements.cpp:372] [create] Created (PostInferEl10scrfd_2_5g/conv55 | Quantization - src_type: UINT8, dst_type FLOAT32, limvals_min: 0, limvals_max: 1 | Reorder - src_order: NHCW, src_shape: (20, 20, 2), dst_order: NHWC, dst_shape: (20, 20, 2))
[2026-08-31 11:24:21.693] [758484] [HailoRT] [info] [queue_elements.cpp:800] [create] Created (UserBuffQEl10scrfd_2_5g/conv55 | timeout: 10s)
[2026-08-31 11:24:21.693] [758484] [HailoRT] [info] [vstream.cpp:1114] [OutputVStreamImpl] Creating scrfd_2_5g/conv55...
[2026-08-31 11:24:21.693] [758484] [HailoRT] [info] [vstream_builder.cpp:220] [create_outputs] Output pipeline 'scrfd_2_5g/conv55': HW >> (HwReadEl10scrfd_2_5g/conv55 | hw_frame_size: 800) >> (PullQEl_hw_read10scrfd_2_5g/conv55) >> (PostInferEl10scrfd_2_5g/conv55 | Quantization - src_type: UINT8, dst_type FLOAT32, limvals_min: 0, limvals_max: 1 | Reorder - src_order: NHCW, src_shape: (20, 20, 2), dst_order: NHWC, dst_shape: (20, 20, 2)) >> (UserBuffQEl10scrfd_2_5g/conv55 | timeout: 10s)
[2026-08-31 11:24:21.693] [758484] [HailoRT] [info] [edge_elements.cpp:287] [create] Created (HwReadEl9scrfd_2_5g/conv56 | hw_frame_size: 3200)
[2026-08-31 11:24:21.694] [758484] [HailoRT] [info] [queue_elements.cpp:657] [create] Created (PullQEl_hw_read9scrfd_2_5g/conv56)
[2026-08-31 11:24:21.694] [758484] [HailoRT] [info] [filter_elements.cpp:372] [create] Created (PostInferEl9scrfd_2_5g/conv56 | Quantization - src_type: UINT8, dst_type FLOAT32, limvals_min: -0.0299247, limvals_max: 7.60086 | Reorder - src_order: NHCW, src_shape: (20, 20, 8), dst_order: NHWC, dst_shape: (20, 20, 8))
[2026-08-31 11:24:21.694] [758484] [HailoRT] [info] [queue_elements.cpp:800] [create] Created (UserBuffQEl9scrfd_2_5g/conv56 | timeout: 10s)
[2026-08-31 11:24:21.694] [758484] [HailoRT] [info] [vstream.cpp:1114] [OutputVStreamImpl] Creating scrfd_2_5g/conv56...
[2026-08-31 11:24:21.694] [758484] [HailoRT] [info] [vstream_builder.cpp:220] [create_outputs] Output pipeline 'scrfd_2_5g/conv56': HW >> (HwReadEl9scrfd_2_5g/conv56 | hw_frame_size: 3200) >> (PullQEl_hw_read9scrfd_2_5g/conv56) >> (PostInferEl9scrfd_2_5g/conv56 | Quantization - src_type: UINT8, dst_type FLOAT32, limvals_min: -0.0299247, limvals_max: 7.60086 | Reorder - src_order: NHCW, src_shape: (20, 20, 8), dst_order: NHWC, dst_shape: (20, 20, 8)) >> (UserBuffQEl9scrfd_2_5g/conv56 | timeout: 10s)
[2026-08-31 11:24:21.694] [758484] [HailoRT] [info] [edge_elements.cpp:287] [create] Created (HwReadEl13scrfd_2_5g/conv57 | hw_frame_size: 9600)
[2026-08-31 11:24:21.694] [758484] [HailoRT] [info] [queue_elements.cpp:657] [create] Created (PullQEl_hw_read13scrfd_2_5g/conv57)
[2026-08-31 11:24:21.694] [758484] [HailoRT] [info] [filter_elements.cpp:372] [create] Created (PostInferEl13scrfd_2_5g/conv57 | Quantization - src_type: UINT8, dst_type FLOAT32, limvals_min: -4.03285, limvals_max: 5.14908 | Reorder - src_order: FCR, src_shape: (20, 20, 24), dst_order: FCR, dst_shape: (20, 20, 20))
[2026-08-31 11:24:21.694] [758484] [HailoRT] [info] [queue_elements.cpp:800] [create] Created (UserBuffQEl13scrfd_2_5g/conv57 | timeout: 10s)
[2026-08-31 11:24:21.694] [758484] [HailoRT] [info] [vstream.cpp:1114] [OutputVStreamImpl] Creating scrfd_2_5g/conv57...
[2026-08-31 11:24:21.694] [758484] [HailoRT] [info] [vstream_builder.cpp:220] [create_outputs] Output pipeline 'scrfd_2_5g/conv57': HW >> (HwReadEl13scrfd_2_5g/conv57 | hw_frame_size: 9600) >> (PullQEl_hw_read13scrfd_2_5g/conv57) >> (PostInferEl13scrfd_2_5g/conv57 | Quantization - src_type: UINT8, dst_type FLOAT32, limvals_min: -4.03285, limvals_max: 5.14908 | Reorder - src_order: FCR, src_shape: (20, 20, 24), dst_order: FCR, dst_shape: (20, 20, 20)) >> (UserBuffQEl13scrfd_2_5g/conv57 | timeout: 10s)
[2026-08-31 11:24:21.696] [758484] [HailoRT] [info] [core_op.cpp:156] [activate] Activating scrfd_2_5g took 1.024922 milliseconds. Note that the function is asynchronous and thus the network is not fully activated yet.
[2026-08-31 11:24:21.696] [758484] [HailoRT] [info] [core_op.cpp:156] [activate] Activating scrfd_2_5g took 1.046848 milliseconds. Note that the function is asynchronous and thus the network is not fully activated yet.
[2026-08-31 11:24:21.703] [1216741] [HailoRT] [info] [vdevice_native_stream.cpp:331] [read_impl] Failed read from stream HAILO_STREAM_NOT_ACTIVATED(72) (device: 0001:01:00.0)
[2026-08-31 11:24:21.703] [1216753] [HailoRT] [info] [vdevice_native_stream.cpp:331] [read_impl] Failed read from stream HAILO_STREAM_NOT_ACTIVATED(72) (device: 0001:01:00.0)
[2026-08-31 11:24:21.703] [1216747] [HailoRT] [info] [vdevice_native_stream.cpp:331] [read_impl] Failed read from stream HAILO_STREAM_NOT_ACTIVATED(72) (device: 0001:01:00.0)
[2026-08-31 11:24:21.703] [1216755] [HailoRT] [info] [vdevice_native_stream.cpp:331] [read_impl] Failed read from stream HAILO_STREAM_NOT_ACTIVATED(72) (device: 0001:01:00.0)
[2026-08-31 11:24:21.703] [1216743] [HailoRT] [info] [vdevice_native_stream.cpp:331] [read_impl] Failed read from stream HAILO_STREAM_NOT_ACTIVATED(72) (device: 0001:01:00.0)
[2026-08-31 11:24:21.703] [1216745] [HailoRT] [info] [vdevice_native_stream.cpp:331] [read_impl] Failed read from stream HAILO_STREAM_NOT_ACTIVATED(72) (device: 0001:01:00.0)
[2026-08-31 11:24:21.703] [1216739] [HailoRT] [info] [vdevice_native_stream.cpp:331] [read_impl] Failed read from stream HAILO_STREAM_NOT_ACTIVATED(72) (device: 0001:01:00.0)
[2026-08-31 11:24:21.703] [1216749] [HailoRT] [info] [vdevice_native_stream.cpp:331] [read_impl] Failed read from stream HAILO_STREAM_NOT_ACTIVATED(72) (device: 0001:01:00.0)
[2026-08-31 11:24:21.703] [1216751] [HailoRT] [info] [vdevice_native_stream.cpp:331] [read_impl] Failed read from stream HAILO_STREAM_NOT_ACTIVATED(72) (device: 0001:01:00.0)
[2026-08-31 11:24:21.704] [758484] [HailoRT] [info] [core_op.cpp:186] [deactivate] Deactivating took 0.788141 ms
[2026-08-31 11:24:21.704] [758484] [HailoRT] [info] [core_op.cpp:186] [deactivate] Deactivating took 0.887179 ms
[2026-08-31 11:24:21.704] [1216739] [HailoRT] [info] [queue_elements.cpp:734] [run_in_thread] Shutdown event was signaled in run_pull of queue element PullQEl_hw_read3scrfd_2_5g/conv42!
[2026-08-31 11:24:21.704] [1216740] [HailoRT] [info] [queue_elements.cpp:855] [run_in_thread] Shutdown event was signaled in dequeue of UserBuffQEl3scrfd_2_5g/conv42!
[2026-08-31 11:24:21.704] [1216739] [HailoRT] [info] [queue_elements.cpp:68] [operator()] Thread in element PullQEl_hw_read3scrfd_2_5g/conv42 is not running anymore, exiting..
[2026-08-31 11:24:21.704] [758484] [HailoRT] [info] [queue_elements.cpp:46] [~BaseQueueElement] Queue element PullQEl_hw_read3scrfd_2_5g/conv42 has 0 frames in his Queue on destruction
[2026-08-31 11:24:21.704] [1216740] [HailoRT] [info] [queue_elements.cpp:68] [operator()] Thread in element UserBuffQEl3scrfd_2_5g/conv42 is not running anymore, exiting..
[2026-08-31 11:24:21.704] [758484] [HailoRT] [info] [queue_elements.cpp:46] [~BaseQueueElement] Queue element UserBuffQEl3scrfd_2_5g/conv42 has 0 frames in his Queue on destruction
[2026-08-31 11:24:21.704] [1216741] [HailoRT] [info] [queue_elements.cpp:734] [run_in_thread] Shutdown event was signaled in run_pull of queue element PullQEl_hw_read0scrfd_2_5g/conv43!
[2026-08-31 11:24:21.704] [1216742] [HailoRT] [info] [queue_elements.cpp:855] [run_in_thread] Shutdown event was signaled in dequeue of UserBuffQEl0scrfd_2_5g/conv43!
[2026-08-31 11:24:21.705] [1216741] [HailoRT] [info] [queue_elements.cpp:68] [operator()] Thread in element PullQEl_hw_read0scrfd_2_5g/conv43 is not running anymore, exiting..
[2026-08-31 11:24:21.705] [758484] [HailoRT] [info] [queue_elements.cpp:46] [~BaseQueueElement] Queue element PullQEl_hw_read0scrfd_2_5g/conv43 has 0 frames in his Queue on destruction
[2026-08-31 11:24:21.705] [1216742] [HailoRT] [info] [queue_elements.cpp:68] [operator()] Thread in element UserBuffQEl0scrfd_2_5g/conv43 is not running anymore, exiting..
[2026-08-31 11:24:21.706] [758484] [HailoRT] [info] [queue_elements.cpp:46] [~BaseQueueElement] Queue element UserBuffQEl0scrfd_2_5g/conv43 has 0 frames in his Queue on destruction
[2026-08-31 11:24:21.706] [1216743] [HailoRT] [info] [queue_elements.cpp:734] [run_in_thread] Shutdown event was signaled in run_pull of queue element PullQEl_hw_read2scrfd_2_5g/conv44!
[2026-08-31 11:24:21.706] [1216744] [HailoRT] [info] [queue_elements.cpp:855] [run_in_thread] Shutdown event was signaled in dequeue of UserBuffQEl2scrfd_2_5g/conv44!
[2026-08-31 11:24:21.706] [1216743] [HailoRT] [info] [queue_elements.cpp:68] [operator()] Thread in element PullQEl_hw_read2scrfd_2_5g/conv44 is not running anymore, exiting..
[2026-08-31 11:24:21.706] [758484] [HailoRT] [info] [queue_elements.cpp:46] [~BaseQueueElement] Queue element PullQEl_hw_read2scrfd_2_5g/conv44 has 0 frames in his Queue on destruction
[2026-08-31 11:24:21.706] [1216744] [HailoRT] [info] [queue_elements.cpp:68] [operator()] Thread in element UserBuffQEl2scrfd_2_5g/conv44 is not running anymore, exiting..
[2026-08-31 11:24:21.706] [758484] [HailoRT] [info] [queue_elements.cpp:46] [~BaseQueueElement] Queue element UserBuffQEl2scrfd_2_5g/conv44 has 0 frames in his Queue on destruction
[2026-08-31 11:24:21.706] [1216746] [HailoRT] [info] [queue_elements.cpp:855] [run_in_thread] Shutdown event was signaled in dequeue of UserBuffQEl14scrfd_2_5g/conv49!
[2026-08-31 11:24:21.706] [1216745] [HailoRT] [info] [queue_elements.cpp:734] [run_in_thread] Shutdown event was signaled in run_pull of queue element PullQEl_hw_read14scrfd_2_5g/conv49!
[2026-08-31 11:24:21.706] [1216745] [HailoRT] [info] [queue_elements.cpp:68] [operator()] Thread in element PullQEl_hw_read14scrfd_2_5g/conv49 is not running anymore, exiting..
[2026-08-31 11:24:21.706] [758484] [HailoRT] [info] [queue_elements.cpp:46] [~BaseQueueElement] Queue element PullQEl_hw_read14scrfd_2_5g/conv49 has 0 frames in his Queue on destruction
[2026-08-31 11:24:21.706] [1216746] [HailoRT] [info] [queue_elements.cpp:68] [operator()] Thread in element UserBuffQEl14scrfd_2_5g/conv49 is not running anymore, exiting..
[2026-08-31 11:24:21.707] [758484] [HailoRT] [info] [queue_elements.cpp:46] [~BaseQueueElement] Queue element UserBuffQEl14scrfd_2_5g/conv49 has 0 frames in his Queue on destruction
[2026-08-31 11:24:21.707] [1216748] [HailoRT] [info] [queue_elements.cpp:855] [run_in_thread] Shutdown event was signaled in dequeue of UserBuffQEl12scrfd_2_5g/conv50!
[2026-08-31 11:24:21.707] [1216747] [HailoRT] [info] [queue_elements.cpp:734] [run_in_thread] Shutdown event was signaled in run_pull of queue element PullQEl_hw_read12scrfd_2_5g/conv50!
[2026-08-31 11:24:21.707] [1216747] [HailoRT] [info] [queue_elements.cpp:68] [operator()] Thread in element PullQEl_hw_read12scrfd_2_5g/conv50 is not running anymore, exiting..
[2026-08-31 11:24:21.707] [758484] [HailoRT] [info] [queue_elements.cpp:46] [~BaseQueueElement] Queue element PullQEl_hw_read12scrfd_2_5g/conv50 has 0 frames in his Queue on destruction
[2026-08-31 11:24:21.707] [1216748] [HailoRT] [info] [queue_elements.cpp:68] [operator()] Thread in element UserBuffQEl12scrfd_2_5g/conv50 is not running anymore, exiting..
[2026-08-31 11:24:21.707] [758484] [HailoRT] [info] [queue_elements.cpp:46] [~BaseQueueElement] Queue element UserBuffQEl12scrfd_2_5g/conv50 has 0 frames in his Queue on destruction
[2026-08-31 11:24:21.707] [1216749] [HailoRT] [info] [queue_elements.cpp:734] [run_in_thread] Shutdown event was signaled in run_pull of queue element PullQEl_hw_read1scrfd_2_5g/conv51!
[2026-08-31 11:24:21.707] [1216750] [HailoRT] [info] [queue_elements.cpp:855] [run_in_thread] Shutdown event was signaled in dequeue of UserBuffQEl1scrfd_2_5g/conv51!
[2026-08-31 11:24:21.707] [1216749] [HailoRT] [info] [queue_elements.cpp:68] [operator()] Thread in element PullQEl_hw_read1scrfd_2_5g/conv51 is not running anymore, exiting..
[2026-08-31 11:24:21.708] [758484] [HailoRT] [info] [queue_elements.cpp:46] [~BaseQueueElement] Queue element PullQEl_hw_read1scrfd_2_5g/conv51 has 0 frames in his Queue on destruction
[2026-08-31 11:24:21.708] [1216750] [HailoRT] [info] [queue_elements.cpp:68] [operator()] Thread in element UserBuffQEl1scrfd_2_5g/conv51 is not running anymore, exiting..
[2026-08-31 11:24:21.708] [758484] [HailoRT] [info] [queue_elements.cpp:46] [~BaseQueueElement] Queue element UserBuffQEl1scrfd_2_5g/conv51 has 0 frames in his Queue on destruction
[2026-08-31 11:24:21.708] [1216751] [HailoRT] [info] [queue_elements.cpp:734] [run_in_thread] Shutdown event was signaled in run_pull of queue element PullQEl_hw_read10scrfd_2_5g/conv55!
[2026-08-31 11:24:21.708] [1216752] [HailoRT] [info] [queue_elements.cpp:855] [run_in_thread] Shutdown event was signaled in dequeue of UserBuffQEl10scrfd_2_5g/conv55!
[2026-08-31 11:24:21.708] [1216751] [HailoRT] [info] [queue_elements.cpp:68] [operator()] Thread in element PullQEl_hw_read10scrfd_2_5g/conv55 is not running anymore, exiting..
[2026-08-31 11:24:21.708] [758484] [HailoRT] [info] [queue_elements.cpp:46] [~BaseQueueElement] Queue element PullQEl_hw_read10scrfd_2_5g/conv55 has 0 frames in his Queue on destruction
[2026-08-31 11:24:21.708] [1216752] [HailoRT] [info] [queue_elements.cpp:68] [operator()] Thread in element UserBuffQEl10scrfd_2_5g/conv55 is not running anymore, exiting..
[2026-08-31 11:24:21.708] [758484] [HailoRT] [info] [queue_elements.cpp:46] [~BaseQueueElement] Queue element UserBuffQEl10scrfd_2_5g/conv55 has 0 frames in his Queue on destruction
[2026-08-31 11:24:21.708] [1216753] [HailoRT] [info] [queue_elements.cpp:734] [run_in_thread] Shutdown event was signaled in run_pull of queue element PullQEl_hw_read9scrfd_2_5g/conv56!
[2026-08-31 11:24:21.708] [1216754] [HailoRT] [info] [queue_elements.cpp:855] [run_in_thread] Shutdown event was signaled in dequeue of UserBuffQEl9scrfd_2_5g/conv56!
[2026-08-31 11:24:21.708] [1216753] [HailoRT] [info] [queue_elements.cpp:68] [operator()] Thread in element PullQEl_hw_read9scrfd_2_5g/conv56 is not running anymore, exiting..
[2026-08-31 11:24:21.708] [758484] [HailoRT] [info] [queue_elements.cpp:46] [~BaseQueueElement] Queue element PullQEl_hw_read9scrfd_2_5g/conv56 has 0 frames in his Queue on destruction
[2026-08-31 11:24:21.709] [1216754] [HailoRT] [info] [queue_elements.cpp:68] [operator()] Thread in element UserBuffQEl9scrfd_2_5g/conv56 is not running anymore, exiting..
[2026-08-31 11:24:21.709] [758484] [HailoRT] [info] [queue_elements.cpp:46] [~BaseQueueElement] Queue element UserBuffQEl9scrfd_2_5g/conv56 has 0 frames in his Queue on destruction
[2026-08-31 11:24:21.709] [1216756] [HailoRT] [info] [queue_elements.cpp:855] [run_in_thread] Shutdown event was signaled in dequeue of UserBuffQEl13scrfd_2_5g/conv57!
[2026-08-31 11:24:21.709] [1216755] [HailoRT] [info] [queue_elements.cpp:734] [run_in_thread] Shutdown event was signaled in run_pull of queue element PullQEl_hw_read13scrfd_2_5g/conv57!
[2026-08-31 11:24:21.709] [1216755] [HailoRT] [info] [queue_elements.cpp:68] [operator()] Thread in element PullQEl_hw_read13scrfd_2_5g/conv57 is not running anymore, exiting..
[2026-08-31 11:24:21.709] [758484] [HailoRT] [info] [queue_elements.cpp:46] [~BaseQueueElement] Queue element PullQEl_hw_read13scrfd_2_5g/conv57 has 0 frames in his Queue on destruction
[2026-08-31 11:24:21.709] [1216756] [HailoRT] [info] [queue_elements.cpp:68] [operator()] Thread in element UserBuffQEl13scrfd_2_5g/conv57 is not running anymore, exiting..
[2026-08-31 11:24:21.709] [758484] [HailoRT] [info] [queue_elements.cpp:46] [~BaseQueueElement] Queue element UserBuffQEl13scrfd_2_5g/conv57 has 0 frames in his Queue on destruction
[2026-08-31 11:24:21.840] [758484] [HailoRT] [info] [edge_elements.cpp:52] [create] Created (HwWriteEl3scrfd_2_5g/input_layer1 | hw_frame_size: 1228800)
[2026-08-31 11:24:21.840] [758484] [HailoRT] [info] [vstream.cpp:754] [InputVStreamImpl] Creating scrfd_2_5g/input_layer1...
[2026-08-31 11:24:21.840] [758484] [HailoRT] [info] [vstream_builder.cpp:102] [create_inputs] Input pipeline 'scrfd_2_5g/input_layer1': (HwWriteEl3scrfd_2_5g/input_layer1 | hw_frame_size: 1228800) >> HW
[2026-08-31 11:24:21.840] [758484] [HailoRT] [info] [edge_elements.cpp:287] [create] Created (HwReadEl3scrfd_2_5g/conv42 | hw_frame_size: 12800)
[2026-08-31 11:24:21.840] [758484] [HailoRT] [info] [queue_elements.cpp:657] [create] Created (PullQEl_hw_read3scrfd_2_5g/conv42)
[2026-08-31 11:24:21.840] [758484] [HailoRT] [info] [filter_elements.cpp:372] [create] Created (PostInferEl3scrfd_2_5g/conv42 | Quantization - src_type: UINT8, dst_type FLOAT32, limvals_min: 0, limvals_max: 1)
[2026-08-31 11:24:21.842] [758484] [HailoRT] [info] [queue_elements.cpp:800] [create] Created (UserBuffQEl3scrfd_2_5g/conv42 | timeout: 10s)
[2026-08-31 11:24:21.842] [758484] [HailoRT] [info] [vstream.cpp:1114] [OutputVStreamImpl] Creating scrfd_2_5g/conv42...
[2026-08-31 11:24:21.842] [758484] [HailoRT] [info] [vstream_builder.cpp:220] [create_outputs] Output pipeline 'scrfd_2_5g/conv42': HW >> (HwReadEl3scrfd_2_5g/conv42 | hw_frame_size: 12800) >> (PullQEl_hw_read3scrfd_2_5g/conv42) >> (PostInferEl3scrfd_2_5g/conv42 | Quantization - src_type: UINT8, dst_type FLOAT32, limvals_min: 0, limvals_max: 1) >> (UserBuffQEl3scrfd_2_5g/conv42 | timeout: 10s)
[2026-08-31 11:24:21.843] [758484] [HailoRT] [info] [edge_elements.cpp:287] [create] Created (HwReadEl0scrfd_2_5g/conv43 | hw_frame_size: 51200)
[2026-08-31 11:24:21.843] [758484] [HailoRT] [info] [queue_elements.cpp:657] [create] Created (PullQEl_hw_read0scrfd_2_5g/conv43)
[2026-08-31 11:24:21.845] [758484] [HailoRT] [info] [filter_elements.cpp:372] [create] Created (PostInferEl0scrfd_2_5g/conv43 | Quantization - src_type: UINT8, dst_type FLOAT32, limvals_min: -0.0793963, limvals_max: 4.98212)
[2026-08-31 11:24:21.845] [758484] [HailoRT] [info] [queue_elements.cpp:800] [create] Created (UserBuffQEl0scrfd_2_5g/conv43 | timeout: 10s)
[2026-08-31 11:24:21.845] [758484] [HailoRT] [info] [vstream.cpp:1114] [OutputVStreamImpl] Creating scrfd_2_5g/conv43...
[2026-08-31 11:24:21.845] [758484] [HailoRT] [info] [vstream_builder.cpp:220] [create_outputs] Output pipeline 'scrfd_2_5g/conv43': HW >> (HwReadEl0scrfd_2_5g/conv43 | hw_frame_size: 51200) >> (PullQEl_hw_read0scrfd_2_5g/conv43) >> (PostInferEl0scrfd_2_5g/conv43 | Quantization - src_type: UINT8, dst_type FLOAT32, limvals_min: -0.0793963, limvals_max: 4.98212) >> (UserBuffQEl0scrfd_2_5g/conv43 | timeout: 10s)
[2026-08-31 11:24:21.845] [758484] [HailoRT] [info] [edge_elements.cpp:287] [create] Created (HwReadEl2scrfd_2_5g/conv44 | hw_frame_size: 153600)
[2026-08-31 11:24:21.846] [758484] [HailoRT] [info] [queue_elements.cpp:657] [create] Created (PullQEl_hw_read2scrfd_2_5g/conv44)
[2026-08-31 11:24:21.846] [758484] [HailoRT] [info] [filter_elements.cpp:372] [create] Created (PostInferEl2scrfd_2_5g/conv44 | Quantization - src_type: UINT8, dst_type FLOAT32, limvals_min: -3.16292, limvals_max: 3.50274 | Reorder - src_order: FCR, src_shape: (80, 80, 24), dst_order: FCR, dst_shape: (80, 80, 20))
[2026-08-31 11:24:21.846] [758484] [HailoRT] [info] [queue_elements.cpp:800] [create] Created (UserBuffQEl2scrfd_2_5g/conv44 | timeout: 10s)
[2026-08-31 11:24:21.846] [758484] [HailoRT] [info] [vstream.cpp:1114] [OutputVStreamImpl] Creating scrfd_2_5g/conv44...
[2026-08-31 11:24:21.846] [758484] [HailoRT] [info] [vstream_builder.cpp:220] [create_outputs] Output pipeline 'scrfd_2_5g/conv44': HW >> (HwReadEl2scrfd_2_5g/conv44 | hw_frame_size: 153600) >> (PullQEl_hw_read2scrfd_2_5g/conv44) >> (PostInferEl2scrfd_2_5g/conv44 | Quantization - src_type: UINT8, dst_type FLOAT32, limvals_min: -3.16292, limvals_max: 3.50274 | Reorder - src_order: FCR, src_shape: (80, 80, 24), dst_order: FCR, dst_shape: (80, 80, 20)) >> (UserBuffQEl2scrfd_2_5g/conv44 | timeout: 10s)
[2026-08-31 11:24:21.846] [758484] [HailoRT] [info] [edge_elements.cpp:287] [create] Created (HwReadEl14scrfd_2_5g/conv49 | hw_frame_size: 3200)
[2026-08-31 11:24:21.846] [758484] [HailoRT] [info] [queue_elements.cpp:657] [create] Created (PullQEl_hw_read14scrfd_2_5g/conv49)
[2026-08-31 11:24:21.846] [758484] [HailoRT] [info] [filter_elements.cpp:372] [create] Created (PostInferEl14scrfd_2_5g/conv49 | Quantization - src_type: UINT8, dst_type FLOAT32, limvals_min: 0, limvals_max: 1)
[2026-08-31 11:24:21.846] [758484] [HailoRT] [info] [queue_elements.cpp:800] [create] Created (UserBuffQEl14scrfd_2_5g/conv49 | timeout: 10s)
[2026-08-31 11:24:21.846] [758484] [HailoRT] [info] [vstream.cpp:1114] [OutputVStreamImpl] Creating scrfd_2_5g/conv49...
[2026-08-31 11:24:21.846] [758484] [HailoRT] [info] [vstream_builder.cpp:220] [create_outputs] Output pipeline 'scrfd_2_5g/conv49': HW >> (HwReadEl14scrfd_2_5g/conv49 | hw_frame_size: 3200) >> (PullQEl_hw_read14scrfd_2_5g/conv49) >> (PostInferEl14scrfd_2_5g/conv49 | Quantization - src_type: UINT8, dst_type FLOAT32, limvals_min: 0, limvals_max: 1) >> (UserBuffQEl14scrfd_2_5g/conv49 | timeout: 10s)
[2026-08-31 11:24:21.847] [758484] [HailoRT] [info] [edge_elements.cpp:287] [create] Created (HwReadEl12scrfd_2_5g/conv50 | hw_frame_size: 12800)
[2026-08-31 11:24:21.847] [758484] [HailoRT] [info] [queue_elements.cpp:657] [create] Created (PullQEl_hw_read12scrfd_2_5g/conv50)
[2026-08-31 11:24:21.847] [758484] [HailoRT] [info] [filter_elements.cpp:372] [create] Created (PostInferEl12scrfd_2_5g/conv50 | Quantization - src_type: UINT8, dst_type FLOAT32, limvals_min: 0, limvals_max: 8.10626)
[2026-08-31 11:24:21.847] [758484] [HailoRT] [info] [queue_elements.cpp:800] [create] Created (UserBuffQEl12scrfd_2_5g/conv50 | timeout: 10s)
[2026-08-31 11:24:21.847] [758484] [HailoRT] [info] [vstream.cpp:1114] [OutputVStreamImpl] Creating scrfd_2_5g/conv50...
[2026-08-31 11:24:21.847] [758484] [HailoRT] [info] [vstream_builder.cpp:220] [create_outputs] Output pipeline 'scrfd_2_5g/conv50': HW >> (HwReadEl12scrfd_2_5g/conv50 | hw_frame_size: 12800) >> (PullQEl_hw_read12scrfd_2_5g/conv50) >> (PostInferEl12scrfd_2_5g/conv50 | Quantization - src_type: UINT8, dst_type FLOAT32, limvals_min: 0, limvals_max: 8.10626) >> (UserBuffQEl12scrfd_2_5g/conv50 | timeout: 10s)
[2026-08-31 11:24:21.847] [758484] [HailoRT] [info] [edge_elements.cpp:287] [create] Created (HwReadEl1scrfd_2_5g/conv51 | hw_frame_size: 38400)
[2026-08-31 11:24:21.848] [758484] [HailoRT] [info] [queue_elements.cpp:657] [create] Created (PullQEl_hw_read1scrfd_2_5g/conv51)
[2026-08-31 11:24:21.848] [758484] [HailoRT] [info] [filter_elements.cpp:372] [create] Created (PostInferEl1scrfd_2_5g/conv51 | Quantization - src_type: UINT8, dst_type FLOAT32, limvals_min: -4.24698, limvals_max: 5.17024 | Reorder - src_order: FCR, src_shape: (40, 40, 24), dst_order: FCR, dst_shape: (40, 40, 20))
[2026-08-31 11:24:21.848] [758484] [HailoRT] [info] [queue_elements.cpp:800] [create] Created (UserBuffQEl1scrfd_2_5g/conv51 | timeout: 10s)
[2026-08-31 11:24:21.848] [758484] [HailoRT] [info] [vstream.cpp:1114] [OutputVStreamImpl] Creating scrfd_2_5g/conv51...
[2026-08-31 11:24:21.848] [758484] [HailoRT] [info] [vstream_builder.cpp:220] [create_outputs] Output pipeline 'scrfd_2_5g/conv51': HW >> (HwReadEl1scrfd_2_5g/conv51 | hw_frame_size: 38400) >> (PullQEl_hw_read1scrfd_2_5g/conv51) >> (PostInferEl1scrfd_2_5g/conv51 | Quantization - src_type: UINT8, dst_type FLOAT32, limvals_min: -4.24698, limvals_max: 5.17024 | Reorder - src_order: FCR, src_shape: (40, 40, 24), dst_order: FCR, dst_shape: (40, 40, 20)) >> (UserBuffQEl1scrfd_2_5g/conv51 | timeout: 10s)
[2026-08-31 11:24:21.848] [758484] [HailoRT] [info] [edge_elements.cpp:287] [create] Created (HwReadEl10scrfd_2_5g/conv55 | hw_frame_size: 800)
[2026-08-31 11:24:21.848] [758484] [HailoRT] [info] [queue_elements.cpp:657] [create] Created (PullQEl_hw_read10scrfd_2_5g/conv55)
[2026-08-31 11:24:21.848] [758484] [HailoRT] [info] [filter_elements.cpp:372] [create] Created (PostInferEl10scrfd_2_5g/conv55 | Quantization - src_type: UINT8, dst_type FLOAT32, limvals_min: 0, limvals_max: 1 | Reorder - src_order: NHCW, src_shape: (20, 20, 2), dst_order: NHWC, dst_shape: (20, 20, 2))
[2026-08-31 11:24:21.849] [758484] [HailoRT] [info] [queue_elements.cpp:800] [create] Created (UserBuffQEl10scrfd_2_5g/conv55 | timeout: 10s)
[2026-08-31 11:24:21.849] [758484] [HailoRT] [info] [vstream.cpp:1114] [OutputVStreamImpl] Creating scrfd_2_5g/conv55...
[2026-08-31 11:24:21.849] [758484] [HailoRT] [info] [vstream_builder.cpp:220] [create_outputs] Output pipeline 'scrfd_2_5g/conv55': HW >> (HwReadEl10scrfd_2_5g/conv55 | hw_frame_size: 800) >> (PullQEl_hw_read10scrfd_2_5g/conv55) >> (PostInferEl10scrfd_2_5g/conv55 | Quantization - src_type: UINT8, dst_type FLOAT32, limvals_min: 0, limvals_max: 1 | Reorder - src_order: NHCW, src_shape: (20, 20, 2), dst_order: NHWC, dst_shape: (20, 20, 2)) >> (UserBuffQEl10scrfd_2_5g/conv55 | timeout: 10s)
[2026-08-31 11:24:21.849] [758484] [HailoRT] [info] [edge_elements.cpp:287] [create] Created (HwReadEl9scrfd_2_5g/conv56 | hw_frame_size: 3200)
[2026-08-31 11:24:21.849] [758484] [HailoRT] [info] [queue_elements.cpp:657] [create] Created (PullQEl_hw_read9scrfd_2_5g/conv56)
[2026-08-31 11:24:21.849] [758484] [HailoRT] [info] [filter_elements.cpp:372] [create] Created (PostInferEl9scrfd_2_5g/conv56 | Quantization - src_type: UINT8, dst_type FLOAT32, limvals_min: -0.0299247, limvals_max: 7.60086 | Reorder - src_order: NHCW, src_shape: (20, 20, 8), dst_order: NHWC, dst_shape: (20, 20, 8))
[2026-08-31 11:24:21.850] [758484] [HailoRT] [info] [queue_elements.cpp:800] [create] Created (UserBuffQEl9scrfd_2_5g/conv56 | timeout: 10s)
[2026-08-31 11:24:21.850] [758484] [HailoRT] [info] [vstream.cpp:1114] [OutputVStreamImpl] Creating scrfd_2_5g/conv56...
[2026-08-31 11:24:21.850] [758484] [HailoRT] [info] [vstream_builder.cpp:220] [create_outputs] Output pipeline 'scrfd_2_5g/conv56': HW >> (HwReadEl9scrfd_2_5g/conv56 | hw_frame_size: 3200) >> (PullQEl_hw_read9scrfd_2_5g/conv56) >> (PostInferEl9scrfd_2_5g/conv56 | Quantization - src_type: UINT8, dst_type FLOAT32, limvals_min: -0.0299247, limvals_max: 7.60086 | Reorder - src_order: NHCW, src_shape: (20, 20, 8), dst_order: NHWC, dst_shape: (20, 20, 8)) >> (UserBuffQEl9scrfd_2_5g/conv56 | timeout: 10s)
[2026-08-31 11:24:21.850] [758484] [HailoRT] [info] [edge_elements.cpp:287] [create] Created (HwReadEl13scrfd_2_5g/conv57 | hw_frame_size: 9600)
[2026-08-31 11:24:21.850] [758484] [HailoRT] [info] [queue_elements.cpp:657] [create] Created (PullQEl_hw_read13scrfd_2_5g/conv57)
[2026-08-31 11:24:21.850] [758484] [HailoRT] [info] [filter_elements.cpp:372] [create] Created (PostInferEl13scrfd_2_5g/conv57 | Quantization - src_type: UINT8, dst_type FLOAT32, limvals_min: -4.03285, limvals_max: 5.14908 | Reorder - src_order: FCR, src_shape: (20, 20, 24), dst_order: FCR, dst_shape: (20, 20, 20))
[2026-08-31 11:24:21.850] [758484] [HailoRT] [info] [queue_elements.cpp:800] [create] Created (UserBuffQEl13scrfd_2_5g/conv57 | timeout: 10s)
[2026-08-31 11:24:21.850] [758484] [HailoRT] [info] [vstream.cpp:1114] [OutputVStreamImpl] Creating scrfd_2_5g/conv57...
[2026-08-31 11:24:21.850] [758484] [HailoRT] [info] [vstream_builder.cpp:220] [create_outputs] Output pipeline 'scrfd_2_5g/conv57': HW >> (HwReadEl13scrfd_2_5g/conv57 | hw_frame_size: 9600) >> (PullQEl_hw_read13scrfd_2_5g/conv57) >> (PostInferEl13scrfd_2_5g/conv57 | Quantization - src_type: UINT8, dst_type FLOAT32, limvals_min: -4.03285, limvals_max: 5.14908 | Reorder - src_order: FCR, src_shape: (20, 20, 24), dst_order: FCR, dst_shape: (20, 20, 20)) >> (UserBuffQEl13scrfd_2_5g/conv57 | timeout: 10s)
[2026-08-31 11:24:21.852] [758484] [HailoRT] [info] [core_op.cpp:156] [activate] Activating scrfd_2_5g took 0.887642 milliseconds. Note that the function is asynchronous and thus the network is not fully activated yet.
[2026-08-31 11:24:21.852] [758484] [HailoRT] [info] [core_op.cpp:156] [activate] Activating scrfd_2_5g took 0.92405 milliseconds. Note that the function is asynchronous and thus the network is not fully activated yet.
[2026-08-31 11:24:21.864] [1216767] [HailoRT] [info] [vdevice_native_stream.cpp:331] [read_impl] Failed read from stream HAILO_STREAM_NOT_ACTIVATED(72) (device: 0001:01:00.0)
[2026-08-31 11:24:21.864] [1216783] [HailoRT] [info] [vdevice_native_stream.cpp:331] [read_impl] Failed read from stream HAILO_STREAM_NOT_ACTIVATED(72) (device: 0001:01:00.0)
[2026-08-31 11:24:21.864] [1216773] [HailoRT] [info] [vdevice_native_stream.cpp:331] [read_impl] Failed read from stream HAILO_STREAM_NOT_ACTIVATED(72) (device: 0001:01:00.0)
[2026-08-31 11:24:21.864] [1216777] [HailoRT] [info] [vdevice_native_stream.cpp:331] [read_impl] Failed read from stream HAILO_STREAM_NOT_ACTIVATED(72) (device: 0001:01:00.0)
[2026-08-31 11:24:21.864] [1216769] [HailoRT] [info] [vdevice_native_stream.cpp:331] [read_impl] Failed read from stream HAILO_STREAM_NOT_ACTIVATED(72) (device: 0001:01:00.0)
[2026-08-31 11:24:21.864] [1216775] [HailoRT] [info] [vdevice_native_stream.cpp:331] [read_impl] Failed read from stream HAILO_STREAM_NOT_ACTIVATED(72) (device: 0001:01:00.0)
[2026-08-31 11:24:21.864] [1216771] [HailoRT] [info] [vdevice_native_stream.cpp:331] [read_impl] Failed read from stream HAILO_STREAM_NOT_ACTIVATED(72) (device: 0001:01:00.0)
[2026-08-31 11:24:21.864] [1216779] [HailoRT] [info] [vdevice_native_stream.cpp:331] [read_impl] Failed read from stream HAILO_STREAM_NOT_ACTIVATED(72) (device: 0001:01:00.0)
[2026-08-31 11:24:21.864] [1216781] [HailoRT] [info] [vdevice_native_stream.cpp:331] [read_impl] Failed read from stream HAILO_STREAM_NOT_ACTIVATED(72) (device: 0001:01:00.0)
[2026-08-31 11:24:21.865] [758484] [HailoRT] [info] [core_op.cpp:186] [deactivate] Deactivating took 1.144164 ms
[2026-08-31 11:24:21.865] [758484] [HailoRT] [info] [core_op.cpp:186] [deactivate] Deactivating took 1.217258 ms
[2026-08-31 11:24:21.865] [1216767] [HailoRT] [info] [queue_elements.cpp:734] [run_in_thread] Shutdown event was signaled in run_pull of queue element PullQEl_hw_read3scrfd_2_5g/conv42!
[2026-08-31 11:24:21.865] [1216768] [HailoRT] [info] [queue_elements.cpp:855] [run_in_thread] Shutdown event was signaled in dequeue of UserBuffQEl3scrfd_2_5g/conv42!
[2026-08-31 11:24:21.865] [1216767] [HailoRT] [info] [queue_elements.cpp:68] [operator()] Thread in element PullQEl_hw_read3scrfd_2_5g/conv42 is not running anymore, exiting..
[2026-08-31 11:24:21.865] [758484] [HailoRT] [info] [queue_elements.cpp:46] [~BaseQueueElement] Queue element PullQEl_hw_read3scrfd_2_5g/conv42 has 0 frames in his Queue on destruction
[2026-08-31 11:24:21.865] [1216768] [HailoRT] [info] [queue_elements.cpp:68] [operator()] Thread in element UserBuffQEl3scrfd_2_5g/conv42 is not running anymore, exiting..
[2026-08-31 11:24:21.866] [758484] [HailoRT] [info] [queue_elements.cpp:46] [~BaseQueueElement] Queue element UserBuffQEl3scrfd_2_5g/conv42 has 0 frames in his Queue on destruction
[2026-08-31 11:24:21.866] [1216769] [HailoRT] [info] [queue_elements.cpp:734] [run_in_thread] Shutdown event was signaled in run_pull of queue element PullQEl_hw_read0scrfd_2_5g/conv43!
[2026-08-31 11:24:21.866] [1216770] [HailoRT] [info] [queue_elements.cpp:855] [run_in_thread] Shutdown event was signaled in dequeue of UserBuffQEl0scrfd_2_5g/conv43!
[2026-08-31 11:24:21.866] [1216769] [HailoRT] [info] [queue_elements.cpp:68] [operator()] Thread in element PullQEl_hw_read0scrfd_2_5g/conv43 is not running anymore, exiting..
[2026-08-31 11:24:21.866] [758484] [HailoRT] [info] [queue_elements.cpp:46] [~BaseQueueElement] Queue element PullQEl_hw_read0scrfd_2_5g/conv43 has 0 frames in his Queue on destruction
[2026-08-31 11:24:21.866] [1216770] [HailoRT] [info] [queue_elements.cpp:68] [operator()] Thread in element UserBuffQEl0scrfd_2_5g/conv43 is not running anymore, exiting..
[2026-08-31 11:24:21.866] [758484] [HailoRT] [info] [queue_elements.cpp:46] [~BaseQueueElement] Queue element UserBuffQEl0scrfd_2_5g/conv43 has 0 frames in his Queue on destruction
[2026-08-31 11:24:21.866] [1216772] [HailoRT] [info] [queue_elements.cpp:855] [run_in_thread] Shutdown event was signaled in dequeue of UserBuffQEl2scrfd_2_5g/conv44!
[2026-08-31 11:24:21.866] [1216771] [HailoRT] [info] [queue_elements.cpp:734] [run_in_thread] Shutdown event was signaled in run_pull of queue element PullQEl_hw_read2scrfd_2_5g/conv44!
[2026-08-31 11:24:21.867] [1216771] [HailoRT] [info] [queue_elements.cpp:68] [operator()] Thread in element PullQEl_hw_read2scrfd_2_5g/conv44 is not running anymore, exiting..
[2026-08-31 11:24:21.867] [758484] [HailoRT] [info] [queue_elements.cpp:46] [~BaseQueueElement] Queue element PullQEl_hw_read2scrfd_2_5g/conv44 has 0 frames in his Queue on destruction
[2026-08-31 11:24:21.867] [1216772] [HailoRT] [info] [queue_elements.cpp:68] [operator()] Thread in element UserBuffQEl2scrfd_2_5g/conv44 is not running anymore, exiting..
[2026-08-31 11:24:21.867] [758484] [HailoRT] [info] [queue_elements.cpp:46] [~BaseQueueElement] Queue element UserBuffQEl2scrfd_2_5g/conv44 has 0 frames in his Queue on destruction
[2026-08-31 11:24:21.867] [1216773] [HailoRT] [info] [queue_elements.cpp:734] [run_in_thread] Shutdown event was signaled in run_pull of queue element PullQEl_hw_read14scrfd_2_5g/conv49!
[2026-08-31 11:24:21.867] [1216774] [HailoRT] [info] [queue_elements.cpp:855] [run_in_thread] Shutdown event was signaled in dequeue of UserBuffQEl14scrfd_2_5g/conv49!
[2026-08-31 11:24:21.867] [1216773] [HailoRT] [info] [queue_elements.cpp:68] [operator()] Thread in element PullQEl_hw_read14scrfd_2_5g/conv49 is not running anymore, exiting..
[2026-08-31 11:24:21.868] [758484] [HailoRT] [info] [queue_elements.cpp:46] [~BaseQueueElement] Queue element PullQEl_hw_read14scrfd_2_5g/conv49 has 0 frames in his Queue on destruction
[2026-08-31 11:24:21.869] [1216774] [HailoRT] [info] [queue_elements.cpp:68] [operator()] Thread in element UserBuffQEl14scrfd_2_5g/conv49 is not running anymore, exiting..
[2026-08-31 11:24:21.869] [758484] [HailoRT] [info] [queue_elements.cpp:46] [~BaseQueueElement] Queue element UserBuffQEl14scrfd_2_5g/conv49 has 0 frames in his Queue on destruction
[2026-08-31 11:24:21.869] [1216776] [HailoRT] [info] [queue_elements.cpp:855] [run_in_thread] Shutdown event was signaled in dequeue of UserBuffQEl12scrfd_2_5g/conv50!
[2026-08-31 11:24:21.869] [1216775] [HailoRT] [info] [queue_elements.cpp:734] [run_in_thread] Shutdown event was signaled in run_pull of queue element PullQEl_hw_read12scrfd_2_5g/conv50!
[2026-08-31 11:24:21.870] [1216775] [HailoRT] [info] [queue_elements.cpp:68] [operator()] Thread in element PullQEl_hw_read12scrfd_2_5g/conv50 is not running anymore, exiting..
[2026-08-31 11:24:21.870] [758484] [HailoRT] [info] [queue_elements.cpp:46] [~BaseQueueElement] Queue element PullQEl_hw_read12scrfd_2_5g/conv50 has 0 frames in his Queue on destruction
[2026-08-31 11:24:21.870] [1216776] [HailoRT] [info] [queue_elements.cpp:68] [operator()] Thread in element UserBuffQEl12scrfd_2_5g/conv50 is not running anymore, exiting..
[2026-08-31 11:24:21.870] [758484] [HailoRT] [info] [queue_elements.cpp:46] [~BaseQueueElement] Queue element UserBuffQEl12scrfd_2_5g/conv50 has 0 frames in his Queue on destruction
[2026-08-31 11:24:21.871] [1216777] [HailoRT] [info] [queue_elements.cpp:734] [run_in_thread] Shutdown event was signaled in run_pull of queue element PullQEl_hw_read1scrfd_2_5g/conv51!
[2026-08-31 11:24:21.871] [1216778] [HailoRT] [info] [queue_elements.cpp:855] [run_in_thread] Shutdown event was signaled in dequeue of UserBuffQEl1scrfd_2_5g/conv51!
[2026-08-31 11:24:21.871] [1216777] [HailoRT] [info] [queue_elements.cpp:68] [operator()] Thread in element PullQEl_hw_read1scrfd_2_5g/conv51 is not running anymore, exiting..
[2026-08-31 11:24:21.871] [758484] [HailoRT] [info] [queue_elements.cpp:46] [~BaseQueueElement] Queue element PullQEl_hw_read1scrfd_2_5g/conv51 has 0 frames in his Queue on destruction
[2026-08-31 11:24:21.871] [1216778] [HailoRT] [info] [queue_elements.cpp:68] [operator()] Thread in element UserBuffQEl1scrfd_2_5g/conv51 is not running anymore, exiting..
[2026-08-31 11:24:21.871] [758484] [HailoRT] [info] [queue_elements.cpp:46] [~BaseQueueElement] Queue element UserBuffQEl1scrfd_2_5g/conv51 has 0 frames in his Queue on destruction
[2026-08-31 11:24:21.871] [1216779] [HailoRT] [info] [queue_elements.cpp:734] [run_in_thread] Shutdown event was signaled in run_pull of queue element PullQEl_hw_read10scrfd_2_5g/conv55!
[2026-08-31 11:24:21.871] [1216780] [HailoRT] [info] [queue_elements.cpp:855] [run_in_thread] Shutdown event was signaled in dequeue of UserBuffQEl10scrfd_2_5g/conv55!
[2026-08-31 11:24:21.871] [1216779] [HailoRT] [info] [queue_elements.cpp:68] [operator()] Thread in element PullQEl_hw_read10scrfd_2_5g/conv55 is not running anymore, exiting..
[2026-08-31 11:24:21.871] [758484] [HailoRT] [info] [queue_elements.cpp:46] [~BaseQueueElement] Queue element PullQEl_hw_read10scrfd_2_5g/conv55 has 0 frames in his Queue on destruction
[2026-08-31 11:24:21.871] [1216780] [HailoRT] [info] [queue_elements.cpp:68] [operator()] Thread in element UserBuffQEl10scrfd_2_5g/conv55 is not running anymore, exiting..
[2026-08-31 11:24:21.871] [758484] [HailoRT] [info] [queue_elements.cpp:46] [~BaseQueueElement] Queue element UserBuffQEl10scrfd_2_5g/conv55 has 0 frames in his Queue on destruction
[2026-08-31 11:24:21.871] [1216781] [HailoRT] [info] [queue_elements.cpp:734] [run_in_thread] Shutdown event was signaled in run_pull of queue element PullQEl_hw_read9scrfd_2_5g/conv56!
[2026-08-31 11:24:21.871] [1216782] [HailoRT] [info] [queue_elements.cpp:855] [run_in_thread] Shutdown event was signaled in dequeue of UserBuffQEl9scrfd_2_5g/conv56!
[2026-08-31 11:24:21.871] [1216781] [HailoRT] [info] [queue_elements.cpp:68] [operator()] Thread in element PullQEl_hw_read9scrfd_2_5g/conv56 is not running anymore, exiting..
[2026-08-31 11:24:21.871] [758484] [HailoRT] [info] [queue_elements.cpp:46] [~BaseQueueElement] Queue element PullQEl_hw_read9scrfd_2_5g/conv56 has 0 frames in his Queue on destruction
[2026-08-31 11:24:21.871] [1216782] [HailoRT] [info] [queue_elements.cpp:68] [operator()] Thread in element UserBuffQEl9scrfd_2_5g/conv56 is not running anymore, exiting..
[2026-08-31 11:24:21.872] [758484] [HailoRT] [info] [queue_elements.cpp:46] [~BaseQueueElement] Queue element UserBuffQEl9scrfd_2_5g/conv56 has 0 frames in his Queue on destruction
[2026-08-31 11:24:21.872] [1216783] [HailoRT] [info] [queue_elements.cpp:734] [run_in_thread] Shutdown event was signaled in run_pull of queue element PullQEl_hw_read13scrfd_2_5g/conv57!
[2026-08-31 11:24:21.872] [1216784] [HailoRT] [info] [queue_elements.cpp:855] [run_in_thread] Shutdown event was signaled in dequeue of UserBuffQEl13scrfd_2_5g/conv57!
[2026-08-31 11:24:21.872] [1216783] [HailoRT] [info] [queue_elements.cpp:68] [operator()] Thread in element PullQEl_hw_read13scrfd_2_5g/conv57 is not running anymore, exiting..
[2026-08-31 11:24:21.872] [758484] [HailoRT] [info] [queue_elements.cpp:46] [~BaseQueueElement] Queue element PullQEl_hw_read13scrfd_2_5g/conv57 has 0 frames in his Queue on destruction
[2026-08-31 11:24:21.872] [1216784] [HailoRT] [info] [queue_elements.cpp:68] [operator()] Thread in element UserBuffQEl13scrfd_2_5g/conv57 is not running anymore, exiting..
[2026-08-31 11:24:21.872] [758484] [HailoRT] [info] [queue_elements.cpp:46] [~BaseQueueElement] Queue element UserBuffQEl13scrfd_2_5g/conv57 has 0 frames in his Queue on destruction
[2026-08-31 11:24:22.038] [758484] [HailoRT] [info] [edge_elements.cpp:52] [create] Created (HwWriteEl3scrfd_2_5g/input_layer1 | hw_frame_size: 1228800)
[2026-08-31 11:24:22.038] [758484] [HailoRT] [info] [vstream.cpp:754] [InputVStreamImpl] Creating scrfd_2_5g/input_layer1...
[2026-08-31 11:24:22.038] [758484] [HailoRT] [info] [vstream_builder.cpp:102] [create_inputs] Input pipeline 'scrfd_2_5g/input_layer1': (HwWriteEl3scrfd_2_5g/input_layer1 | hw_frame_size: 1228800) >> HW
[2026-08-31 11:24:22.038] [758484] [HailoRT] [info] [edge_elements.cpp:287] [create] Created (HwReadEl3scrfd_2_5g/conv42 | hw_frame_size: 12800)
[2026-08-31 11:24:22.039] [758484] [HailoRT] [info] [queue_elements.cpp:657] [create] Created (PullQEl_hw_read3scrfd_2_5g/conv42)
[2026-08-31 11:24:22.039] [758484] [HailoRT] [info] [filter_elements.cpp:372] [create] Created (PostInferEl3scrfd_2_5g/conv42 | Quantization - src_type: UINT8, dst_type FLOAT32, limvals_min: 0, limvals_max: 1)
[2026-08-31 11:24:22.039] [758484] [HailoRT] [info] [queue_elements.cpp:800] [create] Created (UserBuffQEl3scrfd_2_5g/conv42 | timeout: 10s)
[2026-08-31 11:24:22.039] [758484] [HailoRT] [info] [vstream.cpp:1114] [OutputVStreamImpl] Creating scrfd_2_5g/conv42...
[2026-08-31 11:24:22.039] [758484] [HailoRT] [info] [vstream_builder.cpp:220] [create_outputs] Output pipeline 'scrfd_2_5g/conv42': HW >> (HwReadEl3scrfd_2_5g/conv42 | hw_frame_size: 12800) >> (PullQEl_hw_read3scrfd_2_5g/conv42) >> (PostInferEl3scrfd_2_5g/conv42 | Quantization - src_type: UINT8, dst_type FLOAT32, limvals_min: 0, limvals_max: 1) >> (UserBuffQEl3scrfd_2_5g/conv42 | timeout: 10s)
[2026-08-31 11:24:22.039] [758484] [HailoRT] [info] [edge_elements.cpp:287] [create] Created (HwReadEl0scrfd_2_5g/conv43 | hw_frame_size: 51200)
[2026-08-31 11:24:22.039] [758484] [HailoRT] [info] [queue_elements.cpp:657] [create] Created (PullQEl_hw_read0scrfd_2_5g/conv43)
[2026-08-31 11:24:22.039] [758484] [HailoRT] [info] [filter_elements.cpp:372] [create] Created (PostInferEl0scrfd_2_5g/conv43 | Quantization - src_type: UINT8, dst_type FLOAT32, limvals_min: -0.0793963, limvals_max: 4.98212)
[2026-08-31 11:24:22.039] [758484] [HailoRT] [info] [queue_elements.cpp:800] [create] Created (UserBuffQEl0scrfd_2_5g/conv43 | timeout: 10s)
[2026-08-31 11:24:22.039] [758484] [HailoRT] [info] [vstream.cpp:1114] [OutputVStreamImpl] Creating scrfd_2_5g/conv43...
[2026-08-31 11:24:22.039] [758484] [HailoRT] [info] [vstream_builder.cpp:220] [create_outputs] Output pipeline 'scrfd_2_5g/conv43': HW >> (HwReadEl0scrfd_2_5g/conv43 | hw_frame_size: 51200) >> (PullQEl_hw_read0scrfd_2_5g/conv43) >> (PostInferEl0scrfd_2_5g/conv43 | Quantization - src_type: UINT8, dst_type FLOAT32, limvals_min: -0.0793963, limvals_max: 4.98212) >> (UserBuffQEl0scrfd_2_5g/conv43 | timeout: 10s)
[2026-08-31 11:24:22.039] [758484] [HailoRT] [info] [edge_elements.cpp:287] [create] Created (HwReadEl2scrfd_2_5g/conv44 | hw_frame_size: 153600)
[2026-08-31 11:24:22.040] [758484] [HailoRT] [info] [queue_elements.cpp:657] [create] Created (PullQEl_hw_read2scrfd_2_5g/conv44)
[2026-08-31 11:24:22.040] [758484] [HailoRT] [info] [filter_elements.cpp:372] [create] Created (PostInferEl2scrfd_2_5g/conv44 | Quantization - src_type: UINT8, dst_type FLOAT32, limvals_min: -3.16292, limvals_max: 3.50274 | Reorder - src_order: FCR, src_shape: (80, 80, 24), dst_order: FCR, dst_shape: (80, 80, 20))
[2026-08-31 11:24:22.041] [758484] [HailoRT] [info] [queue_elements.cpp:800] [create] Created (UserBuffQEl2scrfd_2_5g/conv44 | timeout: 10s)
[2026-08-31 11:24:22.041] [758484] [HailoRT] [info] [vstream.cpp:1114] [OutputVStreamImpl] Creating scrfd_2_5g/conv44...
[2026-08-31 11:24:22.041] [758484] [HailoRT] [info] [vstream_builder.cpp:220] [create_outputs] Output pipeline 'scrfd_2_5g/conv44': HW >> (HwReadEl2scrfd_2_5g/conv44 | hw_frame_size: 153600) >> (PullQEl_hw_read2scrfd_2_5g/conv44) >> (PostInferEl2scrfd_2_5g/conv44 | Quantization - src_type: UINT8, dst_type FLOAT32, limvals_min: -3.16292, limvals_max: 3.50274 | Reorder - src_order: FCR, src_shape: (80, 80, 24), dst_order: FCR, dst_shape: (80, 80, 20)) >> (UserBuffQEl2scrfd_2_5g/conv44 | timeout: 10s)
[2026-08-31 11:24:22.041] [758484] [HailoRT] [info] [edge_elements.cpp:287] [create] Created (HwReadEl14scrfd_2_5g/conv49 | hw_frame_size: 3200)
[2026-08-31 11:24:22.041] [758484] [HailoRT] [info] [queue_elements.cpp:657] [create] Created (PullQEl_hw_read14scrfd_2_5g/conv49)
[2026-08-31 11:24:22.041] [758484] [HailoRT] [info] [filter_elements.cpp:372] [create] Created (PostInferEl14scrfd_2_5g/conv49 | Quantization - src_type: UINT8, dst_type FLOAT32, limvals_min: 0, limvals_max: 1)
[2026-08-31 11:24:22.041] [758484] [HailoRT] [info] [queue_elements.cpp:800] [create] Created (UserBuffQEl14scrfd_2_5g/conv49 | timeout: 10s)
[2026-08-31 11:24:22.041] [758484] [HailoRT] [info] [vstream.cpp:1114] [OutputVStreamImpl] Creating scrfd_2_5g/conv49...
[2026-08-31 11:24:22.041] [758484] [HailoRT] [info] [vstream_builder.cpp:220] [create_outputs] Output pipeline 'scrfd_2_5g/conv49': HW >> (HwReadEl14scrfd_2_5g/conv49 | hw_frame_size: 3200) >> (PullQEl_hw_read14scrfd_2_5g/conv49) >> (PostInferEl14scrfd_2_5g/conv49 | Quantization - src_type: UINT8, dst_type FLOAT32, limvals_min: 0, limvals_max: 1) >> (UserBuffQEl14scrfd_2_5g/conv49 | timeout: 10s)
[2026-08-31 11:24:22.041] [758484] [HailoRT] [info] [edge_elements.cpp:287] [create] Created (HwReadEl12scrfd_2_5g/conv50 | hw_frame_size: 12800)
[2026-08-31 11:24:22.041] [758484] [HailoRT] [info] [queue_elements.cpp:657] [create] Created (PullQEl_hw_read12scrfd_2_5g/conv50)
[2026-08-31 11:24:22.041] [758484] [HailoRT] [info] [filter_elements.cpp:372] [create] Created (PostInferEl12scrfd_2_5g/conv50 | Quantization - src_type: UINT8, dst_type FLOAT32, limvals_min: 0, limvals_max: 8.10626)
[2026-08-31 11:24:22.041] [758484] [HailoRT] [info] [queue_elements.cpp:800] [create] Created (UserBuffQEl12scrfd_2_5g/conv50 | timeout: 10s)
[2026-08-31 11:24:22.041] [758484] [HailoRT] [info] [vstream.cpp:1114] [OutputVStreamImpl] Creating scrfd_2_5g/conv50...
[2026-08-31 11:24:22.041] [758484] [HailoRT] [info] [vstream_builder.cpp:220] [create_outputs] Output pipeline 'scrfd_2_5g/conv50': HW >> (HwReadEl12scrfd_2_5g/conv50 | hw_frame_size: 12800) >> (PullQEl_hw_read12scrfd_2_5g/conv50) >> (PostInferEl12scrfd_2_5g/conv50 | Quantization - src_type: UINT8, dst_type FLOAT32, limvals_min: 0, limvals_max: 8.10626) >> (UserBuffQEl12scrfd_2_5g/conv50 | timeout: 10s)
[2026-08-31 11:24:22.041] [758484] [HailoRT] [info] [edge_elements.cpp:287] [create] Created (HwReadEl1scrfd_2_5g/conv51 | hw_frame_size: 38400)
[2026-08-31 11:24:22.042] [758484] [HailoRT] [info] [queue_elements.cpp:657] [create] Created (PullQEl_hw_read1scrfd_2_5g/conv51)
[2026-08-31 11:24:22.042] [758484] [HailoRT] [info] [filter_elements.cpp:372] [create] Created (PostInferEl1scrfd_2_5g/conv51 | Quantization - src_type: UINT8, dst_type FLOAT32, limvals_min: -4.24698, limvals_max: 5.17024 | Reorder - src_order: FCR, src_shape: (40, 40, 24), dst_order: FCR, dst_shape: (40, 40, 20))
[2026-08-31 11:24:22.042] [758484] [HailoRT] [info] [queue_elements.cpp:800] [create] Created (UserBuffQEl1scrfd_2_5g/conv51 | timeout: 10s)
[2026-08-31 11:24:22.042] [758484] [HailoRT] [info] [vstream.cpp:1114] [OutputVStreamImpl] Creating scrfd_2_5g/conv51...
[2026-08-31 11:24:22.042] [758484] [HailoRT] [info] [vstream_builder.cpp:220] [create_outputs] Output pipeline 'scrfd_2_5g/conv51': HW >> (HwReadEl1scrfd_2_5g/conv51 | hw_frame_size: 38400) >> (PullQEl_hw_read1scrfd_2_5g/conv51) >> (PostInferEl1scrfd_2_5g/conv51 | Quantization - src_type: UINT8, dst_type FLOAT32, limvals_min: -4.24698, limvals_max: 5.17024 | Reorder - src_order: FCR, src_shape: (40, 40, 24), dst_order: FCR, dst_shape: (40, 40, 20)) >> (UserBuffQEl1scrfd_2_5g/conv51 | timeout: 10s)
[2026-08-31 11:24:22.042] [758484] [HailoRT] [info] [edge_elements.cpp:287] [create] Created (HwReadEl10scrfd_2_5g/conv55 | hw_frame_size: 800)
[2026-08-31 11:24:22.042] [758484] [HailoRT] [info] [queue_elements.cpp:657] [create] Created (PullQEl_hw_read10scrfd_2_5g/conv55)
[2026-08-31 11:24:22.042] [758484] [HailoRT] [info] [filter_elements.cpp:372] [create] Created (PostInferEl10scrfd_2_5g/conv55 | Quantization - src_type: UINT8, dst_type FLOAT32, limvals_min: 0, limvals_max: 1 | Reorder - src_order: NHCW, src_shape: (20, 20, 2), dst_order: NHWC, dst_shape: (20, 20, 2))
[2026-08-31 11:24:22.043] [758484] [HailoRT] [info] [queue_elements.cpp:800] [create] Created (UserBuffQEl10scrfd_2_5g/conv55 | timeout: 10s)
[2026-08-31 11:24:22.043] [758484] [HailoRT] [info] [vstream.cpp:1114] [OutputVStreamImpl] Creating scrfd_2_5g/conv55...
[2026-08-31 11:24:22.043] [758484] [HailoRT] [info] [vstream_builder.cpp:220] [create_outputs] Output pipeline 'scrfd_2_5g/conv55': HW >> (HwReadEl10scrfd_2_5g/conv55 | hw_frame_size: 800) >> (PullQEl_hw_read10scrfd_2_5g/conv55) >> (PostInferEl10scrfd_2_5g/conv55 | Quantization - src_type: UINT8, dst_type FLOAT32, limvals_min: 0, limvals_max: 1 | Reorder - src_order: NHCW, src_shape: (20, 20, 2), dst_order: NHWC, dst_shape: (20, 20, 2)) >> (UserBuffQEl10scrfd_2_5g/conv55 | timeout: 10s)
[2026-08-31 11:24:22.043] [758484] [HailoRT] [info] [edge_elements.cpp:287] [create] Created (HwReadEl9scrfd_2_5g/conv56 | hw_frame_size: 3200)
[2026-08-31 11:24:22.043] [758484] [HailoRT] [info] [queue_elements.cpp:657] [create] Created (PullQEl_hw_read9scrfd_2_5g/conv56)
[2026-08-31 11:24:22.043] [758484] [HailoRT] [info] [filter_elements.cpp:372] [create] Created (PostInferEl9scrfd_2_5g/conv56 | Quantization - src_type: UINT8, dst_type FLOAT32, limvals_min: -0.0299247, limvals_max: 7.60086 | Reorder - src_order: NHCW, src_shape: (20, 20, 8), dst_order: NHWC, dst_shape: (20, 20, 8))
[2026-08-31 11:24:22.044] [758484] [HailoRT] [info] [queue_elements.cpp:800] [create] Created (UserBuffQEl9scrfd_2_5g/conv56 | timeout: 10s)
[2026-08-31 11:24:22.044] [758484] [HailoRT] [info] [vstream.cpp:1114] [OutputVStreamImpl] Creating scrfd_2_5g/conv56...
[2026-08-31 11:24:22.044] [758484] [HailoRT] [info] [vstream_builder.cpp:220] [create_outputs] Output pipeline 'scrfd_2_5g/conv56': HW >> (HwReadEl9scrfd_2_5g/conv56 | hw_frame_size: 3200) >> (PullQEl_hw_read9scrfd_2_5g/conv56) >> (PostInferEl9scrfd_2_5g/conv56 | Quantization - src_type: UINT8, dst_type FLOAT32, limvals_min: -0.0299247, limvals_max: 7.60086 | Reorder - src_order: NHCW, src_shape: (20, 20, 8), dst_order: NHWC, dst_shape: (20, 20, 8)) >> (UserBuffQEl9scrfd_2_5g/conv56 | timeout: 10s)
[2026-08-31 11:24:22.044] [758484] [HailoRT] [info] [edge_elements.cpp:287] [create] Created (HwReadEl13scrfd_2_5g/conv57 | hw_frame_size: 9600)
[2026-08-31 11:24:22.044] [758484] [HailoRT] [info] [queue_elements.cpp:657] [create] Created (PullQEl_hw_read13scrfd_2_5g/conv57)
[2026-08-31 11:24:22.044] [758484] [HailoRT] [info] [filter_elements.cpp:372] [create] Created (PostInferEl13scrfd_2_5g/conv57 | Quantization - src_type: UINT8, dst_type FLOAT32, limvals_min: -4.03285, limvals_max: 5.14908 | Reorder - src_order: FCR, src_shape: (20, 20, 24), dst_order: FCR, dst_shape: (20, 20, 20))
[2026-08-31 11:24:22.044] [758484] [HailoRT] [info] [queue_elements.cpp:800] [create] Created (UserBuffQEl13scrfd_2_5g/conv57 | timeout: 10s)
[2026-08-31 11:24:22.044] [758484] [HailoRT] [info] [vstream.cpp:1114] [OutputVStreamImpl] Creating scrfd_2_5g/conv57...
[2026-08-31 11:24:22.044] [758484] [HailoRT] [info] [vstream_builder.cpp:220] [create_outputs] Output pipeline 'scrfd_2_5g/conv57': HW >> (HwReadEl13scrfd_2_5g/conv57 | hw_frame_size: 9600) >> (PullQEl_hw_read13scrfd_2_5g/conv57) >> (PostInferEl13scrfd_2_5g/conv57 | Quantization - src_type: UINT8, dst_type FLOAT32, limvals_min: -4.03285, limvals_max: 5.14908 | Reorder - src_order: FCR, src_shape: (20, 20, 24), dst_order: FCR, dst_shape: (20, 20, 20)) >> (UserBuffQEl13scrfd_2_5g/conv57 | timeout: 10s)
[2026-08-31 11:24:22.045] [758484] [HailoRT] [info] [core_op.cpp:156] [activate] Activating scrfd_2_5g took 0.783548 milliseconds. Note that the function is asynchronous and thus the network is not fully activated yet.
[2026-08-31 11:24:22.045] [758484] [HailoRT] [info] [core_op.cpp:156] [activate] Activating scrfd_2_5g took 0.805937 milliseconds. Note that the function is asynchronous and thus the network is not fully activated yet.
[2026-08-31 11:24:22.052] [1216812] [HailoRT] [info] [vdevice_native_stream.cpp:331] [read_impl] Failed read from stream HAILO_STREAM_NOT_ACTIVATED(72) (device: 0001:01:00.0)
[2026-08-31 11:24:22.052] [1216800] [HailoRT] [info] [vdevice_native_stream.cpp:331] [read_impl] Failed read from stream HAILO_STREAM_NOT_ACTIVATED(72) (device: 0001:01:00.0)
[2026-08-31 11:24:22.052] [1216798] [HailoRT] [info] [vdevice_native_stream.cpp:331] [read_impl] Failed read from stream HAILO_STREAM_NOT_ACTIVATED(72) (device: 0001:01:00.0)
[2026-08-31 11:24:22.052] [1216802] [HailoRT] [info] [vdevice_native_stream.cpp:331] [read_impl] Failed read from stream HAILO_STREAM_NOT_ACTIVATED(72) (device: 0001:01:00.0)
[2026-08-31 11:24:22.052] [1216804] [HailoRT] [info] [vdevice_native_stream.cpp:331] [read_impl] Failed read from stream HAILO_STREAM_NOT_ACTIVATED(72) (device: 0001:01:00.0)
[2026-08-31 11:24:22.052] [1216806] [HailoRT] [info] [vdevice_native_stream.cpp:331] [read_impl] Failed read from stream HAILO_STREAM_NOT_ACTIVATED(72) (device: 0001:01:00.0)
[2026-08-31 11:24:22.052] [1216808] [HailoRT] [info] [vdevice_native_stream.cpp:331] [read_impl] Failed read from stream HAILO_STREAM_NOT_ACTIVATED(72) (device: 0001:01:00.0)
[2026-08-31 11:24:22.052] [1216814] [HailoRT] [info] [vdevice_native_stream.cpp:331] [read_impl] Failed read from stream HAILO_STREAM_NOT_ACTIVATED(72) (device: 0001:01:00.0)
[2026-08-31 11:24:22.052] [1216810] [HailoRT] [info] [vdevice_native_stream.cpp:331] [read_impl] Failed read from stream HAILO_STREAM_NOT_ACTIVATED(72) (device: 0001:01:00.0)
[2026-08-31 11:24:22.053] [758484] [HailoRT] [info] [core_op.cpp:186] [deactivate] Deactivating took 0.831567 ms
[2026-08-31 11:24:22.053] [758484] [HailoRT] [info] [core_op.cpp:186] [deactivate] Deactivating took 0.849735 ms
[2026-08-31 11:24:22.053] [1216799] [HailoRT] [info] [queue_elements.cpp:855] [run_in_thread] Shutdown event was signaled in dequeue of UserBuffQEl3scrfd_2_5g/conv42!
[2026-08-31 11:24:22.053] [1216798] [HailoRT] [info] [queue_elements.cpp:734] [run_in_thread] Shutdown event was signaled in run_pull of queue element PullQEl_hw_read3scrfd_2_5g/conv42!
[2026-08-31 11:24:22.053] [1216798] [HailoRT] [info] [queue_elements.cpp:68] [operator()] Thread in element PullQEl_hw_read3scrfd_2_5g/conv42 is not running anymore, exiting..
[2026-08-31 11:24:22.053] [758484] [HailoRT] [info] [queue_elements.cpp:46] [~BaseQueueElement] Queue element PullQEl_hw_read3scrfd_2_5g/conv42 has 0 frames in his Queue on destruction
[2026-08-31 11:24:22.053] [1216799] [HailoRT] [info] [queue_elements.cpp:68] [operator()] Thread in element UserBuffQEl3scrfd_2_5g/conv42 is not running anymore, exiting..
[2026-08-31 11:24:22.053] [758484] [HailoRT] [info] [queue_elements.cpp:46] [~BaseQueueElement] Queue element UserBuffQEl3scrfd_2_5g/conv42 has 0 frames in his Queue on destruction
[2026-08-31 11:24:22.053] [1216800] [HailoRT] [info] [queue_elements.cpp:734] [run_in_thread] Shutdown event was signaled in run_pull of queue element PullQEl_hw_read0scrfd_2_5g/conv43!
[2026-08-31 11:24:22.053] [1216801] [HailoRT] [info] [queue_elements.cpp:855] [run_in_thread] Shutdown event was signaled in dequeue of UserBuffQEl0scrfd_2_5g/conv43!
[2026-08-31 11:24:22.053] [1216800] [HailoRT] [info] [queue_elements.cpp:68] [operator()] Thread in element PullQEl_hw_read0scrfd_2_5g/conv43 is not running anymore, exiting..
[2026-08-31 11:24:22.053] [758484] [HailoRT] [info] [queue_elements.cpp:46] [~BaseQueueElement] Queue element PullQEl_hw_read0scrfd_2_5g/conv43 has 0 frames in his Queue on destruction
[2026-08-31 11:24:22.053] [1216801] [HailoRT] [info] [queue_elements.cpp:68] [operator()] Thread in element UserBuffQEl0scrfd_2_5g/conv43 is not running anymore, exiting..
[2026-08-31 11:24:22.053] [758484] [HailoRT] [info] [queue_elements.cpp:46] [~BaseQueueElement] Queue element UserBuffQEl0scrfd_2_5g/conv43 has 0 frames in his Queue on destruction
[2026-08-31 11:24:22.053] [1216802] [HailoRT] [info] [queue_elements.cpp:734] [run_in_thread] Shutdown event was signaled in run_pull of queue element PullQEl_hw_read2scrfd_2_5g/conv44!
[2026-08-31 11:24:22.053] [1216803] [HailoRT] [info] [queue_elements.cpp:855] [run_in_thread] Shutdown event was signaled in dequeue of UserBuffQEl2scrfd_2_5g/conv44!
[2026-08-31 11:24:22.053] [1216802] [HailoRT] [info] [queue_elements.cpp:68] [operator()] Thread in element PullQEl_hw_read2scrfd_2_5g/conv44 is not running anymore, exiting..
[2026-08-31 11:24:22.053] [758484] [HailoRT] [info] [queue_elements.cpp:46] [~BaseQueueElement] Queue element PullQEl_hw_read2scrfd_2_5g/conv44 has 0 frames in his Queue on destruction
[2026-08-31 11:24:22.053] [1216803] [HailoRT] [info] [queue_elements.cpp:68] [operator()] Thread in element UserBuffQEl2scrfd_2_5g/conv44 is not running anymore, exiting..
[2026-08-31 11:24:22.053] [758484] [HailoRT] [info] [queue_elements.cpp:46] [~BaseQueueElement] Queue element UserBuffQEl2scrfd_2_5g/conv44 has 0 frames in his Queue on destruction
[2026-08-31 11:24:22.053] [1216804] [HailoRT] [info] [queue_elements.cpp:734] [run_in_thread] Shutdown event was signaled in run_pull of queue element PullQEl_hw_read14scrfd_2_5g/conv49!
[2026-08-31 11:24:22.053] [1216805] [HailoRT] [info] [queue_elements.cpp:855] [run_in_thread] Shutdown event was signaled in dequeue of UserBuffQEl14scrfd_2_5g/conv49!
[2026-08-31 11:24:22.053] [1216804] [HailoRT] [info] [queue_elements.cpp:68] [operator()] Thread in element PullQEl_hw_read14scrfd_2_5g/conv49 is not running anymore, exiting..
[2026-08-31 11:24:22.053] [758484] [HailoRT] [info] [queue_elements.cpp:46] [~BaseQueueElement] Queue element PullQEl_hw_read14scrfd_2_5g/conv49 has 0 frames in his Queue on destruction
[2026-08-31 11:24:22.053] [1216805] [HailoRT] [info] [queue_elements.cpp:68] [operator()] Thread in element UserBuffQEl14scrfd_2_5g/conv49 is not running anymore, exiting..
[2026-08-31 11:24:22.053] [758484] [HailoRT] [info] [queue_elements.cpp:46] [~BaseQueueElement] Queue element UserBuffQEl14scrfd_2_5g/conv49 has 0 frames in his Queue on destruction
[2026-08-31 11:24:22.053] [1216807] [HailoRT] [info] [queue_elements.cpp:855] [run_in_thread] Shutdown event was signaled in dequeue of UserBuffQEl12scrfd_2_5g/conv50!
[2026-08-31 11:24:22.053] [1216806] [HailoRT] [info] [queue_elements.cpp:734] [run_in_thread] Shutdown event was signaled in run_pull of queue element PullQEl_hw_read12scrfd_2_5g/conv50!
[2026-08-31 11:24:22.054] [1216806] [HailoRT] [info] [queue_elements.cpp:68] [operator()] Thread in element PullQEl_hw_read12scrfd_2_5g/conv50 is not running anymore, exiting..
[2026-08-31 11:24:22.054] [758484] [HailoRT] [info] [queue_elements.cpp:46] [~BaseQueueElement] Queue element PullQEl_hw_read12scrfd_2_5g/conv50 has 0 frames in his Queue on destruction
[2026-08-31 11:24:22.054] [1216807] [HailoRT] [info] [queue_elements.cpp:68] [operator()] Thread in element UserBuffQEl12scrfd_2_5g/conv50 is not running anymore, exiting..
[2026-08-31 11:24:22.054] [758484] [HailoRT] [info] [queue_elements.cpp:46] [~BaseQueueElement] Queue element UserBuffQEl12scrfd_2_5g/conv50 has 0 frames in his Queue on destruction
[2026-08-31 11:24:22.054] [1216808] [HailoRT] [info] [queue_elements.cpp:734] [run_in_thread] Shutdown event was signaled in run_pull of queue element PullQEl_hw_read1scrfd_2_5g/conv51!
[2026-08-31 11:24:22.054] [1216809] [HailoRT] [info] [queue_elements.cpp:855] [run_in_thread] Shutdown event was signaled in dequeue of UserBuffQEl1scrfd_2_5g/conv51!
[2026-08-31 11:24:22.054] [1216808] [HailoRT] [info] [queue_elements.cpp:68] [operator()] Thread in element PullQEl_hw_read1scrfd_2_5g/conv51 is not running anymore, exiting..
[2026-08-31 11:24:22.054] [758484] [HailoRT] [info] [queue_elements.cpp:46] [~BaseQueueElement] Queue element PullQEl_hw_read1scrfd_2_5g/conv51 has 0 frames in his Queue on destruction
[2026-08-31 11:24:22.054] [1216809] [HailoRT] [info] [queue_elements.cpp:68] [operator()] Thread in element UserBuffQEl1scrfd_2_5g/conv51 is not running anymore, exiting..
[2026-08-31 11:24:22.054] [758484] [HailoRT] [info] [queue_elements.cpp:46] [~BaseQueueElement] Queue element UserBuffQEl1scrfd_2_5g/conv51 has 0 frames in his Queue on destruction
[2026-08-31 11:24:22.054] [1216810] [HailoRT] [info] [queue_elements.cpp:734] [run_in_thread] Shutdown event was signaled in run_pull of queue element PullQEl_hw_read10scrfd_2_5g/conv55!
[2026-08-31 11:24:22.054] [1216811] [HailoRT] [info] [queue_elements.cpp:855] [run_in_thread] Shutdown event was signaled in dequeue of UserBuffQEl10scrfd_2_5g/conv55!
[2026-08-31 11:24:22.054] [1216810] [HailoRT] [info] [queue_elements.cpp:68] [operator()] Thread in element PullQEl_hw_read10scrfd_2_5g/conv55 is not running anymore, exiting..
[2026-08-31 11:24:22.054] [758484] [HailoRT] [info] [queue_elements.cpp:46] [~BaseQueueElement] Queue element PullQEl_hw_read10scrfd_2_5g/conv55 has 0 frames in his Queue on destruction
[2026-08-31 11:24:22.054] [1216811] [HailoRT] [info] [queue_elements.cpp:68] [operator()] Thread in element UserBuffQEl10scrfd_2_5g/conv55 is not running anymore, exiting..
[2026-08-31 11:24:22.054] [758484] [HailoRT] [info] [queue_elements.cpp:46] [~BaseQueueElement] Queue element UserBuffQEl10scrfd_2_5g/conv55 has 0 frames in his Queue on destruction
[2026-08-31 11:24:22.054] [1216812] [HailoRT] [info] [queue_elements.cpp:734] [run_in_thread] Shutdown event was signaled in run_pull of queue element PullQEl_hw_read9scrfd_2_5g/conv56!
[2026-08-31 11:24:22.054] [1216813] [HailoRT] [info] [queue_elements.cpp:855] [run_in_thread] Shutdown event was signaled in dequeue of UserBuffQEl9scrfd_2_5g/conv56!
[2026-08-31 11:24:22.054] [1216812] [HailoRT] [info] [queue_elements.cpp:68] [operator()] Thread in element PullQEl_hw_read9scrfd_2_5g/conv56 is not running anymore, exiting..
[2026-08-31 11:24:22.054] [758484] [HailoRT] [info] [queue_elements.cpp:46] [~BaseQueueElement] Queue element PullQEl_hw_read9scrfd_2_5g/conv56 has 0 frames in his Queue on destruction
[2026-08-31 11:24:22.054] [1216813] [HailoRT] [info] [queue_elements.cpp:68] [operator()] Thread in element UserBuffQEl9scrfd_2_5g/conv56 is not running anymore, exiting..
[2026-08-31 11:24:22.054] [758484] [HailoRT] [info] [queue_elements.cpp:46] [~BaseQueueElement] Queue element UserBuffQEl9scrfd_2_5g/conv56 has 0 frames in his Queue on destruction
[2026-08-31 11:24:22.054] [1216814] [HailoRT] [info] [queue_elements.cpp:734] [run_in_thread] Shutdown event was signaled in run_pull of queue element PullQEl_hw_read13scrfd_2_5g/conv57!
[2026-08-31 11:24:22.054] [1216815] [HailoRT] [info] [queue_elements.cpp:855] [run_in_thread] Shutdown event was signaled in dequeue of UserBuffQEl13scrfd_2_5g/conv57!
[2026-08-31 11:24:22.054] [1216814] [HailoRT] [info] [queue_elements.cpp:68] [operator()] Thread in element PullQEl_hw_read13scrfd_2_5g/conv57 is not running anymore, exiting..
[2026-08-31 11:24:22.054] [758484] [HailoRT] [info] [queue_elements.cpp:46] [~BaseQueueElement] Queue element PullQEl_hw_read13scrfd_2_5g/conv57 has 0 frames in his Queue on destruction
[2026-08-31 11:24:22.054] [1216815] [HailoRT] [info] [queue_elements.cpp:68] [operator()] Thread in element UserBuffQEl13scrfd_2_5g/conv57 is not running anymore, exiting..
[2026-08-31 11:24:22.054] [758484] [HailoRT] [info] [queue_elements.cpp:46] [~BaseQueueElement] Queue element UserBuffQEl13scrfd_2_5g/conv57 has 0 frames in his Queue on destruction
[2026-08-31 11:24:22.139] [758484] [HailoRT] [info] [edge_elements.cpp:52] [create] Created (HwWriteEl3scrfd_2_5g/input_layer1 | hw_frame_size: 1228800)
[2026-08-31 11:24:22.140] [758484] [HailoRT] [info] [vstream.cpp:754] [InputVStreamImpl] Creating scrfd_2_5g/input_layer1...
[2026-08-31 11:24:22.140] [758484] [HailoRT] [info] [vstream_builder.cpp:102] [create_inputs] Input pipeline 'scrfd_2_5g/input_layer1': (HwWriteEl3scrfd_2_5g/input_layer1 | hw_frame_size: 1228800) >> HW
[2026-08-31 11:24:22.140] [758484] [HailoRT] [info] [edge_elements.cpp:287] [create] Created (HwReadEl3scrfd_2_5g/conv42 | hw_frame_size: 12800)
[2026-08-31 11:24:22.140] [758484] [HailoRT] [info] [queue_elements.cpp:657] [create] Created (PullQEl_hw_read3scrfd_2_5g/conv42)
[2026-08-31 11:24:22.140] [758484] [HailoRT] [info] [filter_elements.cpp:372] [create] Created (PostInferEl3scrfd_2_5g/conv42 | Quantization - src_type: UINT8, dst_type FLOAT32, limvals_min: 0, limvals_max: 1)
[2026-08-31 11:24:22.140] [758484] [HailoRT] [info] [queue_elements.cpp:800] [create] Created (UserBuffQEl3scrfd_2_5g/conv42 | timeout: 10s)
[2026-08-31 11:24:22.140] [758484] [HailoRT] [info] [vstream.cpp:1114] [OutputVStreamImpl] Creating scrfd_2_5g/conv42...
[2026-08-31 11:24:22.140] [758484] [HailoRT] [info] [vstream_builder.cpp:220] [create_outputs] Output pipeline 'scrfd_2_5g/conv42': HW >> (HwReadEl3scrfd_2_5g/conv42 | hw_frame_size: 12800) >> (PullQEl_hw_read3scrfd_2_5g/conv42) >> (PostInferEl3scrfd_2_5g/conv42 | Quantization - src_type: UINT8, dst_type FLOAT32, limvals_min: 0, limvals_max: 1) >> (UserBuffQEl3scrfd_2_5g/conv42 | timeout: 10s)
[2026-08-31 11:24:22.140] [758484] [HailoRT] [info] [edge_elements.cpp:287] [create] Created (HwReadEl0scrfd_2_5g/conv43 | hw_frame_size: 51200)
[2026-08-31 11:24:22.140] [758484] [HailoRT] [info] [queue_elements.cpp:657] [create] Created (PullQEl_hw_read0scrfd_2_5g/conv43)
[2026-08-31 11:24:22.140] [758484] [HailoRT] [info] [filter_elements.cpp:372] [create] Created (PostInferEl0scrfd_2_5g/conv43 | Quantization - src_type: UINT8, dst_type FLOAT32, limvals_min: -0.0793963, limvals_max: 4.98212)
[2026-08-31 11:24:22.140] [758484] [HailoRT] [info] [queue_elements.cpp:800] [create] Created (UserBuffQEl0scrfd_2_5g/conv43 | timeout: 10s)
[2026-08-31 11:24:22.140] [758484] [HailoRT] [info] [vstream.cpp:1114] [OutputVStreamImpl] Creating scrfd_2_5g/conv43...
[2026-08-31 11:24:22.140] [758484] [HailoRT] [info] [vstream_builder.cpp:220] [create_outputs] Output pipeline 'scrfd_2_5g/conv43': HW >> (HwReadEl0scrfd_2_5g/conv43 | hw_frame_size: 51200) >> (PullQEl_hw_read0scrfd_2_5g/conv43) >> (PostInferEl0scrfd_2_5g/conv43 | Quantization - src_type: UINT8, dst_type FLOAT32, limvals_min: -0.0793963, limvals_max: 4.98212) >> (UserBuffQEl0scrfd_2_5g/conv43 | timeout: 10s)
[2026-08-31 11:24:22.140] [758484] [HailoRT] [info] [edge_elements.cpp:287] [create] Created (HwReadEl2scrfd_2_5g/conv44 | hw_frame_size: 153600)
[2026-08-31 11:24:22.140] [758484] [HailoRT] [info] [queue_elements.cpp:657] [create] Created (PullQEl_hw_read2scrfd_2_5g/conv44)
[2026-08-31 11:24:22.140] [758484] [HailoRT] [info] [filter_elements.cpp:372] [create] Created (PostInferEl2scrfd_2_5g/conv44 | Quantization - src_type: UINT8, dst_type FLOAT32, limvals_min: -3.16292, limvals_max: 3.50274 | Reorder - src_order: FCR, src_shape: (80, 80, 24), dst_order: FCR, dst_shape: (80, 80, 20))
[2026-08-31 11:24:22.140] [758484] [HailoRT] [info] [queue_elements.cpp:800] [create] Created (UserBuffQEl2scrfd_2_5g/conv44 | timeout: 10s)
[2026-08-31 11:24:22.140] [758484] [HailoRT] [info] [vstream.cpp:1114] [OutputVStreamImpl] Creating scrfd_2_5g/conv44...
[2026-08-31 11:24:22.140] [758484] [HailoRT] [info] [vstream_builder.cpp:220] [create_outputs] Output pipeline 'scrfd_2_5g/conv44': HW >> (HwReadEl2scrfd_2_5g/conv44 | hw_frame_size: 153600) >> (PullQEl_hw_read2scrfd_2_5g/conv44) >> (PostInferEl2scrfd_2_5g/conv44 | Quantization - src_type: UINT8, dst_type FLOAT32, limvals_min: -3.16292, limvals_max: 3.50274 | Reorder - src_order: FCR, src_shape: (80, 80, 24), dst_order: FCR, dst_shape: (80, 80, 20)) >> (UserBuffQEl2scrfd_2_5g/conv44 | timeout: 10s)
[2026-08-31 11:24:22.141] [758484] [HailoRT] [info] [edge_elements.cpp:287] [create] Created (HwReadEl14scrfd_2_5g/conv49 | hw_frame_size: 3200)
[2026-08-31 11:24:22.141] [758484] [HailoRT] [info] [queue_elements.cpp:657] [create] Created (PullQEl_hw_read14scrfd_2_5g/conv49)
[2026-08-31 11:24:22.141] [758484] [HailoRT] [info] [filter_elements.cpp:372] [create] Created (PostInferEl14scrfd_2_5g/conv49 | Quantization - src_type: UINT8, dst_type FLOAT32, limvals_min: 0, limvals_max: 1)
[2026-08-31 11:24:22.141] [758484] [HailoRT] [info] [queue_elements.cpp:800] [create] Created (UserBuffQEl14scrfd_2_5g/conv49 | timeout: 10s)
[2026-08-31 11:24:22.141] [758484] [HailoRT] [info] [vstream.cpp:1114] [OutputVStreamImpl] Creating scrfd_2_5g/conv49...
[2026-08-31 11:24:22.141] [758484] [HailoRT] [info] [vstream_builder.cpp:220] [create_outputs] Output pipeline 'scrfd_2_5g/conv49': HW >> (HwReadEl14scrfd_2_5g/conv49 | hw_frame_size: 3200) >> (PullQEl_hw_read14scrfd_2_5g/conv49) >> (PostInferEl14scrfd_2_5g/conv49 | Quantization - src_type: UINT8, dst_type FLOAT32, limvals_min: 0, limvals_max: 1) >> (UserBuffQEl14scrfd_2_5g/conv49 | timeout: 10s)
[2026-08-31 11:24:22.141] [758484] [HailoRT] [info] [edge_elements.cpp:287] [create] Created (HwReadEl12scrfd_2_5g/conv50 | hw_frame_size: 12800)
[2026-08-31 11:24:22.141] [758484] [HailoRT] [info] [queue_elements.cpp:657] [create] Created (PullQEl_hw_read12scrfd_2_5g/conv50)
[2026-08-31 11:24:22.141] [758484] [HailoRT] [info] [filter_elements.cpp:372] [create] Created (PostInferEl12scrfd_2_5g/conv50 | Quantization - src_type: UINT8, dst_type FLOAT32, limvals_min: 0, limvals_max: 8.10626)
[2026-08-31 11:24:22.141] [758484] [HailoRT] [info] [queue_elements.cpp:800] [create] Created (UserBuffQEl12scrfd_2_5g/conv50 | timeout: 10s)
[2026-08-31 11:24:22.141] [758484] [HailoRT] [info] [vstream.cpp:1114] [OutputVStreamImpl] Creating scrfd_2_5g/conv50...
[2026-08-31 11:24:22.141] [758484] [HailoRT] [info] [vstream_builder.cpp:220] [create_outputs] Output pipeline 'scrfd_2_5g/conv50': HW >> (HwReadEl12scrfd_2_5g/conv50 | hw_frame_size: 12800) >> (PullQEl_hw_read12scrfd_2_5g/conv50) >> (PostInferEl12scrfd_2_5g/conv50 | Quantization - src_type: UINT8, dst_type FLOAT32, limvals_min: 0, limvals_max: 8.10626) >> (UserBuffQEl12scrfd_2_5g/conv50 | timeout: 10s)
[2026-08-31 11:24:22.141] [758484] [HailoRT] [info] [edge_elements.cpp:287] [create] Created (HwReadEl1scrfd_2_5g/conv51 | hw_frame_size: 38400)
[2026-08-31 11:24:22.141] [758484] [HailoRT] [info] [queue_elements.cpp:657] [create] Created (PullQEl_hw_read1scrfd_2_5g/conv51)
[2026-08-31 11:24:22.141] [758484] [HailoRT] [info] [filter_elements.cpp:372] [create] Created (PostInferEl1scrfd_2_5g/conv51 | Quantization - src_type: UINT8, dst_type FLOAT32, limvals_min: -4.24698, limvals_max: 5.17024 | Reorder - src_order: FCR, src_shape: (40, 40, 24), dst_order: FCR, dst_shape: (40, 40, 20))
[2026-08-31 11:24:22.141] [758484] [HailoRT] [info] [queue_elements.cpp:800] [create] Created (UserBuffQEl1scrfd_2_5g/conv51 | timeout: 10s)
[2026-08-31 11:24:22.141] [758484] [HailoRT] [info] [vstream.cpp:1114] [OutputVStreamImpl] Creating scrfd_2_5g/conv51...
[2026-08-31 11:24:22.141] [758484] [HailoRT] [info] [vstream_builder.cpp:220] [create_outputs] Output pipeline 'scrfd_2_5g/conv51': HW >> (HwReadEl1scrfd_2_5g/conv51 | hw_frame_size: 38400) >> (PullQEl_hw_read1scrfd_2_5g/conv51) >> (PostInferEl1scrfd_2_5g/conv51 | Quantization - src_type: UINT8, dst_type FLOAT32, limvals_min: -4.24698, limvals_max: 5.17024 | Reorder - src_order: FCR, src_shape: (40, 40, 24), dst_order: FCR, dst_shape: (40, 40, 20)) >> (UserBuffQEl1scrfd_2_5g/conv51 | timeout: 10s)
[2026-08-31 11:24:22.141] [758484] [HailoRT] [info] [edge_elements.cpp:287] [create] Created (HwReadEl10scrfd_2_5g/conv55 | hw_frame_size: 800)
[2026-08-31 11:24:22.141] [758484] [HailoRT] [info] [queue_elements.cpp:657] [create] Created (PullQEl_hw_read10scrfd_2_5g/conv55)
[2026-08-31 11:24:22.141] [758484] [HailoRT] [info] [filter_elements.cpp:372] [create] Created (PostInferEl10scrfd_2_5g/conv55 | Quantization - src_type: UINT8, dst_type FLOAT32, limvals_min: 0, limvals_max: 1 | Reorder - src_order: NHCW, src_shape: (20, 20, 2), dst_order: NHWC, dst_shape: (20, 20, 2))
[2026-08-31 11:24:22.142] [758484] [HailoRT] [info] [queue_elements.cpp:800] [create] Created (UserBuffQEl10scrfd_2_5g/conv55 | timeout: 10s)
[2026-08-31 11:24:22.142] [758484] [HailoRT] [info] [vstream.cpp:1114] [OutputVStreamImpl] Creating scrfd_2_5g/conv55...
[2026-08-31 11:24:22.142] [758484] [HailoRT] [info] [vstream_builder.cpp:220] [create_outputs] Output pipeline 'scrfd_2_5g/conv55': HW >> (HwReadEl10scrfd_2_5g/conv55 | hw_frame_size: 800) >> (PullQEl_hw_read10scrfd_2_5g/conv55) >> (PostInferEl10scrfd_2_5g/conv55 | Quantization - src_type: UINT8, dst_type FLOAT32, limvals_min: 0, limvals_max: 1 | Reorder - src_order: NHCW, src_shape: (20, 20, 2), dst_order: NHWC, dst_shape: (20, 20, 2)) >> (UserBuffQEl10scrfd_2_5g/conv55 | timeout: 10s)
[2026-08-31 11:24:22.142] [758484] [HailoRT] [info] [edge_elements.cpp:287] [create] Created (HwReadEl9scrfd_2_5g/conv56 | hw_frame_size: 3200)
[2026-08-31 11:24:22.142] [758484] [HailoRT] [info] [queue_elements.cpp:657] [create] Created (PullQEl_hw_read9scrfd_2_5g/conv56)
[2026-08-31 11:24:22.142] [758484] [HailoRT] [info] [filter_elements.cpp:372] [create] Created (PostInferEl9scrfd_2_5g/conv56 | Quantization - src_type: UINT8, dst_type FLOAT32, limvals_min: -0.0299247, limvals_max: 7.60086 | Reorder - src_order: NHCW, src_shape: (20, 20, 8), dst_order: NHWC, dst_shape: (20, 20, 8))
[2026-08-31 11:24:22.142] [758484] [HailoRT] [info] [queue_elements.cpp:800] [create] Created (UserBuffQEl9scrfd_2_5g/conv56 | timeout: 10s)
[2026-08-31 11:24:22.142] [758484] [HailoRT] [info] [vstream.cpp:1114] [OutputVStreamImpl] Creating scrfd_2_5g/conv56...
[2026-08-31 11:24:22.142] [758484] [HailoRT] [info] [vstream_builder.cpp:220] [create_outputs] Output pipeline 'scrfd_2_5g/conv56': HW >> (HwReadEl9scrfd_2_5g/conv56 | hw_frame_size: 3200) >> (PullQEl_hw_read9scrfd_2_5g/conv56) >> (PostInferEl9scrfd_2_5g/conv56 | Quantization - src_type: UINT8, dst_type FLOAT32, limvals_min: -0.0299247, limvals_max: 7.60086 | Reorder - src_order: NHCW, src_shape: (20, 20, 8), dst_order: NHWC, dst_shape: (20, 20, 8)) >> (UserBuffQEl9scrfd_2_5g/conv56 | timeout: 10s)
[2026-08-31 11:24:22.142] [758484] [HailoRT] [info] [edge_elements.cpp:287] [create] Created (HwReadEl13scrfd_2_5g/conv57 | hw_frame_size: 9600)
[2026-08-31 11:24:22.142] [758484] [HailoRT] [info] [queue_elements.cpp:657] [create] Created (PullQEl_hw_read13scrfd_2_5g/conv57)
[2026-08-31 11:24:22.142] [758484] [HailoRT] [info] [filter_elements.cpp:372] [create] Created (PostInferEl13scrfd_2_5g/conv57 | Quantization - src_type: UINT8, dst_type FLOAT32, limvals_min: -4.03285, limvals_max: 5.14908 | Reorder - src_order: FCR, src_shape: (20, 20, 24), dst_order: FCR, dst_shape: (20, 20, 20))
[2026-08-31 11:24:22.142] [758484] [HailoRT] [info] [queue_elements.cpp:800] [create] Created (UserBuffQEl13scrfd_2_5g/conv57 | timeout: 10s)
[2026-08-31 11:24:22.142] [758484] [HailoRT] [info] [vstream.cpp:1114] [OutputVStreamImpl] Creating scrfd_2_5g/conv57...
[2026-08-31 11:24:22.142] [758484] [HailoRT] [info] [vstream_builder.cpp:220] [create_outputs] Output pipeline 'scrfd_2_5g/conv57': HW >> (HwReadEl13scrfd_2_5g/conv57 | hw_frame_size: 9600) >> (PullQEl_hw_read13scrfd_2_5g/conv57) >> (PostInferEl13scrfd_2_5g/conv57 | Quantization - src_type: UINT8, dst_type FLOAT32, limvals_min: -4.03285, limvals_max: 5.14908 | Reorder - src_order: FCR, src_shape: (20, 20, 24), dst_order: FCR, dst_shape: (20, 20, 20)) >> (UserBuffQEl13scrfd_2_5g/conv57 | timeout: 10s)
[2026-08-31 11:24:22.143] [758484] [HailoRT] [info] [core_op.cpp:156] [activate] Activating scrfd_2_5g took 0.621583 milliseconds. Note that the function is asynchronous and thus the network is not fully activated yet.
[2026-08-31 11:24:22.143] [758484] [HailoRT] [info] [core_op.cpp:156] [activate] Activating scrfd_2_5g took 0.633491 milliseconds. Note that the function is asynchronous and thus the network is not fully activated yet.
[2026-08-31 11:24:22.150] [1216832] [HailoRT] [info] [vdevice_native_stream.cpp:331] [read_impl] Failed read from stream HAILO_STREAM_NOT_ACTIVATED(72) (device: 0001:01:00.0)
[2026-08-31 11:24:22.150] [1216830] [HailoRT] [info] [vdevice_native_stream.cpp:331] [read_impl] Failed read from stream HAILO_STREAM_NOT_ACTIVATED(72) (device: 0001:01:00.0)
[2026-08-31 11:24:22.150] [1216828] [HailoRT] [info] [vdevice_native_stream.cpp:331] [read_impl] Failed read from stream HAILO_STREAM_NOT_ACTIVATED(72) (device: 0001:01:00.0)
[2026-08-31 11:24:22.150] [1216834] [HailoRT] [info] [vdevice_native_stream.cpp:331] [read_impl] Failed read from stream HAILO_STREAM_NOT_ACTIVATED(72) (device: 0001:01:00.0)
[2026-08-31 11:24:22.150] [1216836] [HailoRT] [info] [vdevice_native_stream.cpp:331] [read_impl] Failed read from stream HAILO_STREAM_NOT_ACTIVATED(72) (device: 0001:01:00.0)
[2026-08-31 11:24:22.150] [1216838] [HailoRT] [info] [vdevice_native_stream.cpp:331] [read_impl] Failed read from stream HAILO_STREAM_NOT_ACTIVATED(72) (device: 0001:01:00.0)
[2026-08-31 11:24:22.150] [1216826] [HailoRT] [info] [vdevice_native_stream.cpp:331] [read_impl] Failed read from stream HAILO_STREAM_NOT_ACTIVATED(72) (device: 0001:01:00.0)
[2026-08-31 11:24:22.150] [1216840] [HailoRT] [info] [vdevice_native_stream.cpp:331] [read_impl] Failed read from stream HAILO_STREAM_NOT_ACTIVATED(72) (device: 0001:01:00.0)
[2026-08-31 11:24:22.150] [1216842] [HailoRT] [info] [vdevice_native_stream.cpp:331] [read_impl] Failed read from stream HAILO_STREAM_NOT_ACTIVATED(72) (device: 0001:01:00.0)
[2026-08-31 11:24:22.150] [758484] [HailoRT] [info] [core_op.cpp:186] [deactivate] Deactivating took 0.886772 ms
[2026-08-31 11:24:22.150] [758484] [HailoRT] [info] [core_op.cpp:186] [deactivate] Deactivating took 0.909328 ms
[2026-08-31 11:24:22.150] [1216826] [HailoRT] [info] [queue_elements.cpp:734] [run_in_thread] Shutdown event was signaled in run_pull of queue element PullQEl_hw_read3scrfd_2_5g/conv42!
[2026-08-31 11:24:22.150] [1216827] [HailoRT] [info] [queue_elements.cpp:855] [run_in_thread] Shutdown event was signaled in dequeue of UserBuffQEl3scrfd_2_5g/conv42!
[2026-08-31 11:24:22.150] [1216826] [HailoRT] [info] [queue_elements.cpp:68] [operator()] Thread in element PullQEl_hw_read3scrfd_2_5g/conv42 is not running anymore, exiting..
[2026-08-31 11:24:22.151] [758484] [HailoRT] [info] [queue_elements.cpp:46] [~BaseQueueElement] Queue element PullQEl_hw_read3scrfd_2_5g/conv42 has 0 frames in his Queue on destruction
[2026-08-31 11:24:22.151] [1216827] [HailoRT] [info] [queue_elements.cpp:68] [operator()] Thread in element UserBuffQEl3scrfd_2_5g/conv42 is not running anymore, exiting..
[2026-08-31 11:24:22.151] [758484] [HailoRT] [info] [queue_elements.cpp:46] [~BaseQueueElement] Queue element UserBuffQEl3scrfd_2_5g/conv42 has 0 frames in his Queue on destruction
[2026-08-31 11:24:22.151] [1216829] [HailoRT] [info] [queue_elements.cpp:855] [run_in_thread] Shutdown event was signaled in dequeue of UserBuffQEl0scrfd_2_5g/conv43!
[2026-08-31 11:24:22.151] [1216828] [HailoRT] [info] [queue_elements.cpp:734] [run_in_thread] Shutdown event was signaled in run_pull of queue element PullQEl_hw_read0scrfd_2_5g/conv43!
[2026-08-31 11:24:22.151] [1216828] [HailoRT] [info] [queue_elements.cpp:68] [operator()] Thread in element PullQEl_hw_read0scrfd_2_5g/conv43 is not running anymore, exiting..
[2026-08-31 11:24:22.151] [758484] [HailoRT] [info] [queue_elements.cpp:46] [~BaseQueueElement] Queue element PullQEl_hw_read0scrfd_2_5g/conv43 has 0 frames in his Queue on destruction
[2026-08-31 11:24:22.151] [1216829] [HailoRT] [info] [queue_elements.cpp:68] [operator()] Thread in element UserBuffQEl0scrfd_2_5g/conv43 is not running anymore, exiting..
[2026-08-31 11:24:22.151] [758484] [HailoRT] [info] [queue_elements.cpp:46] [~BaseQueueElement] Queue element UserBuffQEl0scrfd_2_5g/conv43 has 0 frames in his Queue on destruction
[2026-08-31 11:24:22.151] [1216831] [HailoRT] [info] [queue_elements.cpp:855] [run_in_thread] Shutdown event was signaled in dequeue of UserBuffQEl2scrfd_2_5g/conv44!
[2026-08-31 11:24:22.151] [1216830] [HailoRT] [info] [queue_elements.cpp:734] [run_in_thread] Shutdown event was signaled in run_pull of queue element PullQEl_hw_read2scrfd_2_5g/conv44!
[2026-08-31 11:24:22.151] [1216830] [HailoRT] [info] [queue_elements.cpp:68] [operator()] Thread in element PullQEl_hw_read2scrfd_2_5g/conv44 is not running anymore, exiting..
[2026-08-31 11:24:22.151] [758484] [HailoRT] [info] [queue_elements.cpp:46] [~BaseQueueElement] Queue element PullQEl_hw_read2scrfd_2_5g/conv44 has 0 frames in his Queue on destruction
[2026-08-31 11:24:22.151] [1216831] [HailoRT] [info] [queue_elements.cpp:68] [operator()] Thread in element UserBuffQEl2scrfd_2_5g/conv44 is not running anymore, exiting..
[2026-08-31 11:24:22.151] [758484] [HailoRT] [info] [queue_elements.cpp:46] [~BaseQueueElement] Queue element UserBuffQEl2scrfd_2_5g/conv44 has 0 frames in his Queue on destruction
[2026-08-31 11:24:22.151] [1216833] [HailoRT] [info] [queue_elements.cpp:855] [run_in_thread] Shutdown event was signaled in dequeue of UserBuffQEl14scrfd_2_5g/conv49!
[2026-08-31 11:24:22.151] [1216832] [HailoRT] [info] [queue_elements.cpp:734] [run_in_thread] Shutdown event was signaled in run_pull of queue element PullQEl_hw_read14scrfd_2_5g/conv49!
[2026-08-31 11:24:22.151] [1216832] [HailoRT] [info] [queue_elements.cpp:68] [operator()] Thread in element PullQEl_hw_read14scrfd_2_5g/conv49 is not running anymore, exiting..
[2026-08-31 11:24:22.151] [758484] [HailoRT] [info] [queue_elements.cpp:46] [~BaseQueueElement] Queue element PullQEl_hw_read14scrfd_2_5g/conv49 has 0 frames in his Queue on destruction
[2026-08-31 11:24:22.151] [1216833] [HailoRT] [info] [queue_elements.cpp:68] [operator()] Thread in element UserBuffQEl14scrfd_2_5g/conv49 is not running anymore, exiting..
[2026-08-31 11:24:22.151] [758484] [HailoRT] [info] [queue_elements.cpp:46] [~BaseQueueElement] Queue element UserBuffQEl14scrfd_2_5g/conv49 has 0 frames in his Queue on destruction
[2026-08-31 11:24:22.151] [1216834] [HailoRT] [info] [queue_elements.cpp:734] [run_in_thread] Shutdown event was signaled in run_pull of queue element PullQEl_hw_read12scrfd_2_5g/conv50!
[2026-08-31 11:24:22.151] [1216835] [HailoRT] [info] [queue_elements.cpp:855] [run_in_thread] Shutdown event was signaled in dequeue of UserBuffQEl12scrfd_2_5g/conv50!
[2026-08-31 11:24:22.151] [1216834] [HailoRT] [info] [queue_elements.cpp:68] [operator()] Thread in element PullQEl_hw_read12scrfd_2_5g/conv50 is not running anymore, exiting..
[2026-08-31 11:24:22.151] [758484] [HailoRT] [info] [queue_elements.cpp:46] [~BaseQueueElement] Queue element PullQEl_hw_read12scrfd_2_5g/conv50 has 0 frames in his Queue on destruction
[2026-08-31 11:24:22.151] [1216835] [HailoRT] [info] [queue_elements.cpp:68] [operator()] Thread in element UserBuffQEl12scrfd_2_5g/conv50 is not running anymore, exiting..
[2026-08-31 11:24:22.151] [758484] [HailoRT] [info] [queue_elements.cpp:46] [~BaseQueueElement] Queue element UserBuffQEl12scrfd_2_5g/conv50 has 0 frames in his Queue on destruction
[2026-08-31 11:24:22.151] [1216836] [HailoRT] [info] [queue_elements.cpp:734] [run_in_thread] Shutdown event was signaled in run_pull of queue element PullQEl_hw_read1scrfd_2_5g/conv51!
[2026-08-31 11:24:22.151] [1216837] [HailoRT] [info] [queue_elements.cpp:855] [run_in_thread] Shutdown event was signaled in dequeue of UserBuffQEl1scrfd_2_5g/conv51!
[2026-08-31 11:24:22.151] [1216836] [HailoRT] [info] [queue_elements.cpp:68] [operator()] Thread in element PullQEl_hw_read1scrfd_2_5g/conv51 is not running anymore, exiting..
[2026-08-31 11:24:22.151] [758484] [HailoRT] [info] [queue_elements.cpp:46] [~BaseQueueElement] Queue element PullQEl_hw_read1scrfd_2_5g/conv51 has 0 frames in his Queue on destruction
[2026-08-31 11:24:22.151] [1216837] [HailoRT] [info] [queue_elements.cpp:68] [operator()] Thread in element UserBuffQEl1scrfd_2_5g/conv51 is not running anymore, exiting..
[2026-08-31 11:24:22.151] [758484] [HailoRT] [info] [queue_elements.cpp:46] [~BaseQueueElement] Queue element UserBuffQEl1scrfd_2_5g/conv51 has 0 frames in his Queue on destruction
[2026-08-31 11:24:22.152] [1216838] [HailoRT] [info] [queue_elements.cpp:734] [run_in_thread] Shutdown event was signaled in run_pull of queue element PullQEl_hw_read10scrfd_2_5g/conv55!
[2026-08-31 11:24:22.152] [1216839] [HailoRT] [info] [queue_elements.cpp:855] [run_in_thread] Shutdown event was signaled in dequeue of UserBuffQEl10scrfd_2_5g/conv55!
[2026-08-31 11:24:22.152] [1216838] [HailoRT] [info] [queue_elements.cpp:68] [operator()] Thread in element PullQEl_hw_read10scrfd_2_5g/conv55 is not running anymore, exiting..
[2026-08-31 11:24:22.152] [758484] [HailoRT] [info] [queue_elements.cpp:46] [~BaseQueueElement] Queue element PullQEl_hw_read10scrfd_2_5g/conv55 has 0 frames in his Queue on destruction
[2026-08-31 11:24:22.152] [1216839] [HailoRT] [info] [queue_elements.cpp:68] [operator()] Thread in element UserBuffQEl10scrfd_2_5g/conv55 is not running anymore, exiting..
[2026-08-31 11:24:22.152] [758484] [HailoRT] [info] [queue_elements.cpp:46] [~BaseQueueElement] Queue element UserBuffQEl10scrfd_2_5g/conv55 has 0 frames in his Queue on destruction
[2026-08-31 11:24:22.152] [1216840] [HailoRT] [info] [queue_elements.cpp:734] [run_in_thread] Shutdown event was signaled in run_pull of queue element PullQEl_hw_read9scrfd_2_5g/conv56!
[2026-08-31 11:24:22.152] [1216841] [HailoRT] [info] [queue_elements.cpp:855] [run_in_thread] Shutdown event was signaled in dequeue of UserBuffQEl9scrfd_2_5g/conv56!
[2026-08-31 11:24:22.152] [1216840] [HailoRT] [info] [queue_elements.cpp:68] [operator()] Thread in element PullQEl_hw_read9scrfd_2_5g/conv56 is not running anymore, exiting..
[2026-08-31 11:24:22.152] [758484] [HailoRT] [info] [queue_elements.cpp:46] [~BaseQueueElement] Queue element PullQEl_hw_read9scrfd_2_5g/conv56 has 0 frames in his Queue on destruction
[2026-08-31 11:24:22.152] [1216841] [HailoRT] [info] [queue_elements.cpp:68] [operator()] Thread in element UserBuffQEl9scrfd_2_5g/conv56 is not running anymore, exiting..
[2026-08-31 11:24:22.152] [758484] [HailoRT] [info] [queue_elements.cpp:46] [~BaseQueueElement] Queue element UserBuffQEl9scrfd_2_5g/conv56 has 0 frames in his Queue on destruction
[2026-08-31 11:24:22.152] [1216842] [HailoRT] [info] [queue_elements.cpp:734] [run_in_thread] Shutdown event was signaled in run_pull of queue element PullQEl_hw_read13scrfd_2_5g/conv57!
[2026-08-31 11:24:22.152] [1216843] [HailoRT] [info] [queue_elements.cpp:855] [run_in_thread] Shutdown event was signaled in dequeue of UserBuffQEl13scrfd_2_5g/conv57!
[2026-08-31 11:24:22.152] [1216842] [HailoRT] [info] [queue_elements.cpp:68] [operator()] Thread in element PullQEl_hw_read13scrfd_2_5g/conv57 is not running anymore, exiting..
[2026-08-31 11:24:22.152] [758484] [HailoRT] [info] [queue_elements.cpp:46] [~BaseQueueElement] Queue element PullQEl_hw_read13scrfd_2_5g/conv57 has 0 frames in his Queue on destruction
[2026-08-31 11:24:22.152] [758484] [HailoRT] [info] [queue_elements.cpp:46] [~BaseQueueElement] Queue element UserBuffQEl13scrfd_2_5g/conv57 has 0 frames in his Queue on destruction
[2026-08-31 11:24:22.277] [758484] [HailoRT] [info] [edge_elements.cpp:52] [create] Created (HwWriteEl3scrfd_2_5g/input_layer1 | hw_frame_size: 1228800)
[2026-08-31 11:24:22.277] [758484] [HailoRT] [info] [vstream.cpp:754] [InputVStreamImpl] Creating scrfd_2_5g/input_layer1...
[2026-08-31 11:24:22.277] [758484] [HailoRT] [info] [vstream_builder.cpp:102] [create_inputs] Input pipeline 'scrfd_2_5g/input_layer1': (HwWriteEl3scrfd_2_5g/input_layer1 | hw_frame_size: 1228800) >> HW
[2026-08-31 11:24:22.277] [758484] [HailoRT] [info] [edge_elements.cpp:287] [create] Created (HwReadEl3scrfd_2_5g/conv42 | hw_frame_size: 12800)
[2026-08-31 11:24:22.277] [758484] [HailoRT] [info] [queue_elements.cpp:657] [create] Created (PullQEl_hw_read3scrfd_2_5g/conv42)
[2026-08-31 11:24:22.277] [758484] [HailoRT] [info] [filter_elements.cpp:372] [create] Created (PostInferEl3scrfd_2_5g/conv42 | Quantization - src_type: UINT8, dst_type FLOAT32, limvals_min: 0, limvals_max: 1)
[2026-08-31 11:24:22.277] [758484] [HailoRT] [info] [queue_elements.cpp:800] [create] Created (UserBuffQEl3scrfd_2_5g/conv42 | timeout: 10s)
[2026-08-31 11:24:22.277] [758484] [HailoRT] [info] [vstream.cpp:1114] [OutputVStreamImpl] Creating scrfd_2_5g/conv42...
[2026-08-31 11:24:22.277] [758484] [HailoRT] [info] [vstream_builder.cpp:220] [create_outputs] Output pipeline 'scrfd_2_5g/conv42': HW >> (HwReadEl3scrfd_2_5g/conv42 | hw_frame_size: 12800) >> (PullQEl_hw_read3scrfd_2_5g/conv42) >> (PostInferEl3scrfd_2_5g/conv42 | Quantization - src_type: UINT8, dst_type FLOAT32, limvals_min: 0, limvals_max: 1) >> (UserBuffQEl3scrfd_2_5g/conv42 | timeout: 10s)
[2026-08-31 11:24:22.278] [758484] [HailoRT] [info] [edge_elements.cpp:287] [create] Created (HwReadEl0scrfd_2_5g/conv43 | hw_frame_size: 51200)
[2026-08-31 11:24:22.278] [758484] [HailoRT] [info] [queue_elements.cpp:657] [create] Created (PullQEl_hw_read0scrfd_2_5g/conv43)
[2026-08-31 11:24:22.278] [758484] [HailoRT] [info] [filter_elements.cpp:372] [create] Created (PostInferEl0scrfd_2_5g/conv43 | Quantization - src_type: UINT8, dst_type FLOAT32, limvals_min: -0.0793963, limvals_max: 4.98212)
[2026-08-31 11:24:22.278] [758484] [HailoRT] [info] [queue_elements.cpp:800] [create] Created (UserBuffQEl0scrfd_2_5g/conv43 | timeout: 10s)
[2026-08-31 11:24:22.278] [758484] [HailoRT] [info] [vstream.cpp:1114] [OutputVStreamImpl] Creating scrfd_2_5g/conv43...
[2026-08-31 11:24:22.278] [758484] [HailoRT] [info] [vstream_builder.cpp:220] [create_outputs] Output pipeline 'scrfd_2_5g/conv43': HW >> (HwReadEl0scrfd_2_5g/conv43 | hw_frame_size: 51200) >> (PullQEl_hw_read0scrfd_2_5g/conv43) >> (PostInferEl0scrfd_2_5g/conv43 | Quantization - src_type: UINT8, dst_type FLOAT32, limvals_min: -0.0793963, limvals_max: 4.98212) >> (UserBuffQEl0scrfd_2_5g/conv43 | timeout: 10s)
[2026-08-31 11:24:22.278] [758484] [HailoRT] [info] [edge_elements.cpp:287] [create] Created (HwReadEl2scrfd_2_5g/conv44 | hw_frame_size: 153600)
[2026-08-31 11:24:22.278] [758484] [HailoRT] [info] [queue_elements.cpp:657] [create] Created (PullQEl_hw_read2scrfd_2_5g/conv44)
[2026-08-31 11:24:22.278] [758484] [HailoRT] [info] [filter_elements.cpp:372] [create] Created (PostInferEl2scrfd_2_5g/conv44 | Quantization - src_type: UINT8, dst_type FLOAT32, limvals_min: -3.16292, limvals_max: 3.50274 | Reorder - src_order: FCR, src_shape: (80, 80, 24), dst_order: FCR, dst_shape: (80, 80, 20))
[2026-08-31 11:24:22.278] [758484] [HailoRT] [info] [queue_elements.cpp:800] [create] Created (UserBuffQEl2scrfd_2_5g/conv44 | timeout: 10s)
[2026-08-31 11:24:22.278] [758484] [HailoRT] [info] [vstream.cpp:1114] [OutputVStreamImpl] Creating scrfd_2_5g/conv44...
[2026-08-31 11:24:22.278] [758484] [HailoRT] [info] [vstream_builder.cpp:220] [create_outputs] Output pipeline 'scrfd_2_5g/conv44': HW >> (HwReadEl2scrfd_2_5g/conv44 | hw_frame_size: 153600) >> (PullQEl_hw_read2scrfd_2_5g/conv44) >> (PostInferEl2scrfd_2_5g/conv44 | Quantization - src_type: UINT8, dst_type FLOAT32, limvals_min: -3.16292, limvals_max: 3.50274 | Reorder - src_order: FCR, src_shape: (80, 80, 24), dst_order: FCR, dst_shape: (80, 80, 20)) >> (UserBuffQEl2scrfd_2_5g/conv44 | timeout: 10s)
[2026-08-31 11:24:22.278] [758484] [HailoRT] [info] [edge_elements.cpp:287] [create] Created (HwReadEl14scrfd_2_5g/conv49 | hw_frame_size: 3200)
[2026-08-31 11:24:22.278] [758484] [HailoRT] [info] [queue_elements.cpp:657] [create] Created (PullQEl_hw_read14scrfd_2_5g/conv49)
[2026-08-31 11:24:22.278] [758484] [HailoRT] [info] [filter_elements.cpp:372] [create] Created (PostInferEl14scrfd_2_5g/conv49 | Quantization - src_type: UINT8, dst_type FLOAT32, limvals_min: 0, limvals_max: 1)
[2026-08-31 11:24:22.278] [758484] [HailoRT] [info] [queue_elements.cpp:800] [create] Created (UserBuffQEl14scrfd_2_5g/conv49 | timeout: 10s)
[2026-08-31 11:24:22.278] [758484] [HailoRT] [info] [vstream.cpp:1114] [OutputVStreamImpl] Creating scrfd_2_5g/conv49...
[2026-08-31 11:24:22.278] [758484] [HailoRT] [info] [vstream_builder.cpp:220] [create_outputs] Output pipeline 'scrfd_2_5g/conv49': HW >> (HwReadEl14scrfd_2_5g/conv49 | hw_frame_size: 3200) >> (PullQEl_hw_read14scrfd_2_5g/conv49) >> (PostInferEl14scrfd_2_5g/conv49 | Quantization - src_type: UINT8, dst_type FLOAT32, limvals_min: 0, limvals_max: 1) >> (UserBuffQEl14scrfd_2_5g/conv49 | timeout: 10s)
[2026-08-31 11:24:22.278] [758484] [HailoRT] [info] [edge_elements.cpp:287] [create] Created (HwReadEl12scrfd_2_5g/conv50 | hw_frame_size: 12800)
[2026-08-31 11:24:22.278] [758484] [HailoRT] [info] [queue_elements.cpp:657] [create] Created (PullQEl_hw_read12scrfd_2_5g/conv50)
[2026-08-31 11:24:22.278] [758484] [HailoRT] [info] [filter_elements.cpp:372] [create] Created (PostInferEl12scrfd_2_5g/conv50 | Quantization - src_type: UINT8, dst_type FLOAT32, limvals_min: 0, limvals_max: 8.10626)
[2026-08-31 11:24:22.278] [758484] [HailoRT] [info] [queue_elements.cpp:800] [create] Created (UserBuffQEl12scrfd_2_5g/conv50 | timeout: 10s)
[2026-08-31 11:24:22.279] [758484] [HailoRT] [info] [vstream.cpp:1114] [OutputVStreamImpl] Creating scrfd_2_5g/conv50...
[2026-08-31 11:24:22.279] [758484] [HailoRT] [info] [vstream_builder.cpp:220] [create_outputs] Output pipeline 'scrfd_2_5g/conv50': HW >> (HwReadEl12scrfd_2_5g/conv50 | hw_frame_size: 12800) >> (PullQEl_hw_read12scrfd_2_5g/conv50) >> (PostInferEl12scrfd_2_5g/conv50 | Quantization - src_type: UINT8, dst_type FLOAT32, limvals_min: 0, limvals_max: 8.10626) >> (UserBuffQEl12scrfd_2_5g/conv50 | timeout: 10s)
[2026-08-31 11:24:22.279] [758484] [HailoRT] [info] [edge_elements.cpp:287] [create] Created (HwReadEl1scrfd_2_5g/conv51 | hw_frame_size: 38400)
[2026-08-31 11:24:22.279] [758484] [HailoRT] [info] [queue_elements.cpp:657] [create] Created (PullQEl_hw_read1scrfd_2_5g/conv51)
[2026-08-31 11:24:22.279] [758484] [HailoRT] [info] [filter_elements.cpp:372] [create] Created (PostInferEl1scrfd_2_5g/conv51 | Quantization - src_type: UINT8, dst_type FLOAT32, limvals_min: -4.24698, limvals_max: 5.17024 | Reorder - src_order: FCR, src_shape: (40, 40, 24), dst_order: FCR, dst_shape: (40, 40, 20))
[2026-08-31 11:24:22.279] [758484] [HailoRT] [info] [queue_elements.cpp:800] [create] Created (UserBuffQEl1scrfd_2_5g/conv51 | timeout: 10s)
[2026-08-31 11:24:22.279] [758484] [HailoRT] [info] [vstream.cpp:1114] [OutputVStreamImpl] Creating scrfd_2_5g/conv51...
[2026-08-31 11:24:22.279] [758484] [HailoRT] [info] [vstream_builder.cpp:220] [create_outputs] Output pipeline 'scrfd_2_5g/conv51': HW >> (HwReadEl1scrfd_2_5g/conv51 | hw_frame_size: 38400) >> (PullQEl_hw_read1scrfd_2_5g/conv51) >> (PostInferEl1scrfd_2_5g/conv51 | Quantization - src_type: UINT8, dst_type FLOAT32, limvals_min: -4.24698, limvals_max: 5.17024 | Reorder - src_order: FCR, src_shape: (40, 40, 24), dst_order: FCR, dst_shape: (40, 40, 20)) >> (UserBuffQEl1scrfd_2_5g/conv51 | timeout: 10s)
[2026-08-31 11:24:22.279] [758484] [HailoRT] [info] [edge_elements.cpp:287] [create] Created (HwReadEl10scrfd_2_5g/conv55 | hw_frame_size: 800)
[2026-08-31 11:24:22.279] [758484] [HailoRT] [info] [queue_elements.cpp:657] [create] Created (PullQEl_hw_read10scrfd_2_5g/conv55)
[2026-08-31 11:24:22.279] [758484] [HailoRT] [info] [filter_elements.cpp:372] [create] Created (PostInferEl10scrfd_2_5g/conv55 | Quantization - src_type: UINT8, dst_type FLOAT32, limvals_min: 0, limvals_max: 1 | Reorder - src_order: NHCW, src_shape: (20, 20, 2), dst_order: NHWC, dst_shape: (20, 20, 2))
[2026-08-31 11:24:22.279] [758484] [HailoRT] [info] [queue_elements.cpp:800] [create] Created (UserBuffQEl10scrfd_2_5g/conv55 | timeout: 10s)
[2026-08-31 11:24:22.279] [758484] [HailoRT] [info] [vstream.cpp:1114] [OutputVStreamImpl] Creating scrfd_2_5g/conv55...
[2026-08-31 11:24:22.279] [758484] [HailoRT] [info] [vstream_builder.cpp:220] [create_outputs] Output pipeline 'scrfd_2_5g/conv55': HW >> (HwReadEl10scrfd_2_5g/conv55 | hw_frame_size: 800) >> (PullQEl_hw_read10scrfd_2_5g/conv55) >> (PostInferEl10scrfd_2_5g/conv55 | Quantization - src_type: UINT8, dst_type FLOAT32, limvals_min: 0, limvals_max: 1 | Reorder - src_order: NHCW, src_shape: (20, 20, 2), dst_order: NHWC, dst_shape: (20, 20, 2)) >> (UserBuffQEl10scrfd_2_5g/conv55 | timeout: 10s)
[2026-08-31 11:24:22.279] [758484] [HailoRT] [info] [edge_elements.cpp:287] [create] Created (HwReadEl9scrfd_2_5g/conv56 | hw_frame_size: 3200)
[2026-08-31 11:24:22.279] [758484] [HailoRT] [info] [queue_elements.cpp:657] [create] Created (PullQEl_hw_read9scrfd_2_5g/conv56)
[2026-08-31 11:24:22.279] [758484] [HailoRT] [info] [filter_elements.cpp:372] [create] Created (PostInferEl9scrfd_2_5g/conv56 | Quantization - src_type: UINT8, dst_type FLOAT32, limvals_min: -0.0299247, limvals_max: 7.60086 | Reorder - src_order: NHCW, src_shape: (20, 20, 8), dst_order: NHWC, dst_shape: (20, 20, 8))
[2026-08-31 11:24:22.279] [758484] [HailoRT] [info] [queue_elements.cpp:800] [create] Created (UserBuffQEl9scrfd_2_5g/conv56 | timeout: 10s)
[2026-08-31 11:24:22.279] [758484] [HailoRT] [info] [vstream.cpp:1114] [OutputVStreamImpl] Creating scrfd_2_5g/conv56...
[2026-08-31 11:24:22.279] [758484] [HailoRT] [info] [vstream_builder.cpp:220] [create_outputs] Output pipeline 'scrfd_2_5g/conv56': HW >> (HwReadEl9scrfd_2_5g/conv56 | hw_frame_size: 3200) >> (PullQEl_hw_read9scrfd_2_5g/conv56) >> (PostInferEl9scrfd_2_5g/conv56 | Quantization - src_type: UINT8, dst_type FLOAT32, limvals_min: -0.0299247, limvals_max: 7.60086 | Reorder - src_order: NHCW, src_shape: (20, 20, 8), dst_order: NHWC, dst_shape: (20, 20, 8)) >> (UserBuffQEl9scrfd_2_5g/conv56 | timeout: 10s)
[2026-08-31 11:24:22.279] [758484] [HailoRT] [info] [edge_elements.cpp:287] [create] Created (HwReadEl13scrfd_2_5g/conv57 | hw_frame_size: 9600)
[2026-08-31 11:24:22.279] [758484] [HailoRT] [info] [queue_elements.cpp:657] [create] Created (PullQEl_hw_read13scrfd_2_5g/conv57)
[2026-08-31 11:24:22.279] [758484] [HailoRT] [info] [filter_elements.cpp:372] [create] Created (PostInferEl13scrfd_2_5g/conv57 | Quantization - src_type: UINT8, dst_type FLOAT32, limvals_min: -4.03285, limvals_max: 5.14908 | Reorder - src_order: FCR, src_shape: (20, 20, 24), dst_order: FCR, dst_shape: (20, 20, 20))
[2026-08-31 11:24:22.279] [758484] [HailoRT] [info] [queue_elements.cpp:800] [create] Created (UserBuffQEl13scrfd_2_5g/conv57 | timeout: 10s)
[2026-08-31 11:24:22.279] [758484] [HailoRT] [info] [vstream.cpp:1114] [OutputVStreamImpl] Creating scrfd_2_5g/conv57...
[2026-08-31 11:24:22.279] [758484] [HailoRT] [info] [vstream_builder.cpp:220] [create_outputs] Output pipeline 'scrfd_2_5g/conv57': HW >> (HwReadEl13scrfd_2_5g/conv57 | hw_frame_size: 9600) >> (PullQEl_hw_read13scrfd_2_5g/conv57) >> (PostInferEl13scrfd_2_5g/conv57 | Quantization - src_type: UINT8, dst_type FLOAT32, limvals_min: -4.03285, limvals_max: 5.14908 | Reorder - src_order: FCR, src_shape: (20, 20, 24), dst_order: FCR, dst_shape: (20, 20, 20)) >> (UserBuffQEl13scrfd_2_5g/conv57 | timeout: 10s)
[2026-08-31 11:24:22.280] [758484] [HailoRT] [info] [core_op.cpp:156] [activate] Activating scrfd_2_5g took 0.614861 milliseconds. Note that the function is asynchronous and thus the network is not fully activated yet.
[2026-08-31 11:24:22.280] [758484] [HailoRT] [info] [core_op.cpp:156] [activate] Activating scrfd_2_5g took 0.625823 milliseconds. Note that the function is asynchronous and thus the network is not fully activated yet.
[2026-08-31 11:24:22.287] [1216854] [HailoRT] [info] [vdevice_native_stream.cpp:331] [read_impl] Failed read from stream HAILO_STREAM_NOT_ACTIVATED(72) (device: 0001:01:00.0)
[2026-08-31 11:24:22.287] [1216862] [HailoRT] [info] [vdevice_native_stream.cpp:331] [read_impl] Failed read from stream HAILO_STREAM_NOT_ACTIVATED(72) (device: 0001:01:00.0)
[2026-08-31 11:24:22.287] [1216860] [HailoRT] [info] [vdevice_native_stream.cpp:331] [read_impl] Failed read from stream HAILO_STREAM_NOT_ACTIVATED(72) (device: 0001:01:00.0)
[2026-08-31 11:24:22.287] [1216856] [HailoRT] [info] [vdevice_native_stream.cpp:331] [read_impl] Failed read from stream HAILO_STREAM_NOT_ACTIVATED(72) (device: 0001:01:00.0)
[2026-08-31 11:24:22.287] [1216858] [HailoRT] [info] [vdevice_native_stream.cpp:331] [read_impl] Failed read from stream HAILO_STREAM_NOT_ACTIVATED(72) (device: 0001:01:00.0)
[2026-08-31 11:24:22.287] [1216866] [HailoRT] [info] [vdevice_native_stream.cpp:331] [read_impl] Failed read from stream HAILO_STREAM_NOT_ACTIVATED(72) (device: 0001:01:00.0)
[2026-08-31 11:24:22.287] [1216864] [HailoRT] [info] [vdevice_native_stream.cpp:331] [read_impl] Failed read from stream HAILO_STREAM_NOT_ACTIVATED(72) (device: 0001:01:00.0)
[2026-08-31 11:24:22.287] [1216868] [HailoRT] [info] [vdevice_native_stream.cpp:331] [read_impl] Failed read from stream HAILO_STREAM_NOT_ACTIVATED(72) (device: 0001:01:00.0)
[2026-08-31 11:24:22.287] [1216870] [HailoRT] [info] [vdevice_native_stream.cpp:331] [read_impl] Failed read from stream HAILO_STREAM_NOT_ACTIVATED(72) (device: 0001:01:00.0)
[2026-08-31 11:24:22.288] [758484] [HailoRT] [info] [core_op.cpp:186] [deactivate] Deactivating took 0.905828 ms
[2026-08-31 11:24:22.288] [758484] [HailoRT] [info] [core_op.cpp:186] [deactivate] Deactivating took 0.919976 ms
[2026-08-31 11:24:22.288] [1216854] [HailoRT] [info] [queue_elements.cpp:734] [run_in_thread] Shutdown event was signaled in run_pull of queue element PullQEl_hw_read3scrfd_2_5g/conv42!
[2026-08-31 11:24:22.288] [1216855] [HailoRT] [info] [queue_elements.cpp:855] [run_in_thread] Shutdown event was signaled in dequeue of UserBuffQEl3scrfd_2_5g/conv42!
[2026-08-31 11:24:22.288] [1216854] [HailoRT] [info] [queue_elements.cpp:68] [operator()] Thread in element PullQEl_hw_read3scrfd_2_5g/conv42 is not running anymore, exiting..
[2026-08-31 11:24:22.288] [758484] [HailoRT] [info] [queue_elements.cpp:46] [~BaseQueueElement] Queue element PullQEl_hw_read3scrfd_2_5g/conv42 has 0 frames in his Queue on destruction
[2026-08-31 11:24:22.288] [1216855] [HailoRT] [info] [queue_elements.cpp:68] [operator()] Thread in element UserBuffQEl3scrfd_2_5g/conv42 is not running anymore, exiting..
[2026-08-31 11:24:22.288] [758484] [HailoRT] [info] [queue_elements.cpp:46] [~BaseQueueElement] Queue element UserBuffQEl3scrfd_2_5g/conv42 has 0 frames in his Queue on destruction
[2026-08-31 11:24:22.288] [1216857] [HailoRT] [info] [queue_elements.cpp:855] [run_in_thread] Shutdown event was signaled in dequeue of UserBuffQEl0scrfd_2_5g/conv43!
[2026-08-31 11:24:22.288] [1216856] [HailoRT] [info] [queue_elements.cpp:734] [run_in_thread] Shutdown event was signaled in run_pull of queue element PullQEl_hw_read0scrfd_2_5g/conv43!
[2026-08-31 11:24:22.288] [1216856] [HailoRT] [info] [queue_elements.cpp:68] [operator()] Thread in element PullQEl_hw_read0scrfd_2_5g/conv43 is not running anymore, exiting..
[2026-08-31 11:24:22.288] [758484] [HailoRT] [info] [queue_elements.cpp:46] [~BaseQueueElement] Queue element PullQEl_hw_read0scrfd_2_5g/conv43 has 0 frames in his Queue on destruction
[2026-08-31 11:24:22.288] [1216857] [HailoRT] [info] [queue_elements.cpp:68] [operator()] Thread in element UserBuffQEl0scrfd_2_5g/conv43 is not running anymore, exiting..
[2026-08-31 11:24:22.288] [758484] [HailoRT] [info] [queue_elements.cpp:46] [~BaseQueueElement] Queue element UserBuffQEl0scrfd_2_5g/conv43 has 0 frames in his Queue on destruction
[2026-08-31 11:24:22.288] [1216858] [HailoRT] [info] [queue_elements.cpp:734] [run_in_thread] Shutdown event was signaled in run_pull of queue element PullQEl_hw_read2scrfd_2_5g/conv44!
[2026-08-31 11:24:22.288] [1216859] [HailoRT] [info] [queue_elements.cpp:855] [run_in_thread] Shutdown event was signaled in dequeue of UserBuffQEl2scrfd_2_5g/conv44!
[2026-08-31 11:24:22.288] [1216858] [HailoRT] [info] [queue_elements.cpp:68] [operator()] Thread in element PullQEl_hw_read2scrfd_2_5g/conv44 is not running anymore, exiting..
[2026-08-31 11:24:22.288] [758484] [HailoRT] [info] [queue_elements.cpp:46] [~BaseQueueElement] Queue element PullQEl_hw_read2scrfd_2_5g/conv44 has 0 frames in his Queue on destruction
[2026-08-31 11:24:22.289] [1216859] [HailoRT] [info] [queue_elements.cpp:68] [operator()] Thread in element UserBuffQEl2scrfd_2_5g/conv44 is not running anymore, exiting..
[2026-08-31 11:24:22.289] [758484] [HailoRT] [info] [queue_elements.cpp:46] [~BaseQueueElement] Queue element UserBuffQEl2scrfd_2_5g/conv44 has 0 frames in his Queue on destruction
[2026-08-31 11:24:22.289] [1216861] [HailoRT] [info] [queue_elements.cpp:855] [run_in_thread] Shutdown event was signaled in dequeue of UserBuffQEl14scrfd_2_5g/conv49!
[2026-08-31 11:24:22.289] [1216860] [HailoRT] [info] [queue_elements.cpp:734] [run_in_thread] Shutdown event was signaled in run_pull of queue element PullQEl_hw_read14scrfd_2_5g/conv49!
[2026-08-31 11:24:22.289] [1216860] [HailoRT] [info] [queue_elements.cpp:68] [operator()] Thread in element PullQEl_hw_read14scrfd_2_5g/conv49 is not running anymore, exiting..
[2026-08-31 11:24:22.289] [758484] [HailoRT] [info] [queue_elements.cpp:46] [~BaseQueueElement] Queue element PullQEl_hw_read14scrfd_2_5g/conv49 has 0 frames in his Queue on destruction
[2026-08-31 11:24:22.289] [1216861] [HailoRT] [info] [queue_elements.cpp:68] [operator()] Thread in element UserBuffQEl14scrfd_2_5g/conv49 is not running anymore, exiting..
[2026-08-31 11:24:22.289] [758484] [HailoRT] [info] [queue_elements.cpp:46] [~BaseQueueElement] Queue element UserBuffQEl14scrfd_2_5g/conv49 has 0 frames in his Queue on destruction
[2026-08-31 11:24:22.289] [1216862] [HailoRT] [info] [queue_elements.cpp:734] [run_in_thread] Shutdown event was signaled in run_pull of queue element PullQEl_hw_read12scrfd_2_5g/conv50!
[2026-08-31 11:24:22.289] [1216863] [HailoRT] [info] [queue_elements.cpp:855] [run_in_thread] Shutdown event was signaled in dequeue of UserBuffQEl12scrfd_2_5g/conv50!
[2026-08-31 11:24:22.289] [1216862] [HailoRT] [info] [queue_elements.cpp:68] [operator()] Thread in element PullQEl_hw_read12scrfd_2_5g/conv50 is not running anymore, exiting..
[2026-08-31 11:24:22.289] [758484] [HailoRT] [info] [queue_elements.cpp:46] [~BaseQueueElement] Queue element PullQEl_hw_read12scrfd_2_5g/conv50 has 0 frames in his Queue on destruction
[2026-08-31 11:24:22.289] [1216863] [HailoRT] [info] [queue_elements.cpp:68] [operator()] Thread in element UserBuffQEl12scrfd_2_5g/conv50 is not running anymore, exiting..
[2026-08-31 11:24:22.289] [758484] [HailoRT] [info] [queue_elements.cpp:46] [~BaseQueueElement] Queue element UserBuffQEl12scrfd_2_5g/conv50 has 0 frames in his Queue on destruction
[2026-08-31 11:24:22.289] [1216865] [HailoRT] [info] [queue_elements.cpp:855] [run_in_thread] Shutdown event was signaled in dequeue of UserBuffQEl1scrfd_2_5g/conv51!
[2026-08-31 11:24:22.289] [1216864] [HailoRT] [info] [queue_elements.cpp:734] [run_in_thread] Shutdown event was signaled in run_pull of queue element PullQEl_hw_read1scrfd_2_5g/conv51!
[2026-08-31 11:24:22.289] [1216864] [HailoRT] [info] [queue_elements.cpp:68] [operator()] Thread in element PullQEl_hw_read1scrfd_2_5g/conv51 is not running anymore, exiting..
[2026-08-31 11:24:22.289] [758484] [HailoRT] [info] [queue_elements.cpp:46] [~BaseQueueElement] Queue element PullQEl_hw_read1scrfd_2_5g/conv51 has 0 frames in his Queue on destruction
[2026-08-31 11:24:22.289] [1216865] [HailoRT] [info] [queue_elements.cpp:68] [operator()] Thread in element UserBuffQEl1scrfd_2_5g/conv51 is not running anymore, exiting..
[2026-08-31 11:24:22.289] [758484] [HailoRT] [info] [queue_elements.cpp:46] [~BaseQueueElement] Queue element UserBuffQEl1scrfd_2_5g/conv51 has 0 frames in his Queue on destruction
[2026-08-31 11:24:22.289] [1216866] [HailoRT] [info] [queue_elements.cpp:734] [run_in_thread] Shutdown event was signaled in run_pull of queue element PullQEl_hw_read10scrfd_2_5g/conv55!
[2026-08-31 11:24:22.289] [1216867] [HailoRT] [info] [queue_elements.cpp:855] [run_in_thread] Shutdown event was signaled in dequeue of UserBuffQEl10scrfd_2_5g/conv55!
[2026-08-31 11:24:22.289] [1216866] [HailoRT] [info] [queue_elements.cpp:68] [operator()] Thread in element PullQEl_hw_read10scrfd_2_5g/conv55 is not running anymore, exiting..
[2026-08-31 11:24:22.289] [758484] [HailoRT] [info] [queue_elements.cpp:46] [~BaseQueueElement] Queue element PullQEl_hw_read10scrfd_2_5g/conv55 has 0 frames in his Queue on destruction
[2026-08-31 11:24:22.289] [1216867] [HailoRT] [info] [queue_elements.cpp:68] [operator()] Thread in element UserBuffQEl10scrfd_2_5g/conv55 is not running anymore, exiting..
[2026-08-31 11:24:22.289] [758484] [HailoRT] [info] [queue_elements.cpp:46] [~BaseQueueElement] Queue element UserBuffQEl10scrfd_2_5g/conv55 has 0 frames in his Queue on destruction
[2026-08-31 11:24:22.289] [1216868] [HailoRT] [info] [queue_elements.cpp:734] [run_in_thread] Shutdown event was signaled in run_pull of queue element PullQEl_hw_read9scrfd_2_5g/conv56!
[2026-08-31 11:24:22.289] [1216869] [HailoRT] [info] [queue_elements.cpp:855] [run_in_thread] Shutdown event was signaled in dequeue of UserBuffQEl9scrfd_2_5g/conv56!
[2026-08-31 11:24:22.289] [1216868] [HailoRT] [info] [queue_elements.cpp:68] [operator()] Thread in element PullQEl_hw_read9scrfd_2_5g/conv56 is not running anymore, exiting..
[2026-08-31 11:24:22.289] [758484] [HailoRT] [info] [queue_elements.cpp:46] [~BaseQueueElement] Queue element PullQEl_hw_read9scrfd_2_5g/conv56 has 0 frames in his Queue on destruction
[2026-08-31 11:24:22.289] [1216869] [HailoRT] [info] [queue_elements.cpp:68] [operator()] Thread in element UserBuffQEl9scrfd_2_5g/conv56 is not running anymore, exiting..
[2026-08-31 11:24:22.289] [758484] [HailoRT] [info] [queue_elements.cpp:46] [~BaseQueueElement] Queue element UserBuffQEl9scrfd_2_5g/conv56 has 0 frames in his Queue on destruction
[2026-08-31 11:24:22.289] [1216870] [HailoRT] [info] [queue_elements.cpp:734] [run_in_thread] Shutdown event was signaled in run_pull of queue element PullQEl_hw_read13scrfd_2_5g/conv57!
[2026-08-31 11:24:22.289] [1216871] [HailoRT] [info] [queue_elements.cpp:855] [run_in_thread] Shutdown event was signaled in dequeue of UserBuffQEl13scrfd_2_5g/conv57!
[2026-08-31 11:24:22.290] [1216870] [HailoRT] [info] [queue_elements.cpp:68] [operator()] Thread in element PullQEl_hw_read13scrfd_2_5g/conv57 is not running anymore, exiting..
[2026-08-31 11:24:22.290] [758484] [HailoRT] [info] [queue_elements.cpp:46] [~BaseQueueElement] Queue element PullQEl_hw_read13scrfd_2_5g/conv57 has 0 frames in his Queue on destruction
[2026-08-31 11:24:22.290] [1216871] [HailoRT] [info] [queue_elements.cpp:68] [operator()] Thread in element UserBuffQEl13scrfd_2_5g/conv57 is not running anymore, exiting..
[2026-08-31 11:24:22.290] [758484] [HailoRT] [info] [queue_elements.cpp:46] [~BaseQueueElement] Queue element UserBuffQEl13scrfd_2_5g/conv57 has 0 frames in his Queue on destruction
[2026-08-31 11:24:22.357] [758484] [HailoRT] [info] [edge_elements.cpp:52] [create] Created (HwWriteEl3scrfd_2_5g/input_layer1 | hw_frame_size: 1228800)
[2026-08-31 11:24:22.357] [758484] [HailoRT] [info] [vstream.cpp:754] [InputVStreamImpl] Creating scrfd_2_5g/input_layer1...
[2026-08-31 11:24:22.357] [758484] [HailoRT] [info] [vstream_builder.cpp:102] [create_inputs] Input pipeline 'scrfd_2_5g/input_layer1': (HwWriteEl3scrfd_2_5g/input_layer1 | hw_frame_size: 1228800) >> HW
[2026-08-31 11:24:22.357] [758484] [HailoRT] [info] [edge_elements.cpp:287] [create] Created (HwReadEl3scrfd_2_5g/conv42 | hw_frame_size: 12800)
[2026-08-31 11:24:22.357] [758484] [HailoRT] [info] [queue_elements.cpp:657] [create] Created (PullQEl_hw_read3scrfd_2_5g/conv42)
[2026-08-31 11:24:22.357] [758484] [HailoRT] [info] [filter_elements.cpp:372] [create] Created (PostInferEl3scrfd_2_5g/conv42 | Quantization - src_type: UINT8, dst_type FLOAT32, limvals_min: 0, limvals_max: 1)
[2026-08-31 11:24:22.357] [758484] [HailoRT] [info] [queue_elements.cpp:800] [create] Created (UserBuffQEl3scrfd_2_5g/conv42 | timeout: 10s)
[2026-08-31 11:24:22.357] [758484] [HailoRT] [info] [vstream.cpp:1114] [OutputVStreamImpl] Creating scrfd_2_5g/conv42...
[2026-08-31 11:24:22.357] [758484] [HailoRT] [info] [vstream_builder.cpp:220] [create_outputs] Output pipeline 'scrfd_2_5g/conv42': HW >> (HwReadEl3scrfd_2_5g/conv42 | hw_frame_size: 12800) >> (PullQEl_hw_read3scrfd_2_5g/conv42) >> (PostInferEl3scrfd_2_5g/conv42 | Quantization - src_type: UINT8, dst_type FLOAT32, limvals_min: 0, limvals_max: 1) >> (UserBuffQEl3scrfd_2_5g/conv42 | timeout: 10s)
[2026-08-31 11:24:22.357] [758484] [HailoRT] [info] [edge_elements.cpp:287] [create] Created (HwReadEl0scrfd_2_5g/conv43 | hw_frame_size: 51200)
[2026-08-31 11:24:22.357] [758484] [HailoRT] [info] [queue_elements.cpp:657] [create] Created (PullQEl_hw_read0scrfd_2_5g/conv43)
[2026-08-31 11:24:22.357] [758484] [HailoRT] [info] [filter_elements.cpp:372] [create] Created (PostInferEl0scrfd_2_5g/conv43 | Quantization - src_type: UINT8, dst_type FLOAT32, limvals_min: -0.0793963, limvals_max: 4.98212)
[2026-08-31 11:24:22.357] [758484] [HailoRT] [info] [queue_elements.cpp:800] [create] Created (UserBuffQEl0scrfd_2_5g/conv43 | timeout: 10s)
[2026-08-31 11:24:22.357] [758484] [HailoRT] [info] [vstream.cpp:1114] [OutputVStreamImpl] Creating scrfd_2_5g/conv43...
[2026-08-31 11:24:22.357] [758484] [HailoRT] [info] [vstream_builder.cpp:220] [create_outputs] Output pipeline 'scrfd_2_5g/conv43': HW >> (HwReadEl0scrfd_2_5g/conv43 | hw_frame_size: 51200) >> (PullQEl_hw_read0scrfd_2_5g/conv43) >> (PostInferEl0scrfd_2_5g/conv43 | Quantization - src_type: UINT8, dst_type FLOAT32, limvals_min: -0.0793963, limvals_max: 4.98212) >> (UserBuffQEl0scrfd_2_5g/conv43 | timeout: 10s)
[2026-08-31 11:24:22.358] [758484] [HailoRT] [info] [edge_elements.cpp:287] [create] Created (HwReadEl2scrfd_2_5g/conv44 | hw_frame_size: 153600)
[2026-08-31 11:24:22.358] [758484] [HailoRT] [info] [queue_elements.cpp:657] [create] Created (PullQEl_hw_read2scrfd_2_5g/conv44)
[2026-08-31 11:24:22.358] [758484] [HailoRT] [info] [filter_elements.cpp:372] [create] Created (PostInferEl2scrfd_2_5g/conv44 | Quantization - src_type: UINT8, dst_type FLOAT32, limvals_min: -3.16292, limvals_max: 3.50274 | Reorder - src_order: FCR, src_shape: (80, 80, 24), dst_order: FCR, dst_shape: (80, 80, 20))
[2026-08-31 11:24:22.358] [758484] [HailoRT] [info] [queue_elements.cpp:800] [create] Created (UserBuffQEl2scrfd_2_5g/conv44 | timeout: 10s)
[2026-08-31 11:24:22.358] [758484] [HailoRT] [info] [vstream.cpp:1114] [OutputVStreamImpl] Creating scrfd_2_5g/conv44...
[2026-08-31 11:24:22.358] [758484] [HailoRT] [info] [vstream_builder.cpp:220] [create_outputs] Output pipeline 'scrfd_2_5g/conv44': HW >> (HwReadEl2scrfd_2_5g/conv44 | hw_frame_size: 153600) >> (PullQEl_hw_read2scrfd_2_5g/conv44) >> (PostInferEl2scrfd_2_5g/conv44 | Quantization - src_type: UINT8, dst_type FLOAT32, limvals_min: -3.16292, limvals_max: 3.50274 | Reorder - src_order: FCR, src_shape: (80, 80, 24), dst_order: FCR, dst_shape: (80, 80, 20)) >> (UserBuffQEl2scrfd_2_5g/conv44 | timeout: 10s)
[2026-08-31 11:24:22.358] [758484] [HailoRT] [info] [edge_elements.cpp:287] [create] Created (HwReadEl14scrfd_2_5g/conv49 | hw_frame_size: 3200)
[2026-08-31 11:24:22.358] [758484] [HailoRT] [info] [queue_elements.cpp:657] [create] Created (PullQEl_hw_read14scrfd_2_5g/conv49)
[2026-08-31 11:24:22.358] [758484] [HailoRT] [info] [filter_elements.cpp:372] [create] Created (PostInferEl14scrfd_2_5g/conv49 | Quantization - src_type: UINT8, dst_type FLOAT32, limvals_min: 0, limvals_max: 1)
[2026-08-31 11:24:22.358] [758484] [HailoRT] [info] [queue_elements.cpp:800] [create] Created (UserBuffQEl14scrfd_2_5g/conv49 | timeout: 10s)
[2026-08-31 11:24:22.358] [758484] [HailoRT] [info] [vstream.cpp:1114] [OutputVStreamImpl] Creating scrfd_2_5g/conv49...
[2026-08-31 11:24:22.358] [758484] [HailoRT] [info] [vstream_builder.cpp:220] [create_outputs] Output pipeline 'scrfd_2_5g/conv49': HW >> (HwReadEl14scrfd_2_5g/conv49 | hw_frame_size: 3200) >> (PullQEl_hw_read14scrfd_2_5g/conv49) >> (PostInferEl14scrfd_2_5g/conv49 | Quantization - src_type: UINT8, dst_type FLOAT32, limvals_min: 0, limvals_max: 1) >> (UserBuffQEl14scrfd_2_5g/conv49 | timeout: 10s)
[2026-08-31 11:24:22.358] [758484] [HailoRT] [info] [edge_elements.cpp:287] [create] Created (HwReadEl12scrfd_2_5g/conv50 | hw_frame_size: 12800)
[2026-08-31 11:24:22.358] [758484] [HailoRT] [info] [queue_elements.cpp:657] [create] Created (PullQEl_hw_read12scrfd_2_5g/conv50)
[2026-08-31 11:24:22.358] [758484] [HailoRT] [info] [filter_elements.cpp:372] [create] Created (PostInferEl12scrfd_2_5g/conv50 | Quantization - src_type: UINT8, dst_type FLOAT32, limvals_min: 0, limvals_max: 8.10626)
[2026-08-31 11:24:22.358] [758484] [HailoRT] [info] [queue_elements.cpp:800] [create] Created (UserBuffQEl12scrfd_2_5g/conv50 | timeout: 10s)
[2026-08-31 11:24:22.358] [758484] [HailoRT] [info] [vstream.cpp:1114] [OutputVStreamImpl] Creating scrfd_2_5g/conv50...
[2026-08-31 11:24:22.358] [758484] [HailoRT] [info] [vstream_builder.cpp:220] [create_outputs] Output pipeline 'scrfd_2_5g/conv50': HW >> (HwReadEl12scrfd_2_5g/conv50 | hw_frame_size: 12800) >> (PullQEl_hw_read12scrfd_2_5g/conv50) >> (PostInferEl12scrfd_2_5g/conv50 | Quantization - src_type: UINT8, dst_type FLOAT32, limvals_min: 0, limvals_max: 8.10626) >> (UserBuffQEl12scrfd_2_5g/conv50 | timeout: 10s)
[2026-08-31 11:24:22.358] [758484] [HailoRT] [info] [edge_elements.cpp:287] [create] Created (HwReadEl1scrfd_2_5g/conv51 | hw_frame_size: 38400)
[2026-08-31 11:24:22.358] [758484] [HailoRT] [info] [queue_elements.cpp:657] [create] Created (PullQEl_hw_read1scrfd_2_5g/conv51)
[2026-08-31 11:24:22.358] [758484] [HailoRT] [info] [filter_elements.cpp:372] [create] Created (PostInferEl1scrfd_2_5g/conv51 | Quantization - src_type: UINT8, dst_type FLOAT32, limvals_min: -4.24698, limvals_max: 5.17024 | Reorder - src_order: FCR, src_shape: (40, 40, 24), dst_order: FCR, dst_shape: (40, 40, 20))
[2026-08-31 11:24:22.358] [758484] [HailoRT] [info] [queue_elements.cpp:800] [create] Created (UserBuffQEl1scrfd_2_5g/conv51 | timeout: 10s)
[2026-08-31 11:24:22.358] [758484] [HailoRT] [info] [vstream.cpp:1114] [OutputVStreamImpl] Creating scrfd_2_5g/conv51...
[2026-08-31 11:24:22.358] [758484] [HailoRT] [info] [vstream_builder.cpp:220] [create_outputs] Output pipeline 'scrfd_2_5g/conv51': HW >> (HwReadEl1scrfd_2_5g/conv51 | hw_frame_size: 38400) >> (PullQEl_hw_read1scrfd_2_5g/conv51) >> (PostInferEl1scrfd_2_5g/conv51 | Quantization - src_type: UINT8, dst_type FLOAT32, limvals_min: -4.24698, limvals_max: 5.17024 | Reorder - src_order: FCR, src_shape: (40, 40, 24), dst_order: FCR, dst_shape: (40, 40, 20)) >> (UserBuffQEl1scrfd_2_5g/conv51 | timeout: 10s)
[2026-08-31 11:24:22.358] [758484] [HailoRT] [info] [edge_elements.cpp:287] [create] Created (HwReadEl10scrfd_2_5g/conv55 | hw_frame_size: 800)
[2026-08-31 11:24:22.359] [758484] [HailoRT] [info] [queue_elements.cpp:657] [create] Created (PullQEl_hw_read10scrfd_2_5g/conv55)
[2026-08-31 11:24:22.359] [758484] [HailoRT] [info] [filter_elements.cpp:372] [create] Created (PostInferEl10scrfd_2_5g/conv55 | Quantization - src_type: UINT8, dst_type FLOAT32, limvals_min: 0, limvals_max: 1 | Reorder - src_order: NHCW, src_shape: (20, 20, 2), dst_order: NHWC, dst_shape: (20, 20, 2))
[2026-08-31 11:24:22.359] [758484] [HailoRT] [info] [queue_elements.cpp:800] [create] Created (UserBuffQEl10scrfd_2_5g/conv55 | timeout: 10s)
[2026-08-31 11:24:22.359] [758484] [HailoRT] [info] [vstream.cpp:1114] [OutputVStreamImpl] Creating scrfd_2_5g/conv55...
[2026-08-31 11:24:22.359] [758484] [HailoRT] [info] [vstream_builder.cpp:220] [create_outputs] Output pipeline 'scrfd_2_5g/conv55': HW >> (HwReadEl10scrfd_2_5g/conv55 | hw_frame_size: 800) >> (PullQEl_hw_read10scrfd_2_5g/conv55) >> (PostInferEl10scrfd_2_5g/conv55 | Quantization - src_type: UINT8, dst_type FLOAT32, limvals_min: 0, limvals_max: 1 | Reorder - src_order: NHCW, src_shape: (20, 20, 2), dst_order: NHWC, dst_shape: (20, 20, 2)) >> (UserBuffQEl10scrfd_2_5g/conv55 | timeout: 10s)
[2026-08-31 11:24:22.359] [758484] [HailoRT] [info] [edge_elements.cpp:287] [create] Created (HwReadEl9scrfd_2_5g/conv56 | hw_frame_size: 3200)
[2026-08-31 11:24:22.359] [758484] [HailoRT] [info] [queue_elements.cpp:657] [create] Created (PullQEl_hw_read9scrfd_2_5g/conv56)
[2026-08-31 11:24:22.359] [758484] [HailoRT] [info] [filter_elements.cpp:372] [create] Created (PostInferEl9scrfd_2_5g/conv56 | Quantization - src_type: UINT8, dst_type FLOAT32, limvals_min: -0.0299247, limvals_max: 7.60086 | Reorder - src_order: NHCW, src_shape: (20, 20, 8), dst_order: NHWC, dst_shape: (20, 20, 8))
[2026-08-31 11:24:22.359] [758484] [HailoRT] [info] [queue_elements.cpp:800] [create] Created (UserBuffQEl9scrfd_2_5g/conv56 | timeout: 10s)
[2026-08-31 11:24:22.359] [758484] [HailoRT] [info] [vstream.cpp:1114] [OutputVStreamImpl] Creating scrfd_2_5g/conv56...
[2026-08-31 11:24:22.359] [758484] [HailoRT] [info] [vstream_builder.cpp:220] [create_outputs] Output pipeline 'scrfd_2_5g/conv56': HW >> (HwReadEl9scrfd_2_5g/conv56 | hw_frame_size: 3200) >> (PullQEl_hw_read9scrfd_2_5g/conv56) >> (PostInferEl9scrfd_2_5g/conv56 | Quantization - src_type: UINT8, dst_type FLOAT32, limvals_min: -0.0299247, limvals_max: 7.60086 | Reorder - src_order: NHCW, src_shape: (20, 20, 8), dst_order: NHWC, dst_shape: (20, 20, 8)) >> (UserBuffQEl9scrfd_2_5g/conv56 | timeout: 10s)
[2026-08-31 11:24:22.359] [758484] [HailoRT] [info] [edge_elements.cpp:287] [create] Created (HwReadEl13scrfd_2_5g/conv57 | hw_frame_size: 9600)
[2026-08-31 11:24:22.359] [758484] [HailoRT] [info] [queue_elements.cpp:657] [create] Created (PullQEl_hw_read13scrfd_2_5g/conv57)
[2026-08-31 11:24:22.359] [758484] [HailoRT] [info] [filter_elements.cpp:372] [create] Created (PostInferEl13scrfd_2_5g/conv57 | Quantization - src_type: UINT8, dst_type FLOAT32, limvals_min: -4.03285, limvals_max: 5.14908 | Reorder - src_order: FCR, src_shape: (20, 20, 24), dst_order: FCR, dst_shape: (20, 20, 20))
[2026-08-31 11:24:22.359] [758484] [HailoRT] [info] [queue_elements.cpp:800] [create] Created (UserBuffQEl13scrfd_2_5g/conv57 | timeout: 10s)
[2026-08-31 11:24:22.359] [758484] [HailoRT] [info] [vstream.cpp:1114] [OutputVStreamImpl] Creating scrfd_2_5g/conv57...
[2026-08-31 11:24:22.359] [758484] [HailoRT] [info] [vstream_builder.cpp:220] [create_outputs] Output pipeline 'scrfd_2_5g/conv57': HW >> (HwReadEl13scrfd_2_5g/conv57 | hw_frame_size: 9600) >> (PullQEl_hw_read13scrfd_2_5g/conv57) >> (PostInferEl13scrfd_2_5g/conv57 | Quantization - src_type: UINT8, dst_type FLOAT32, limvals_min: -4.03285, limvals_max: 5.14908 | Reorder - src_order: FCR, src_shape: (20, 20, 24), dst_order: FCR, dst_shape: (20, 20, 20)) >> (UserBuffQEl13scrfd_2_5g/conv57 | timeout: 10s)
[2026-08-31 11:24:22.360] [758484] [HailoRT] [info] [core_op.cpp:156] [activate] Activating scrfd_2_5g took 0.668472 milliseconds. Note that the function is asynchronous and thus the network is not fully activated yet.
[2026-08-31 11:24:22.360] [758484] [HailoRT] [info] [core_op.cpp:156] [activate] Activating scrfd_2_5g took 0.679695 milliseconds. Note that the function is asynchronous and thus the network is not fully activated yet.
[2026-08-31 11:24:22.366] [1216890] [HailoRT] [info] [vdevice_native_stream.cpp:331] [read_impl] Failed read from stream HAILO_STREAM_NOT_ACTIVATED(72) (device: 0001:01:00.0)
[2026-08-31 11:24:22.366] [1216882] [HailoRT] [info] [vdevice_native_stream.cpp:331] [read_impl] Failed read from stream HAILO_STREAM_NOT_ACTIVATED(72) (device: 0001:01:00.0)
[2026-08-31 11:24:22.366] [1216884] [HailoRT] [info] [vdevice_native_stream.cpp:331] [read_impl] Failed read from stream HAILO_STREAM_NOT_ACTIVATED(72) (device: 0001:01:00.0)
[2026-08-31 11:24:22.366] [1216888] [HailoRT] [info] [vdevice_native_stream.cpp:331] [read_impl] Failed read from stream HAILO_STREAM_NOT_ACTIVATED(72) (device: 0001:01:00.0)
[2026-08-31 11:24:22.366] [1216898] [HailoRT] [info] [vdevice_native_stream.cpp:331] [read_impl] Failed read from stream HAILO_STREAM_NOT_ACTIVATED(72) (device: 0001:01:00.0)
[2026-08-31 11:24:22.366] [1216886] [HailoRT] [info] [vdevice_native_stream.cpp:331] [read_impl] Failed read from stream HAILO_STREAM_NOT_ACTIVATED(72) (device: 0001:01:00.0)
[2026-08-31 11:24:22.366] [1216896] [HailoRT] [info] [vdevice_native_stream.cpp:331] [read_impl] Failed read from stream HAILO_STREAM_NOT_ACTIVATED(72) (device: 0001:01:00.0)
[2026-08-31 11:24:22.366] [1216892] [HailoRT] [info] [vdevice_native_stream.cpp:331] [read_impl] Failed read from stream HAILO_STREAM_NOT_ACTIVATED(72) (device: 0001:01:00.0)
[2026-08-31 11:24:22.366] [1216894] [HailoRT] [info] [vdevice_native_stream.cpp:331] [read_impl] Failed read from stream HAILO_STREAM_NOT_ACTIVATED(72) (device: 0001:01:00.0)
[2026-08-31 11:24:22.367] [758484] [HailoRT] [info] [core_op.cpp:186] [deactivate] Deactivating took 1.010181 ms
[2026-08-31 11:24:22.367] [758484] [HailoRT] [info] [core_op.cpp:186] [deactivate] Deactivating took 1.069423 ms
[2026-08-31 11:24:22.367] [1216882] [HailoRT] [info] [queue_elements.cpp:734] [run_in_thread] Shutdown event was signaled in run_pull of queue element PullQEl_hw_read3scrfd_2_5g/conv42!
[2026-08-31 11:24:22.367] [1216883] [HailoRT] [info] [queue_elements.cpp:855] [run_in_thread] Shutdown event was signaled in dequeue of UserBuffQEl3scrfd_2_5g/conv42!
[2026-08-31 11:24:22.367] [1216882] [HailoRT] [info] [queue_elements.cpp:68] [operator()] Thread in element PullQEl_hw_read3scrfd_2_5g/conv42 is not running anymore, exiting..
[2026-08-31 11:24:22.368] [758484] [HailoRT] [info] [queue_elements.cpp:46] [~BaseQueueElement] Queue element PullQEl_hw_read3scrfd_2_5g/conv42 has 0 frames in his Queue on destruction
[2026-08-31 11:24:22.368] [1216883] [HailoRT] [info] [queue_elements.cpp:68] [operator()] Thread in element UserBuffQEl3scrfd_2_5g/conv42 is not running anymore, exiting..
[2026-08-31 11:24:22.368] [758484] [HailoRT] [info] [queue_elements.cpp:46] [~BaseQueueElement] Queue element UserBuffQEl3scrfd_2_5g/conv42 has 0 frames in his Queue on destruction
[2026-08-31 11:24:22.368] [1216884] [HailoRT] [info] [queue_elements.cpp:734] [run_in_thread] Shutdown event was signaled in run_pull of queue element PullQEl_hw_read0scrfd_2_5g/conv43!
[2026-08-31 11:24:22.368] [1216885] [HailoRT] [info] [queue_elements.cpp:855] [run_in_thread] Shutdown event was signaled in dequeue of UserBuffQEl0scrfd_2_5g/conv43!
[2026-08-31 11:24:22.368] [1216884] [HailoRT] [info] [queue_elements.cpp:68] [operator()] Thread in element PullQEl_hw_read0scrfd_2_5g/conv43 is not running anymore, exiting..
[2026-08-31 11:24:22.368] [758484] [HailoRT] [info] [queue_elements.cpp:46] [~BaseQueueElement] Queue element PullQEl_hw_read0scrfd_2_5g/conv43 has 0 frames in his Queue on destruction
[2026-08-31 11:24:22.368] [1216885] [HailoRT] [info] [queue_elements.cpp:68] [operator()] Thread in element UserBuffQEl0scrfd_2_5g/conv43 is not running anymore, exiting..
[2026-08-31 11:24:22.368] [758484] [HailoRT] [info] [queue_elements.cpp:46] [~BaseQueueElement] Queue element UserBuffQEl0scrfd_2_5g/conv43 has 0 frames in his Queue on destruction
[2026-08-31 11:24:22.368] [1216886] [HailoRT] [info] [queue_elements.cpp:734] [run_in_thread] Shutdown event was signaled in run_pull of queue element PullQEl_hw_read2scrfd_2_5g/conv44!
[2026-08-31 11:24:22.368] [1216887] [HailoRT] [info] [queue_elements.cpp:855] [run_in_thread] Shutdown event was signaled in dequeue of UserBuffQEl2scrfd_2_5g/conv44!
[2026-08-31 11:24:22.368] [1216886] [HailoRT] [info] [queue_elements.cpp:68] [operator()] Thread in element PullQEl_hw_read2scrfd_2_5g/conv44 is not running anymore, exiting..
[2026-08-31 11:24:22.368] [758484] [HailoRT] [info] [queue_elements.cpp:46] [~BaseQueueElement] Queue element PullQEl_hw_read2scrfd_2_5g/conv44 has 0 frames in his Queue on destruction
[2026-08-31 11:24:22.368] [1216887] [HailoRT] [info] [queue_elements.cpp:68] [operator()] Thread in element UserBuffQEl2scrfd_2_5g/conv44 is not running anymore, exiting..
[2026-08-31 11:24:22.368] [758484] [HailoRT] [info] [queue_elements.cpp:46] [~BaseQueueElement] Queue element UserBuffQEl2scrfd_2_5g/conv44 has 0 frames in his Queue on destruction
[2026-08-31 11:24:22.368] [1216888] [HailoRT] [info] [queue_elements.cpp:734] [run_in_thread] Shutdown event was signaled in run_pull of queue element PullQEl_hw_read14scrfd_2_5g/conv49!
[2026-08-31 11:24:22.368] [1216889] [HailoRT] [info] [queue_elements.cpp:855] [run_in_thread] Shutdown event was signaled in dequeue of UserBuffQEl14scrfd_2_5g/conv49!
[2026-08-31 11:24:22.368] [1216888] [HailoRT] [info] [queue_elements.cpp:68] [operator()] Thread in element PullQEl_hw_read14scrfd_2_5g/conv49 is not running anymore, exiting..
[2026-08-31 11:24:22.368] [758484] [HailoRT] [info] [queue_elements.cpp:46] [~BaseQueueElement] Queue element PullQEl_hw_read14scrfd_2_5g/conv49 has 0 frames in his Queue on destruction
[2026-08-31 11:24:22.368] [1216889] [HailoRT] [info] [queue_elements.cpp:68] [operator()] Thread in element UserBuffQEl14scrfd_2_5g/conv49 is not running anymore, exiting..
[2026-08-31 11:24:22.368] [758484] [HailoRT] [info] [queue_elements.cpp:46] [~BaseQueueElement] Queue element UserBuffQEl14scrfd_2_5g/conv49 has 0 frames in his Queue on destruction
[2026-08-31 11:24:22.369] [1216890] [HailoRT] [info] [queue_elements.cpp:734] [run_in_thread] Shutdown event was signaled in run_pull of queue element PullQEl_hw_read12scrfd_2_5g/conv50!
[2026-08-31 11:24:22.369] [1216891] [HailoRT] [info] [queue_elements.cpp:855] [run_in_thread] Shutdown event was signaled in dequeue of UserBuffQEl12scrfd_2_5g/conv50!
[2026-08-31 11:24:22.369] [1216890] [HailoRT] [info] [queue_elements.cpp:68] [operator()] Thread in element PullQEl_hw_read12scrfd_2_5g/conv50 is not running anymore, exiting..
[2026-08-31 11:24:22.369] [758484] [HailoRT] [info] [queue_elements.cpp:46] [~BaseQueueElement] Queue element PullQEl_hw_read12scrfd_2_5g/conv50 has 0 frames in his Queue on destruction
[2026-08-31 11:24:22.369] [1216891] [HailoRT] [info] [queue_elements.cpp:68] [operator()] Thread in element UserBuffQEl12scrfd_2_5g/conv50 is not running anymore, exiting..
[2026-08-31 11:24:22.369] [758484] [HailoRT] [info] [queue_elements.cpp:46] [~BaseQueueElement] Queue element UserBuffQEl12scrfd_2_5g/conv50 has 0 frames in his Queue on destruction
[2026-08-31 11:24:22.369] [1216892] [HailoRT] [info] [queue_elements.cpp:734] [run_in_thread] Shutdown event was signaled in run_pull of queue element PullQEl_hw_read1scrfd_2_5g/conv51!
[2026-08-31 11:24:22.369] [1216893] [HailoRT] [info] [queue_elements.cpp:855] [run_in_thread] Shutdown event was signaled in dequeue of UserBuffQEl1scrfd_2_5g/conv51!
[2026-08-31 11:24:22.369] [1216892] [HailoRT] [info] [queue_elements.cpp:68] [operator()] Thread in element PullQEl_hw_read1scrfd_2_5g/conv51 is not running anymore, exiting..
[2026-08-31 11:24:22.369] [758484] [HailoRT] [info] [queue_elements.cpp:46] [~BaseQueueElement] Queue element PullQEl_hw_read1scrfd_2_5g/conv51 has 0 frames in his Queue on destruction
[2026-08-31 11:24:22.369] [1216893] [HailoRT] [info] [queue_elements.cpp:68] [operator()] Thread in element UserBuffQEl1scrfd_2_5g/conv51 is not running anymore, exiting..
[2026-08-31 11:24:22.369] [758484] [HailoRT] [info] [queue_elements.cpp:46] [~BaseQueueElement] Queue element UserBuffQEl1scrfd_2_5g/conv51 has 0 frames in his Queue on destruction
[2026-08-31 11:24:22.369] [1216895] [HailoRT] [info] [queue_elements.cpp:855] [run_in_thread] Shutdown event was signaled in dequeue of UserBuffQEl10scrfd_2_5g/conv55!
[2026-08-31 11:24:22.369] [1216894] [HailoRT] [info] [queue_elements.cpp:734] [run_in_thread] Shutdown event was signaled in run_pull of queue element PullQEl_hw_read10scrfd_2_5g/conv55!
[2026-08-31 11:24:22.369] [1216894] [HailoRT] [info] [queue_elements.cpp:68] [operator()] Thread in element PullQEl_hw_read10scrfd_2_5g/conv55 is not running anymore, exiting..
[2026-08-31 11:24:22.369] [758484] [HailoRT] [info] [queue_elements.cpp:46] [~BaseQueueElement] Queue element PullQEl_hw_read10scrfd_2_5g/conv55 has 0 frames in his Queue on destruction
[2026-08-31 11:24:22.369] [1216895] [HailoRT] [info] [queue_elements.cpp:68] [operator()] Thread in element UserBuffQEl10scrfd_2_5g/conv55 is not running anymore, exiting..
[2026-08-31 11:24:22.369] [758484] [HailoRT] [info] [queue_elements.cpp:46] [~BaseQueueElement] Queue element UserBuffQEl10scrfd_2_5g/conv55 has 0 frames in his Queue on destruction
[2026-08-31 11:24:22.370] [1216896] [HailoRT] [info] [queue_elements.cpp:734] [run_in_thread] Shutdown event was signaled in run_pull of queue element PullQEl_hw_read9scrfd_2_5g/conv56!
[2026-08-31 11:24:22.370] [1216897] [HailoRT] [info] [queue_elements.cpp:855] [run_in_thread] Shutdown event was signaled in dequeue of UserBuffQEl9scrfd_2_5g/conv56!
[2026-08-31 11:24:22.370] [1216896] [HailoRT] [info] [queue_elements.cpp:68] [operator()] Thread in element PullQEl_hw_read9scrfd_2_5g/conv56 is not running anymore, exiting..
[2026-08-31 11:24:22.370] [758484] [HailoRT] [info] [queue_elements.cpp:46] [~BaseQueueElement] Queue element PullQEl_hw_read9scrfd_2_5g/conv56 has 0 frames in his Queue on destruction
[2026-08-31 11:24:22.370] [1216897] [HailoRT] [info] [queue_elements.cpp:68] [operator()] Thread in element UserBuffQEl9scrfd_2_5g/conv56 is not running anymore, exiting..
[2026-08-31 11:24:22.370] [758484] [HailoRT] [info] [queue_elements.cpp:46] [~BaseQueueElement] Queue element UserBuffQEl9scrfd_2_5g/conv56 has 0 frames in his Queue on destruction
[2026-08-31 11:24:22.370] [1216898] [HailoRT] [info] [queue_elements.cpp:734] [run_in_thread] Shutdown event was signaled in run_pull of queue element PullQEl_hw_read13scrfd_2_5g/conv57!
[2026-08-31 11:24:22.370] [1216899] [HailoRT] [info] [queue_elements.cpp:855] [run_in_thread] Shutdown event was signaled in dequeue of UserBuffQEl13scrfd_2_5g/conv57!
[2026-08-31 11:24:22.370] [1216898] [HailoRT] [info] [queue_elements.cpp:68] [operator()] Thread in element PullQEl_hw_read13scrfd_2_5g/conv57 is not running anymore, exiting..
[2026-08-31 11:24:22.370] [758484] [HailoRT] [info] [queue_elements.cpp:46] [~BaseQueueElement] Queue element PullQEl_hw_read13scrfd_2_5g/conv57 has 0 frames in his Queue on destruction
[2026-08-31 11:24:22.370] [1216899] [HailoRT] [info] [queue_elements.cpp:68] [operator()] Thread in element UserBuffQEl13scrfd_2_5g/conv57 is not running anymore, exiting..
[2026-08-31 11:24:22.370] [758484] [HailoRT] [info] [queue_elements.cpp:46] [~BaseQueueElement] Queue element UserBuffQEl13scrfd_2_5g/conv57 has 0 frames in his Queue on destruction
[2026-08-31 11:24:22.484] [758484] [HailoRT] [info] [edge_elements.cpp:52] [create] Created (HwWriteEl3scrfd_2_5g/input_layer1 | hw_frame_size: 1228800)
[2026-08-31 11:24:22.484] [758484] [HailoRT] [info] [vstream.cpp:754] [InputVStreamImpl] Creating scrfd_2_5g/input_layer1...
[2026-08-31 11:24:22.484] [758484] [HailoRT] [info] [vstream_builder.cpp:102] [create_inputs] Input pipeline 'scrfd_2_5g/input_layer1': (HwWriteEl3scrfd_2_5g/input_layer1 | hw_frame_size: 1228800) >> HW
[2026-08-31 11:24:22.484] [758484] [HailoRT] [info] [edge_elements.cpp:287] [create] Created (HwReadEl3scrfd_2_5g/conv42 | hw_frame_size: 12800)
[2026-08-31 11:24:22.487] [758484] [HailoRT] [info] [queue_elements.cpp:657] [create] Created (PullQEl_hw_read3scrfd_2_5g/conv42)
[2026-08-31 11:24:22.487] [758484] [HailoRT] [info] [filter_elements.cpp:372] [create] Created (PostInferEl3scrfd_2_5g/conv42 | Quantization - src_type: UINT8, dst_type FLOAT32, limvals_min: 0, limvals_max: 1)
[2026-08-31 11:24:22.487] [758484] [HailoRT] [info] [queue_elements.cpp:800] [create] Created (UserBuffQEl3scrfd_2_5g/conv42 | timeout: 10s)
[2026-08-31 11:24:22.487] [758484] [HailoRT] [info] [vstream.cpp:1114] [OutputVStreamImpl] Creating scrfd_2_5g/conv42...
[2026-08-31 11:24:22.487] [758484] [HailoRT] [info] [vstream_builder.cpp:220] [create_outputs] Output pipeline 'scrfd_2_5g/conv42': HW >> (HwReadEl3scrfd_2_5g/conv42 | hw_frame_size: 12800) >> (PullQEl_hw_read3scrfd_2_5g/conv42) >> (PostInferEl3scrfd_2_5g/conv42 | Quantization - src_type: UINT8, dst_type FLOAT32, limvals_min: 0, limvals_max: 1) >> (UserBuffQEl3scrfd_2_5g/conv42 | timeout: 10s)
[2026-08-31 11:24:22.487] [758484] [HailoRT] [info] [edge_elements.cpp:287] [create] Created (HwReadEl0scrfd_2_5g/conv43 | hw_frame_size: 51200)
[2026-08-31 11:24:22.487] [758484] [HailoRT] [info] [queue_elements.cpp:657] [create] Created (PullQEl_hw_read0scrfd_2_5g/conv43)
[2026-08-31 11:24:22.487] [758484] [HailoRT] [info] [filter_elements.cpp:372] [create] Created (PostInferEl0scrfd_2_5g/conv43 | Quantization - src_type: UINT8, dst_type FLOAT32, limvals_min: -0.0793963, limvals_max: 4.98212)
[2026-08-31 11:24:22.488] [758484] [HailoRT] [info] [queue_elements.cpp:800] [create] Created (UserBuffQEl0scrfd_2_5g/conv43 | timeout: 10s)
[2026-08-31 11:24:22.488] [758484] [HailoRT] [info] [vstream.cpp:1114] [OutputVStreamImpl] Creating scrfd_2_5g/conv43...
[2026-08-31 11:24:22.488] [758484] [HailoRT] [info] [vstream_builder.cpp:220] [create_outputs] Output pipeline 'scrfd_2_5g/conv43': HW >> (HwReadEl0scrfd_2_5g/conv43 | hw_frame_size: 51200) >> (PullQEl_hw_read0scrfd_2_5g/conv43) >> (PostInferEl0scrfd_2_5g/conv43 | Quantization - src_type: UINT8, dst_type FLOAT32, limvals_min: -0.0793963, limvals_max: 4.98212) >> (UserBuffQEl0scrfd_2_5g/conv43 | timeout: 10s)
[2026-08-31 11:24:22.488] [758484] [HailoRT] [info] [edge_elements.cpp:287] [create] Created (HwReadEl2scrfd_2_5g/conv44 | hw_frame_size: 153600)
[2026-08-31 11:24:22.488] [758484] [HailoRT] [info] [queue_elements.cpp:657] [create] Created (PullQEl_hw_read2scrfd_2_5g/conv44)
[2026-08-31 11:24:22.488] [758484] [HailoRT] [info] [filter_elements.cpp:372] [create] Created (PostInferEl2scrfd_2_5g/conv44 | Quantization - src_type: UINT8, dst_type FLOAT32, limvals_min: -3.16292, limvals_max: 3.50274 | Reorder - src_order: FCR, src_shape: (80, 80, 24), dst_order: FCR, dst_shape: (80, 80, 20))
[2026-08-31 11:24:22.488] [758484] [HailoRT] [info] [queue_elements.cpp:800] [create] Created (UserBuffQEl2scrfd_2_5g/conv44 | timeout: 10s)
[2026-08-31 11:24:22.488] [758484] [HailoRT] [info] [vstream.cpp:1114] [OutputVStreamImpl] Creating scrfd_2_5g/conv44...
[2026-08-31 11:24:22.488] [758484] [HailoRT] [info] [vstream_builder.cpp:220] [create_outputs] Output pipeline 'scrfd_2_5g/conv44': HW >> (HwReadEl2scrfd_2_5g/conv44 | hw_frame_size: 153600) >> (PullQEl_hw_read2scrfd_2_5g/conv44) >> (PostInferEl2scrfd_2_5g/conv44 | Quantization - src_type: UINT8, dst_type FLOAT32, limvals_min: -3.16292, limvals_max: 3.50274 | Reorder - src_order: FCR, src_shape: (80, 80, 24), dst_order: FCR, dst_shape: (80, 80, 20)) >> (UserBuffQEl2scrfd_2_5g/conv44 | timeout: 10s)
[2026-08-31 11:24:22.488] [758484] [HailoRT] [info] [edge_elements.cpp:287] [create] Created (HwReadEl14scrfd_2_5g/conv49 | hw_frame_size: 3200)
[2026-08-31 11:24:22.488] [758484] [HailoRT] [info] [queue_elements.cpp:657] [create] Created (PullQEl_hw_read14scrfd_2_5g/conv49)
[2026-08-31 11:24:22.488] [758484] [HailoRT] [info] [filter_elements.cpp:372] [create] Created (PostInferEl14scrfd_2_5g/conv49 | Quantization - src_type: UINT8, dst_type FLOAT32, limvals_min: 0, limvals_max: 1)
[2026-08-31 11:24:22.488] [758484] [HailoRT] [info] [queue_elements.cpp:800] [create] Created (UserBuffQEl14scrfd_2_5g/conv49 | timeout: 10s)
[2026-08-31 11:24:22.488] [758484] [HailoRT] [info] [vstream.cpp:1114] [OutputVStreamImpl] Creating scrfd_2_5g/conv49...
[2026-08-31 11:24:22.488] [758484] [HailoRT] [info] [vstream_builder.cpp:220] [create_outputs] Output pipeline 'scrfd_2_5g/conv49': HW >> (HwReadEl14scrfd_2_5g/conv49 | hw_frame_size: 3200) >> (PullQEl_hw_read14scrfd_2_5g/conv49) >> (PostInferEl14scrfd_2_5g/conv49 | Quantization - src_type: UINT8, dst_type FLOAT32, limvals_min: 0, limvals_max: 1) >> (UserBuffQEl14scrfd_2_5g/conv49 | timeout: 10s)
[2026-08-31 11:24:22.488] [758484] [HailoRT] [info] [edge_elements.cpp:287] [create] Created (HwReadEl12scrfd_2_5g/conv50 | hw_frame_size: 12800)
[2026-08-31 11:24:22.488] [758484] [HailoRT] [info] [queue_elements.cpp:657] [create] Created (PullQEl_hw_read12scrfd_2_5g/conv50)
[2026-08-31 11:24:22.488] [758484] [HailoRT] [info] [filter_elements.cpp:372] [create] Created (PostInferEl12scrfd_2_5g/conv50 | Quantization - src_type: UINT8, dst_type FLOAT32, limvals_min: 0, limvals_max: 8.10626)
[2026-08-31 11:24:22.488] [758484] [HailoRT] [info] [queue_elements.cpp:800] [create] Created (UserBuffQEl12scrfd_2_5g/conv50 | timeout: 10s)
[2026-08-31 11:24:22.488] [758484] [HailoRT] [info] [vstream.cpp:1114] [OutputVStreamImpl] Creating scrfd_2_5g/conv50...
[2026-08-31 11:24:22.488] [758484] [HailoRT] [info] [vstream_builder.cpp:220] [create_outputs] Output pipeline 'scrfd_2_5g/conv50': HW >> (HwReadEl12scrfd_2_5g/conv50 | hw_frame_size: 12800) >> (PullQEl_hw_read12scrfd_2_5g/conv50) >> (PostInferEl12scrfd_2_5g/conv50 | Quantization - src_type: UINT8, dst_type FLOAT32, limvals_min: 0, limvals_max: 8.10626) >> (UserBuffQEl12scrfd_2_5g/conv50 | timeout: 10s)
[2026-08-31 11:24:22.488] [758484] [HailoRT] [info] [edge_elements.cpp:287] [create] Created (HwReadEl1scrfd_2_5g/conv51 | hw_frame_size: 38400)
[2026-08-31 11:24:22.488] [758484] [HailoRT] [info] [queue_elements.cpp:657] [create] Created (PullQEl_hw_read1scrfd_2_5g/conv51)
[2026-08-31 11:24:22.488] [758484] [HailoRT] [info] [filter_elements.cpp:372] [create] Created (PostInferEl1scrfd_2_5g/conv51 | Quantization - src_type: UINT8, dst_type FLOAT32, limvals_min: -4.24698, limvals_max: 5.17024 | Reorder - src_order: FCR, src_shape: (40, 40, 24), dst_order: FCR, dst_shape: (40, 40, 20))
[2026-08-31 11:24:22.489] [758484] [HailoRT] [info] [queue_elements.cpp:800] [create] Created (UserBuffQEl1scrfd_2_5g/conv51 | timeout: 10s)
[2026-08-31 11:24:22.489] [758484] [HailoRT] [info] [vstream.cpp:1114] [OutputVStreamImpl] Creating scrfd_2_5g/conv51...
[2026-08-31 11:24:22.489] [758484] [HailoRT] [info] [vstream_builder.cpp:220] [create_outputs] Output pipeline 'scrfd_2_5g/conv51': HW >> (HwReadEl1scrfd_2_5g/conv51 | hw_frame_size: 38400) >> (PullQEl_hw_read1scrfd_2_5g/conv51) >> (PostInferEl1scrfd_2_5g/conv51 | Quantization - src_type: UINT8, dst_type FLOAT32, limvals_min: -4.24698, limvals_max: 5.17024 | Reorder - src_order: FCR, src_shape: (40, 40, 24), dst_order: FCR, dst_shape: (40, 40, 20)) >> (UserBuffQEl1scrfd_2_5g/conv51 | timeout: 10s)
[2026-08-31 11:24:22.489] [758484] [HailoRT] [info] [edge_elements.cpp:287] [create] Created (HwReadEl10scrfd_2_5g/conv55 | hw_frame_size: 800)
[2026-08-31 11:24:22.489] [758484] [HailoRT] [info] [queue_elements.cpp:657] [create] Created (PullQEl_hw_read10scrfd_2_5g/conv55)
[2026-08-31 11:24:22.489] [758484] [HailoRT] [info] [filter_elements.cpp:372] [create] Created (PostInferEl10scrfd_2_5g/conv55 | Quantization - src_type: UINT8, dst_type FLOAT32, limvals_min: 0, limvals_max: 1 | Reorder - src_order: NHCW, src_shape: (20, 20, 2), dst_order: NHWC, dst_shape: (20, 20, 2))
[2026-08-31 11:24:22.489] [758484] [HailoRT] [info] [queue_elements.cpp:800] [create] Created (UserBuffQEl10scrfd_2_5g/conv55 | timeout: 10s)
[2026-08-31 11:24:22.489] [758484] [HailoRT] [info] [vstream.cpp:1114] [OutputVStreamImpl] Creating scrfd_2_5g/conv55...
[2026-08-31 11:24:22.489] [758484] [HailoRT] [info] [vstream_builder.cpp:220] [create_outputs] Output pipeline 'scrfd_2_5g/conv55': HW >> (HwReadEl10scrfd_2_5g/conv55 | hw_frame_size: 800) >> (PullQEl_hw_read10scrfd_2_5g/conv55) >> (PostInferEl10scrfd_2_5g/conv55 | Quantization - src_type: UINT8, dst_type FLOAT32, limvals_min: 0, limvals_max: 1 | Reorder - src_order: NHCW, src_shape: (20, 20, 2), dst_order: NHWC, dst_shape: (20, 20, 2)) >> (UserBuffQEl10scrfd_2_5g/conv55 | timeout: 10s)
[2026-08-31 11:24:22.489] [758484] [HailoRT] [info] [edge_elements.cpp:287] [create] Created (HwReadEl9scrfd_2_5g/conv56 | hw_frame_size: 3200)
[2026-08-31 11:24:22.489] [758484] [HailoRT] [info] [queue_elements.cpp:657] [create] Created (PullQEl_hw_read9scrfd_2_5g/conv56)
[2026-08-31 11:24:22.489] [758484] [HailoRT] [info] [filter_elements.cpp:372] [create] Created (PostInferEl9scrfd_2_5g/conv56 | Quantization - src_type: UINT8, dst_type FLOAT32, limvals_min: -0.0299247, limvals_max: 7.60086 | Reorder - src_order: NHCW, src_shape: (20, 20, 8), dst_order: NHWC, dst_shape: (20, 20, 8))
[2026-08-31 11:24:22.489] [758484] [HailoRT] [info] [queue_elements.cpp:800] [create] Created (UserBuffQEl9scrfd_2_5g/conv56 | timeout: 10s)
[2026-08-31 11:24:22.489] [758484] [HailoRT] [info] [vstream.cpp:1114] [OutputVStreamImpl] Creating scrfd_2_5g/conv56...
[2026-08-31 11:24:22.489] [758484] [HailoRT] [info] [vstream_builder.cpp:220] [create_outputs] Output pipeline 'scrfd_2_5g/conv56': HW >> (HwReadEl9scrfd_2_5g/conv56 | hw_frame_size: 3200) >> (PullQEl_hw_read9scrfd_2_5g/conv56) >> (PostInferEl9scrfd_2_5g/conv56 | Quantization - src_type: UINT8, dst_type FLOAT32, limvals_min: -0.0299247, limvals_max: 7.60086 | Reorder - src_order: NHCW, src_shape: (20, 20, 8), dst_order: NHWC, dst_shape: (20, 20, 8)) >> (UserBuffQEl9scrfd_2_5g/conv56 | timeout: 10s)
[2026-08-31 11:24:22.489] [758484] [HailoRT] [info] [edge_elements.cpp:287] [create] Created (HwReadEl13scrfd_2_5g/conv57 | hw_frame_size: 9600)
[2026-08-31 11:24:22.489] [758484] [HailoRT] [info] [queue_elements.cpp:657] [create] Created (PullQEl_hw_read13scrfd_2_5g/conv57)
[2026-08-31 11:24:22.489] [758484] [HailoRT] [info] [filter_elements.cpp:372] [create] Created (PostInferEl13scrfd_2_5g/conv57 | Quantization - src_type: UINT8, dst_type FLOAT32, limvals_min: -4.03285, limvals_max: 5.14908 | Reorder - src_order: FCR, src_shape: (20, 20, 24), dst_order: FCR, dst_shape: (20, 20, 20))
[2026-08-31 11:24:22.489] [758484] [HailoRT] [info] [queue_elements.cpp:800] [create] Created (UserBuffQEl13scrfd_2_5g/conv57 | timeout: 10s)
[2026-08-31 11:24:22.489] [758484] [HailoRT] [info] [vstream.cpp:1114] [OutputVStreamImpl] Creating scrfd_2_5g/conv57...
[2026-08-31 11:24:22.489] [758484] [HailoRT] [info] [vstream_builder.cpp:220] [create_outputs] Output pipeline 'scrfd_2_5g/conv57': HW >> (HwReadEl13scrfd_2_5g/conv57 | hw_frame_size: 9600) >> (PullQEl_hw_read13scrfd_2_5g/conv57) >> (PostInferEl13scrfd_2_5g/conv57 | Quantization - src_type: UINT8, dst_type FLOAT32, limvals_min: -4.03285, limvals_max: 5.14908 | Reorder - src_order: FCR, src_shape: (20, 20, 24), dst_order: FCR, dst_shape: (20, 20, 20)) >> (UserBuffQEl13scrfd_2_5g/conv57 | timeout: 10s)
[2026-08-31 11:24:22.490] [758484] [HailoRT] [info] [core_op.cpp:156] [activate] Activating scrfd_2_5g took 0.653805 milliseconds. Note that the function is asynchronous and thus the network is not fully activated yet.
[2026-08-31 11:24:22.490] [758484] [HailoRT] [info] [core_op.cpp:156] [activate] Activating scrfd_2_5g took 0.666454 milliseconds. Note that the function is asynchronous and thus the network is not fully activated yet.
[2026-08-31 11:24:22.497] [1216914] [HailoRT] [info] [vdevice_native_stream.cpp:331] [read_impl] Failed read from stream HAILO_STREAM_NOT_ACTIVATED(72) (device: 0001:01:00.0)
[2026-08-31 11:24:22.497] [1216918] [HailoRT] [info] [vdevice_native_stream.cpp:331] [read_impl] Failed read from stream HAILO_STREAM_NOT_ACTIVATED(72) (device: 0001:01:00.0)
[2026-08-31 11:24:22.497] [1216910] [HailoRT] [info] [vdevice_native_stream.cpp:331] [read_impl] Failed read from stream HAILO_STREAM_NOT_ACTIVATED(72) (device: 0001:01:00.0)
[2026-08-31 11:24:22.497] [1216912] [HailoRT] [info] [vdevice_native_stream.cpp:331] [read_impl] Failed read from stream HAILO_STREAM_NOT_ACTIVATED(72) (device: 0001:01:00.0)
[2026-08-31 11:24:22.497] [1216920] [HailoRT] [info] [vdevice_native_stream.cpp:331] [read_impl] Failed read from stream HAILO_STREAM_NOT_ACTIVATED(72) (device: 0001:01:00.0)
[2026-08-31 11:24:22.497] [1216916] [HailoRT] [info] [vdevice_native_stream.cpp:331] [read_impl] Failed read from stream HAILO_STREAM_NOT_ACTIVATED(72) (device: 0001:01:00.0)
[2026-08-31 11:24:22.497] [1216922] [HailoRT] [info] [vdevice_native_stream.cpp:331] [read_impl] Failed read from stream HAILO_STREAM_NOT_ACTIVATED(72) (device: 0001:01:00.0)
[2026-08-31 11:24:22.497] [1216924] [HailoRT] [info] [vdevice_native_stream.cpp:331] [read_impl] Failed read from stream HAILO_STREAM_NOT_ACTIVATED(72) (device: 0001:01:00.0)
[2026-08-31 11:24:22.497] [1216926] [HailoRT] [info] [vdevice_native_stream.cpp:331] [read_impl] Failed read from stream HAILO_STREAM_NOT_ACTIVATED(72) (device: 0001:01:00.0)
[2026-08-31 11:24:22.498] [758484] [HailoRT] [info] [core_op.cpp:186] [deactivate] Deactivating took 0.732806 ms
[2026-08-31 11:24:22.498] [758484] [HailoRT] [info] [core_op.cpp:186] [deactivate] Deactivating took 0.745826 ms
[2026-08-31 11:24:22.498] [1216910] [HailoRT] [info] [queue_elements.cpp:734] [run_in_thread] Shutdown event was signaled in run_pull of queue element PullQEl_hw_read3scrfd_2_5g/conv42!
[2026-08-31 11:24:22.498] [1216911] [HailoRT] [info] [queue_elements.cpp:855] [run_in_thread] Shutdown event was signaled in dequeue of UserBuffQEl3scrfd_2_5g/conv42!
[2026-08-31 11:24:22.498] [1216910] [HailoRT] [info] [queue_elements.cpp:68] [operator()] Thread in element PullQEl_hw_read3scrfd_2_5g/conv42 is not running anymore, exiting..
[2026-08-31 11:24:22.498] [758484] [HailoRT] [info] [queue_elements.cpp:46] [~BaseQueueElement] Queue element PullQEl_hw_read3scrfd_2_5g/conv42 has 0 frames in his Queue on destruction
[2026-08-31 11:24:22.498] [1216911] [HailoRT] [info] [queue_elements.cpp:68] [operator()] Thread in element UserBuffQEl3scrfd_2_5g/conv42 is not running anymore, exiting..
[2026-08-31 11:24:22.498] [758484] [HailoRT] [info] [queue_elements.cpp:46] [~BaseQueueElement] Queue element UserBuffQEl3scrfd_2_5g/conv42 has 0 frames in his Queue on destruction
[2026-08-31 11:24:22.498] [1216913] [HailoRT] [info] [queue_elements.cpp:855] [run_in_thread] Shutdown event was signaled in dequeue of UserBuffQEl0scrfd_2_5g/conv43!
[2026-08-31 11:24:22.498] [1216912] [HailoRT] [info] [queue_elements.cpp:734] [run_in_thread] Shutdown event was signaled in run_pull of queue element PullQEl_hw_read0scrfd_2_5g/conv43!
[2026-08-31 11:24:22.498] [1216912] [HailoRT] [info] [queue_elements.cpp:68] [operator()] Thread in element PullQEl_hw_read0scrfd_2_5g/conv43 is not running anymore, exiting..
[2026-08-31 11:24:22.498] [758484] [HailoRT] [info] [queue_elements.cpp:46] [~BaseQueueElement] Queue element PullQEl_hw_read0scrfd_2_5g/conv43 has 0 frames in his Queue on destruction
[2026-08-31 11:24:22.498] [1216913] [HailoRT] [info] [queue_elements.cpp:68] [operator()] Thread in element UserBuffQEl0scrfd_2_5g/conv43 is not running anymore, exiting..
[2026-08-31 11:24:22.498] [758484] [HailoRT] [info] [queue_elements.cpp:46] [~BaseQueueElement] Queue element UserBuffQEl0scrfd_2_5g/conv43 has 0 frames in his Queue on destruction
[2026-08-31 11:24:22.498] [1216914] [HailoRT] [info] [queue_elements.cpp:734] [run_in_thread] Shutdown event was signaled in run_pull of queue element PullQEl_hw_read2scrfd_2_5g/conv44!
[2026-08-31 11:24:22.498] [1216915] [HailoRT] [info] [queue_elements.cpp:855] [run_in_thread] Shutdown event was signaled in dequeue of UserBuffQEl2scrfd_2_5g/conv44!
[2026-08-31 11:24:22.498] [1216914] [HailoRT] [info] [queue_elements.cpp:68] [operator()] Thread in element PullQEl_hw_read2scrfd_2_5g/conv44 is not running anymore, exiting..
[2026-08-31 11:24:22.498] [758484] [HailoRT] [info] [queue_elements.cpp:46] [~BaseQueueElement] Queue element PullQEl_hw_read2scrfd_2_5g/conv44 has 0 frames in his Queue on destruction
[2026-08-31 11:24:22.498] [758484] [HailoRT] [info] [queue_elements.cpp:46] [~BaseQueueElement] Queue element UserBuffQEl2scrfd_2_5g/conv44 has 0 frames in his Queue on destruction
[2026-08-31 11:24:22.498] [1216917] [HailoRT] [info] [queue_elements.cpp:855] [run_in_thread] Shutdown event was signaled in dequeue of UserBuffQEl14scrfd_2_5g/conv49!
[2026-08-31 11:24:22.498] [1216916] [HailoRT] [info] [queue_elements.cpp:734] [run_in_thread] Shutdown event was signaled in run_pull of queue element PullQEl_hw_read14scrfd_2_5g/conv49!
[2026-08-31 11:24:22.498] [1216916] [HailoRT] [info] [queue_elements.cpp:68] [operator()] Thread in element PullQEl_hw_read14scrfd_2_5g/conv49 is not running anymore, exiting..
[2026-08-31 11:24:22.498] [758484] [HailoRT] [info] [queue_elements.cpp:46] [~BaseQueueElement] Queue element PullQEl_hw_read14scrfd_2_5g/conv49 has 0 frames in his Queue on destruction
[2026-08-31 11:24:22.498] [1216917] [HailoRT] [info] [queue_elements.cpp:68] [operator()] Thread in element UserBuffQEl14scrfd_2_5g/conv49 is not running anymore, exiting..
[2026-08-31 11:24:22.498] [758484] [HailoRT] [info] [queue_elements.cpp:46] [~BaseQueueElement] Queue element UserBuffQEl14scrfd_2_5g/conv49 has 0 frames in his Queue on destruction
[2026-08-31 11:24:22.498] [1216918] [HailoRT] [info] [queue_elements.cpp:734] [run_in_thread] Shutdown event was signaled in run_pull of queue element PullQEl_hw_read12scrfd_2_5g/conv50!
[2026-08-31 11:24:22.498] [1216919] [HailoRT] [info] [queue_elements.cpp:855] [run_in_thread] Shutdown event was signaled in dequeue of UserBuffQEl12scrfd_2_5g/conv50!
[2026-08-31 11:24:22.498] [1216918] [HailoRT] [info] [queue_elements.cpp:68] [operator()] Thread in element PullQEl_hw_read12scrfd_2_5g/conv50 is not running anymore, exiting..
[2026-08-31 11:24:22.498] [758484] [HailoRT] [info] [queue_elements.cpp:46] [~BaseQueueElement] Queue element PullQEl_hw_read12scrfd_2_5g/conv50 has 0 frames in his Queue on destruction
[2026-08-31 11:24:22.499] [1216919] [HailoRT] [info] [queue_elements.cpp:68] [operator()] Thread in element UserBuffQEl12scrfd_2_5g/conv50 is not running anymore, exiting..
[2026-08-31 11:24:22.499] [758484] [HailoRT] [info] [queue_elements.cpp:46] [~BaseQueueElement] Queue element UserBuffQEl12scrfd_2_5g/conv50 has 0 frames in his Queue on destruction
[2026-08-31 11:24:22.499] [1216920] [HailoRT] [info] [queue_elements.cpp:734] [run_in_thread] Shutdown event was signaled in run_pull of queue element PullQEl_hw_read1scrfd_2_5g/conv51!
[2026-08-31 11:24:22.499] [1216921] [HailoRT] [info] [queue_elements.cpp:855] [run_in_thread] Shutdown event was signaled in dequeue of UserBuffQEl1scrfd_2_5g/conv51!
[2026-08-31 11:24:22.499] [1216920] [HailoRT] [info] [queue_elements.cpp:68] [operator()] Thread in element PullQEl_hw_read1scrfd_2_5g/conv51 is not running anymore, exiting..
[2026-08-31 11:24:22.499] [758484] [HailoRT] [info] [queue_elements.cpp:46] [~BaseQueueElement] Queue element PullQEl_hw_read1scrfd_2_5g/conv51 has 0 frames in his Queue on destruction
[2026-08-31 11:24:22.499] [1216921] [HailoRT] [info] [queue_elements.cpp:68] [operator()] Thread in element UserBuffQEl1scrfd_2_5g/conv51 is not running anymore, exiting..
[2026-08-31 11:24:22.499] [758484] [HailoRT] [info] [queue_elements.cpp:46] [~BaseQueueElement] Queue element UserBuffQEl1scrfd_2_5g/conv51 has 0 frames in his Queue on destruction
[2026-08-31 11:24:22.499] [1216923] [HailoRT] [info] [queue_elements.cpp:855] [run_in_thread] Shutdown event was signaled in dequeue of UserBuffQEl10scrfd_2_5g/conv55!
[2026-08-31 11:24:22.499] [1216922] [HailoRT] [info] [queue_elements.cpp:734] [run_in_thread] Shutdown event was signaled in run_pull of queue element PullQEl_hw_read10scrfd_2_5g/conv55!
[2026-08-31 11:24:22.499] [1216922] [HailoRT] [info] [queue_elements.cpp:68] [operator()] Thread in element PullQEl_hw_read10scrfd_2_5g/conv55 is not running anymore, exiting..
[2026-08-31 11:24:22.499] [758484] [HailoRT] [info] [queue_elements.cpp:46] [~BaseQueueElement] Queue element PullQEl_hw_read10scrfd_2_5g/conv55 has 0 frames in his Queue on destruction
[2026-08-31 11:24:22.499] [1216923] [HailoRT] [info] [queue_elements.cpp:68] [operator()] Thread in element UserBuffQEl10scrfd_2_5g/conv55 is not running anymore, exiting..
[2026-08-31 11:24:22.499] [758484] [HailoRT] [info] [queue_elements.cpp:46] [~BaseQueueElement] Queue element UserBuffQEl10scrfd_2_5g/conv55 has 0 frames in his Queue on destruction
[2026-08-31 11:24:22.499] [1216924] [HailoRT] [info] [queue_elements.cpp:734] [run_in_thread] Shutdown event was signaled in run_pull of queue element PullQEl_hw_read9scrfd_2_5g/conv56!
[2026-08-31 11:24:22.499] [1216925] [HailoRT] [info] [queue_elements.cpp:855] [run_in_thread] Shutdown event was signaled in dequeue of UserBuffQEl9scrfd_2_5g/conv56!
[2026-08-31 11:24:22.499] [1216924] [HailoRT] [info] [queue_elements.cpp:68] [operator()] Thread in element PullQEl_hw_read9scrfd_2_5g/conv56 is not running anymore, exiting..
[2026-08-31 11:24:22.499] [758484] [HailoRT] [info] [queue_elements.cpp:46] [~BaseQueueElement] Queue element PullQEl_hw_read9scrfd_2_5g/conv56 has 0 frames in his Queue on destruction
[2026-08-31 11:24:22.499] [1216925] [HailoRT] [info] [queue_elements.cpp:68] [operator()] Thread in element UserBuffQEl9scrfd_2_5g/conv56 is not running anymore, exiting..
[2026-08-31 11:24:22.499] [758484] [HailoRT] [info] [queue_elements.cpp:46] [~BaseQueueElement] Queue element UserBuffQEl9scrfd_2_5g/conv56 has 0 frames in his Queue on destruction
[2026-08-31 11:24:22.499] [1216927] [HailoRT] [info] [queue_elements.cpp:855] [run_in_thread] Shutdown event was signaled in dequeue of UserBuffQEl13scrfd_2_5g/conv57!
[2026-08-31 11:24:22.499] [1216926] [HailoRT] [info] [queue_elements.cpp:734] [run_in_thread] Shutdown event was signaled in run_pull of queue element PullQEl_hw_read13scrfd_2_5g/conv57!
[2026-08-31 11:24:22.499] [1216926] [HailoRT] [info] [queue_elements.cpp:68] [operator()] Thread in element PullQEl_hw_read13scrfd_2_5g/conv57 is not running anymore, exiting..
[2026-08-31 11:24:22.499] [758484] [HailoRT] [info] [queue_elements.cpp:46] [~BaseQueueElement] Queue element PullQEl_hw_read13scrfd_2_5g/conv57 has 0 frames in his Queue on destruction
[2026-08-31 11:24:22.499] [1216927] [HailoRT] [info] [queue_elements.cpp:68] [operator()] Thread in element UserBuffQEl13scrfd_2_5g/conv57 is not running anymore, exiting..
[2026-08-31 11:24:22.499] [758484] [HailoRT] [info] [queue_elements.cpp:46] [~BaseQueueElement] Queue element UserBuffQEl13scrfd_2_5g/conv57 has 0 frames in his Queue on destruction
[2026-08-31 11:24:22.563] [758484] [HailoRT] [info] [edge_elements.cpp:52] [create] Created (HwWriteEl3scrfd_2_5g/input_layer1 | hw_frame_size: 1228800)
[2026-08-31 11:24:22.563] [758484] [HailoRT] [info] [vstream.cpp:754] [InputVStreamImpl] Creating scrfd_2_5g/input_layer1...
[2026-08-31 11:24:22.563] [758484] [HailoRT] [info] [vstream_builder.cpp:102] [create_inputs] Input pipeline 'scrfd_2_5g/input_layer1': (HwWriteEl3scrfd_2_5g/input_layer1 | hw_frame_size: 1228800) >> HW
[2026-08-31 11:24:22.563] [758484] [HailoRT] [info] [edge_elements.cpp:287] [create] Created (HwReadEl3scrfd_2_5g/conv42 | hw_frame_size: 12800)
[2026-08-31 11:24:22.563] [758484] [HailoRT] [info] [queue_elements.cpp:657] [create] Created (PullQEl_hw_read3scrfd_2_5g/conv42)
[2026-08-31 11:24:22.563] [758484] [HailoRT] [info] [filter_elements.cpp:372] [create] Created (PostInferEl3scrfd_2_5g/conv42 | Quantization - src_type: UINT8, dst_type FLOAT32, limvals_min: 0, limvals_max: 1)
[2026-08-31 11:24:22.564] [758484] [HailoRT] [info] [queue_elements.cpp:800] [create] Created (UserBuffQEl3scrfd_2_5g/conv42 | timeout: 10s)
[2026-08-31 11:24:22.564] [758484] [HailoRT] [info] [vstream.cpp:1114] [OutputVStreamImpl] Creating scrfd_2_5g/conv42...
[2026-08-31 11:24:22.564] [758484] [HailoRT] [info] [vstream_builder.cpp:220] [create_outputs] Output pipeline 'scrfd_2_5g/conv42': HW >> (HwReadEl3scrfd_2_5g/conv42 | hw_frame_size: 12800) >> (PullQEl_hw_read3scrfd_2_5g/conv42) >> (PostInferEl3scrfd_2_5g/conv42 | Quantization - src_type: UINT8, dst_type FLOAT32, limvals_min: 0, limvals_max: 1) >> (UserBuffQEl3scrfd_2_5g/conv42 | timeout: 10s)
[2026-08-31 11:24:22.564] [758484] [HailoRT] [info] [edge_elements.cpp:287] [create] Created (HwReadEl0scrfd_2_5g/conv43 | hw_frame_size: 51200)
[2026-08-31 11:24:22.564] [758484] [HailoRT] [info] [queue_elements.cpp:657] [create] Created (PullQEl_hw_read0scrfd_2_5g/conv43)
[2026-08-31 11:24:22.564] [758484] [HailoRT] [info] [filter_elements.cpp:372] [create] Created (PostInferEl0scrfd_2_5g/conv43 | Quantization - src_type: UINT8, dst_type FLOAT32, limvals_min: -0.0793963, limvals_max: 4.98212)
[2026-08-31 11:24:22.564] [758484] [HailoRT] [info] [queue_elements.cpp:800] [create] Created (UserBuffQEl0scrfd_2_5g/conv43 | timeout: 10s)
[2026-08-31 11:24:22.564] [758484] [HailoRT] [info] [vstream.cpp:1114] [OutputVStreamImpl] Creating scrfd_2_5g/conv43...
[2026-08-31 11:24:22.564] [758484] [HailoRT] [info] [vstream_builder.cpp:220] [create_outputs] Output pipeline 'scrfd_2_5g/conv43': HW >> (HwReadEl0scrfd_2_5g/conv43 | hw_frame_size: 51200) >> (PullQEl_hw_read0scrfd_2_5g/conv43) >> (PostInferEl0scrfd_2_5g/conv43 | Quantization - src_type: UINT8, dst_type FLOAT32, limvals_min: -0.0793963, limvals_max: 4.98212) >> (UserBuffQEl0scrfd_2_5g/conv43 | timeout: 10s)
[2026-08-31 11:24:22.564] [758484] [HailoRT] [info] [edge_elements.cpp:287] [create] Created (HwReadEl2scrfd_2_5g/conv44 | hw_frame_size: 153600)
[2026-08-31 11:24:22.565] [758484] [HailoRT] [info] [queue_elements.cpp:657] [create] Created (PullQEl_hw_read2scrfd_2_5g/conv44)
[2026-08-31 11:24:22.565] [758484] [HailoRT] [info] [filter_elements.cpp:372] [create] Created (PostInferEl2scrfd_2_5g/conv44 | Quantization - src_type: UINT8, dst_type FLOAT32, limvals_min: -3.16292, limvals_max: 3.50274 | Reorder - src_order: FCR, src_shape: (80, 80, 24), dst_order: FCR, dst_shape: (80, 80, 20))
[2026-08-31 11:24:22.565] [758484] [HailoRT] [info] [queue_elements.cpp:800] [create] Created (UserBuffQEl2scrfd_2_5g/conv44 | timeout: 10s)
[2026-08-31 11:24:22.565] [758484] [HailoRT] [info] [vstream.cpp:1114] [OutputVStreamImpl] Creating scrfd_2_5g/conv44...
[2026-08-31 11:24:22.565] [758484] [HailoRT] [info] [vstream_builder.cpp:220] [create_outputs] Output pipeline 'scrfd_2_5g/conv44': HW >> (HwReadEl2scrfd_2_5g/conv44 | hw_frame_size: 153600) >> (PullQEl_hw_read2scrfd_2_5g/conv44) >> (PostInferEl2scrfd_2_5g/conv44 | Quantization - src_type: UINT8, dst_type FLOAT32, limvals_min: -3.16292, limvals_max: 3.50274 | Reorder - src_order: FCR, src_shape: (80, 80, 24), dst_order: FCR, dst_shape: (80, 80, 20)) >> (UserBuffQEl2scrfd_2_5g/conv44 | timeout: 10s)
[2026-08-31 11:24:22.565] [758484] [HailoRT] [info] [edge_elements.cpp:287] [create] Created (HwReadEl14scrfd_2_5g/conv49 | hw_frame_size: 3200)
[2026-08-31 11:24:22.565] [758484] [HailoRT] [info] [queue_elements.cpp:657] [create] Created (PullQEl_hw_read14scrfd_2_5g/conv49)
[2026-08-31 11:24:22.565] [758484] [HailoRT] [info] [filter_elements.cpp:372] [create] Created (PostInferEl14scrfd_2_5g/conv49 | Quantization - src_type: UINT8, dst_type FLOAT32, limvals_min: 0, limvals_max: 1)
[2026-08-31 11:24:22.565] [758484] [HailoRT] [info] [queue_elements.cpp:800] [create] Created (UserBuffQEl14scrfd_2_5g/conv49 | timeout: 10s)
[2026-08-31 11:24:22.565] [758484] [HailoRT] [info] [vstream.cpp:1114] [OutputVStreamImpl] Creating scrfd_2_5g/conv49...
[2026-08-31 11:24:22.565] [758484] [HailoRT] [info] [vstream_builder.cpp:220] [create_outputs] Output pipeline 'scrfd_2_5g/conv49': HW >> (HwReadEl14scrfd_2_5g/conv49 | hw_frame_size: 3200) >> (PullQEl_hw_read14scrfd_2_5g/conv49) >> (PostInferEl14scrfd_2_5g/conv49 | Quantization - src_type: UINT8, dst_type FLOAT32, limvals_min: 0, limvals_max: 1) >> (UserBuffQEl14scrfd_2_5g/conv49 | timeout: 10s)
[2026-08-31 11:24:22.565] [758484] [HailoRT] [info] [edge_elements.cpp:287] [create] Created (HwReadEl12scrfd_2_5g/conv50 | hw_frame_size: 12800)
[2026-08-31 11:24:22.565] [758484] [HailoRT] [info] [queue_elements.cpp:657] [create] Created (PullQEl_hw_read12scrfd_2_5g/conv50)
[2026-08-31 11:24:22.565] [758484] [HailoRT] [info] [filter_elements.cpp:372] [create] Created (PostInferEl12scrfd_2_5g/conv50 | Quantization - src_type: UINT8, dst_type FLOAT32, limvals_min: 0, limvals_max: 8.10626)
[2026-08-31 11:24:22.565] [758484] [HailoRT] [info] [queue_elements.cpp:800] [create] Created (UserBuffQEl12scrfd_2_5g/conv50 | timeout: 10s)
[2026-08-31 11:24:22.565] [758484] [HailoRT] [info] [vstream.cpp:1114] [OutputVStreamImpl] Creating scrfd_2_5g/conv50...
[2026-08-31 11:24:22.565] [758484] [HailoRT] [info] [vstream_builder.cpp:220] [create_outputs] Output pipeline 'scrfd_2_5g/conv50': HW >> (HwReadEl12scrfd_2_5g/conv50 | hw_frame_size: 12800) >> (PullQEl_hw_read12scrfd_2_5g/conv50) >> (PostInferEl12scrfd_2_5g/conv50 | Quantization - src_type: UINT8, dst_type FLOAT32, limvals_min: 0, limvals_max: 8.10626) >> (UserBuffQEl12scrfd_2_5g/conv50 | timeout: 10s)
[2026-08-31 11:24:22.565] [758484] [HailoRT] [info] [edge_elements.cpp:287] [create] Created (HwReadEl1scrfd_2_5g/conv51 | hw_frame_size: 38400)
[2026-08-31 11:24:22.565] [758484] [HailoRT] [info] [queue_elements.cpp:657] [create] Created (PullQEl_hw_read1scrfd_2_5g/conv51)
[2026-08-31 11:24:22.565] [758484] [HailoRT] [info] [filter_elements.cpp:372] [create] Created (PostInferEl1scrfd_2_5g/conv51 | Quantization - src_type: UINT8, dst_type FLOAT32, limvals_min: -4.24698, limvals_max: 5.17024 | Reorder - src_order: FCR, src_shape: (40, 40, 24), dst_order: FCR, dst_shape: (40, 40, 20))
[2026-08-31 11:24:22.565] [758484] [HailoRT] [info] [queue_elements.cpp:800] [create] Created (UserBuffQEl1scrfd_2_5g/conv51 | timeout: 10s)
[2026-08-31 11:24:22.565] [758484] [HailoRT] [info] [vstream.cpp:1114] [OutputVStreamImpl] Creating scrfd_2_5g/conv51...
[2026-08-31 11:24:22.565] [758484] [HailoRT] [info] [vstream_builder.cpp:220] [create_outputs] Output pipeline 'scrfd_2_5g/conv51': HW >> (HwReadEl1scrfd_2_5g/conv51 | hw_frame_size: 38400) >> (PullQEl_hw_read1scrfd_2_5g/conv51) >> (PostInferEl1scrfd_2_5g/conv51 | Quantization - src_type: UINT8, dst_type FLOAT32, limvals_min: -4.24698, limvals_max: 5.17024 | Reorder - src_order: FCR, src_shape: (40, 40, 24), dst_order: FCR, dst_shape: (40, 40, 20)) >> (UserBuffQEl1scrfd_2_5g/conv51 | timeout: 10s)
[2026-08-31 11:24:22.565] [758484] [HailoRT] [info] [edge_elements.cpp:287] [create] Created (HwReadEl10scrfd_2_5g/conv55 | hw_frame_size: 800)
[2026-08-31 11:24:22.566] [758484] [HailoRT] [info] [queue_elements.cpp:657] [create] Created (PullQEl_hw_read10scrfd_2_5g/conv55)
[2026-08-31 11:24:22.566] [758484] [HailoRT] [info] [filter_elements.cpp:372] [create] Created (PostInferEl10scrfd_2_5g/conv55 | Quantization - src_type: UINT8, dst_type FLOAT32, limvals_min: 0, limvals_max: 1 | Reorder - src_order: NHCW, src_shape: (20, 20, 2), dst_order: NHWC, dst_shape: (20, 20, 2))
[2026-08-31 11:24:22.566] [758484] [HailoRT] [info] [queue_elements.cpp:800] [create] Created (UserBuffQEl10scrfd_2_5g/conv55 | timeout: 10s)
[2026-08-31 11:24:22.566] [758484] [HailoRT] [info] [vstream.cpp:1114] [OutputVStreamImpl] Creating scrfd_2_5g/conv55...
[2026-08-31 11:24:22.566] [758484] [HailoRT] [info] [vstream_builder.cpp:220] [create_outputs] Output pipeline 'scrfd_2_5g/conv55': HW >> (HwReadEl10scrfd_2_5g/conv55 | hw_frame_size: 800) >> (PullQEl_hw_read10scrfd_2_5g/conv55) >> (PostInferEl10scrfd_2_5g/conv55 | Quantization - src_type: UINT8, dst_type FLOAT32, limvals_min: 0, limvals_max: 1 | Reorder - src_order: NHCW, src_shape: (20, 20, 2), dst_order: NHWC, dst_shape: (20, 20, 2)) >> (UserBuffQEl10scrfd_2_5g/conv55 | timeout: 10s)
[2026-08-31 11:24:22.566] [758484] [HailoRT] [info] [edge_elements.cpp:287] [create] Created (HwReadEl9scrfd_2_5g/conv56 | hw_frame_size: 3200)
[2026-08-31 11:24:22.566] [758484] [HailoRT] [info] [queue_elements.cpp:657] [create] Created (PullQEl_hw_read9scrfd_2_5g/conv56)
[2026-08-31 11:24:22.566] [758484] [HailoRT] [info] [filter_elements.cpp:372] [create] Created (PostInferEl9scrfd_2_5g/conv56 | Quantization - src_type: UINT8, dst_type FLOAT32, limvals_min: -0.0299247, limvals_max: 7.60086 | Reorder - src_order: NHCW, src_shape: (20, 20, 8), dst_order: NHWC, dst_shape: (20, 20, 8))
[2026-08-31 11:24:22.566] [758484] [HailoRT] [info] [queue_elements.cpp:800] [create] Created (UserBuffQEl9scrfd_2_5g/conv56 | timeout: 10s)
[2026-08-31 11:24:22.566] [758484] [HailoRT] [info] [vstream.cpp:1114] [OutputVStreamImpl] Creating scrfd_2_5g/conv56...
[2026-08-31 11:24:22.566] [758484] [HailoRT] [info] [vstream_builder.cpp:220] [create_outputs] Output pipeline 'scrfd_2_5g/conv56': HW >> (HwReadEl9scrfd_2_5g/conv56 | hw_frame_size: 3200) >> (PullQEl_hw_read9scrfd_2_5g/conv56) >> (PostInferEl9scrfd_2_5g/conv56 | Quantization - src_type: UINT8, dst_type FLOAT32, limvals_min: -0.0299247, limvals_max: 7.60086 | Reorder - src_order: NHCW, src_shape: (20, 20, 8), dst_order: NHWC, dst_shape: (20, 20, 8)) >> (UserBuffQEl9scrfd_2_5g/conv56 | timeout: 10s)
[2026-08-31 11:24:22.566] [758484] [HailoRT] [info] [edge_elements.cpp:287] [create] Created (HwReadEl13scrfd_2_5g/conv57 | hw_frame_size: 9600)
[2026-08-31 11:24:22.566] [758484] [HailoRT] [info] [queue_elements.cpp:657] [create] Created (PullQEl_hw_read13scrfd_2_5g/conv57)
[2026-08-31 11:24:22.566] [758484] [HailoRT] [info] [filter_elements.cpp:372] [create] Created (PostInferEl13scrfd_2_5g/conv57 | Quantization - src_type: UINT8, dst_type FLOAT32, limvals_min: -4.03285, limvals_max: 5.14908 | Reorder - src_order: FCR, src_shape: (20, 20, 24), dst_order: FCR, dst_shape: (20, 20, 20))
[2026-08-31 11:24:22.566] [758484] [HailoRT] [info] [queue_elements.cpp:800] [create] Created (UserBuffQEl13scrfd_2_5g/conv57 | timeout: 10s)
[2026-08-31 11:24:22.566] [758484] [HailoRT] [info] [vstream.cpp:1114] [OutputVStreamImpl] Creating scrfd_2_5g/conv57...
[2026-08-31 11:24:22.566] [758484] [HailoRT] [info] [vstream_builder.cpp:220] [create_outputs] Output pipeline 'scrfd_2_5g/conv57': HW >> (HwReadEl13scrfd_2_5g/conv57 | hw_frame_size: 9600) >> (PullQEl_hw_read13scrfd_2_5g/conv57) >> (PostInferEl13scrfd_2_5g/conv57 | Quantization - src_type: UINT8, dst_type FLOAT32, limvals_min: -4.03285, limvals_max: 5.14908 | Reorder - src_order: FCR, src_shape: (20, 20, 24), dst_order: FCR, dst_shape: (20, 20, 20)) >> (UserBuffQEl13scrfd_2_5g/conv57 | timeout: 10s)
[2026-08-31 11:24:22.567] [758484] [HailoRT] [info] [core_op.cpp:156] [activate] Activating scrfd_2_5g took 0.635472 milliseconds. Note that the function is asynchronous and thus the network is not fully activated yet.
[2026-08-31 11:24:22.567] [758484] [HailoRT] [info] [core_op.cpp:156] [activate] Activating scrfd_2_5g took 0.749622 milliseconds. Note that the function is asynchronous and thus the network is not fully activated yet.
[2026-08-31 11:24:22.576] [1216938] [HailoRT] [info] [vdevice_native_stream.cpp:331] [read_impl] Failed read from stream HAILO_STREAM_NOT_ACTIVATED(72) (device: 0001:01:00.0)
[2026-08-31 11:24:22.576] [1216948] [HailoRT] [info] [vdevice_native_stream.cpp:331] [read_impl] Failed read from stream HAILO_STREAM_NOT_ACTIVATED(72) (device: 0001:01:00.0)
[2026-08-31 11:24:22.576] [1216950] [HailoRT] [info] [vdevice_native_stream.cpp:331] [read_impl] Failed read from stream HAILO_STREAM_NOT_ACTIVATED(72) (device: 0001:01:00.0)
[2026-08-31 11:24:22.576] [1216954] [HailoRT] [info] [vdevice_native_stream.cpp:331] [read_impl] Failed read from stream HAILO_STREAM_NOT_ACTIVATED(72) (device: 0001:01:00.0)
[2026-08-31 11:24:22.576] [1216942] [HailoRT] [info] [vdevice_native_stream.cpp:331] [read_impl] Failed read from stream HAILO_STREAM_NOT_ACTIVATED(72) (device: 0001:01:00.0)
[2026-08-31 11:24:22.576] [1216952] [HailoRT] [info] [vdevice_native_stream.cpp:331] [read_impl] Failed read from stream HAILO_STREAM_NOT_ACTIVATED(72) (device: 0001:01:00.0)
[2026-08-31 11:24:22.576] [1216940] [HailoRT] [info] [vdevice_native_stream.cpp:331] [read_impl] Failed read from stream HAILO_STREAM_NOT_ACTIVATED(72) (device: 0001:01:00.0)
[2026-08-31 11:24:22.576] [1216944] [HailoRT] [info] [vdevice_native_stream.cpp:331] [read_impl] Failed read from stream HAILO_STREAM_NOT_ACTIVATED(72) (device: 0001:01:00.0)
[2026-08-31 11:24:22.576] [1216946] [HailoRT] [info] [vdevice_native_stream.cpp:331] [read_impl] Failed read from stream HAILO_STREAM_NOT_ACTIVATED(72) (device: 0001:01:00.0)
[2026-08-31 11:24:22.577] [758484] [HailoRT] [info] [core_op.cpp:186] [deactivate] Deactivating took 0.97418 ms
[2026-08-31 11:24:22.577] [758484] [HailoRT] [info] [core_op.cpp:186] [deactivate] Deactivating took 1.001422 ms
[2026-08-31 11:24:22.577] [1216938] [HailoRT] [info] [queue_elements.cpp:734] [run_in_thread] Shutdown event was signaled in run_pull of queue element PullQEl_hw_read3scrfd_2_5g/conv42!
[2026-08-31 11:24:22.577] [1216939] [HailoRT] [info] [queue_elements.cpp:855] [run_in_thread] Shutdown event was signaled in dequeue of UserBuffQEl3scrfd_2_5g/conv42!
[2026-08-31 11:24:22.577] [1216938] [HailoRT] [info] [queue_elements.cpp:68] [operator()] Thread in element PullQEl_hw_read3scrfd_2_5g/conv42 is not running anymore, exiting..
[2026-08-31 11:24:22.577] [758484] [HailoRT] [info] [queue_elements.cpp:46] [~BaseQueueElement] Queue element PullQEl_hw_read3scrfd_2_5g/conv42 has 0 frames in his Queue on destruction
[2026-08-31 11:24:22.578] [1216939] [HailoRT] [info] [queue_elements.cpp:68] [operator()] Thread in element UserBuffQEl3scrfd_2_5g/conv42 is not running anymore, exiting..
[2026-08-31 11:24:22.578] [758484] [HailoRT] [info] [queue_elements.cpp:46] [~BaseQueueElement] Queue element UserBuffQEl3scrfd_2_5g/conv42 has 0 frames in his Queue on destruction
[2026-08-31 11:24:22.578] [1216940] [HailoRT] [info] [queue_elements.cpp:734] [run_in_thread] Shutdown event was signaled in run_pull of queue element PullQEl_hw_read0scrfd_2_5g/conv43!
[2026-08-31 11:24:22.578] [1216941] [HailoRT] [info] [queue_elements.cpp:855] [run_in_thread] Shutdown event was signaled in dequeue of UserBuffQEl0scrfd_2_5g/conv43!
[2026-08-31 11:24:22.578] [1216940] [HailoRT] [info] [queue_elements.cpp:68] [operator()] Thread in element PullQEl_hw_read0scrfd_2_5g/conv43 is not running anymore, exiting..
[2026-08-31 11:24:22.578] [758484] [HailoRT] [info] [queue_elements.cpp:46] [~BaseQueueElement] Queue element PullQEl_hw_read0scrfd_2_5g/conv43 has 0 frames in his Queue on destruction
[2026-08-31 11:24:22.578] [1216941] [HailoRT] [info] [queue_elements.cpp:68] [operator()] Thread in element UserBuffQEl0scrfd_2_5g/conv43 is not running anymore, exiting..
[2026-08-31 11:24:22.578] [758484] [HailoRT] [info] [queue_elements.cpp:46] [~BaseQueueElement] Queue element UserBuffQEl0scrfd_2_5g/conv43 has 0 frames in his Queue on destruction
[2026-08-31 11:24:22.578] [1216942] [HailoRT] [info] [queue_elements.cpp:734] [run_in_thread] Shutdown event was signaled in run_pull of queue element PullQEl_hw_read2scrfd_2_5g/conv44!
[2026-08-31 11:24:22.578] [1216943] [HailoRT] [info] [queue_elements.cpp:855] [run_in_thread] Shutdown event was signaled in dequeue of UserBuffQEl2scrfd_2_5g/conv44!
[2026-08-31 11:24:22.578] [1216942] [HailoRT] [info] [queue_elements.cpp:68] [operator()] Thread in element PullQEl_hw_read2scrfd_2_5g/conv44 is not running anymore, exiting..
[2026-08-31 11:24:22.579] [758484] [HailoRT] [info] [queue_elements.cpp:46] [~BaseQueueElement] Queue element PullQEl_hw_read2scrfd_2_5g/conv44 has 0 frames in his Queue on destruction
[2026-08-31 11:24:22.579] [1216943] [HailoRT] [info] [queue_elements.cpp:68] [operator()] Thread in element UserBuffQEl2scrfd_2_5g/conv44 is not running anymore, exiting..
[2026-08-31 11:24:22.579] [758484] [HailoRT] [info] [queue_elements.cpp:46] [~BaseQueueElement] Queue element UserBuffQEl2scrfd_2_5g/conv44 has 0 frames in his Queue on destruction
[2026-08-31 11:24:22.579] [1216944] [HailoRT] [info] [queue_elements.cpp:734] [run_in_thread] Shutdown event was signaled in run_pull of queue element PullQEl_hw_read14scrfd_2_5g/conv49!
[2026-08-31 11:24:22.579] [1216945] [HailoRT] [info] [queue_elements.cpp:855] [run_in_thread] Shutdown event was signaled in dequeue of UserBuffQEl14scrfd_2_5g/conv49!
[2026-08-31 11:24:22.579] [1216944] [HailoRT] [info] [queue_elements.cpp:68] [operator()] Thread in element PullQEl_hw_read14scrfd_2_5g/conv49 is not running anymore, exiting..
[2026-08-31 11:24:22.579] [758484] [HailoRT] [info] [queue_elements.cpp:46] [~BaseQueueElement] Queue element PullQEl_hw_read14scrfd_2_5g/conv49 has 0 frames in his Queue on destruction
[2026-08-31 11:24:22.579] [1216945] [HailoRT] [info] [queue_elements.cpp:68] [operator()] Thread in element UserBuffQEl14scrfd_2_5g/conv49 is not running anymore, exiting..
[2026-08-31 11:24:22.579] [758484] [HailoRT] [info] [queue_elements.cpp:46] [~BaseQueueElement] Queue element UserBuffQEl14scrfd_2_5g/conv49 has 0 frames in his Queue on destruction
[2026-08-31 11:24:22.579] [1216947] [HailoRT] [info] [queue_elements.cpp:855] [run_in_thread] Shutdown event was signaled in dequeue of UserBuffQEl12scrfd_2_5g/conv50!
[2026-08-31 11:24:22.579] [1216946] [HailoRT] [info] [queue_elements.cpp:734] [run_in_thread] Shutdown event was signaled in run_pull of queue element PullQEl_hw_read12scrfd_2_5g/conv50!
[2026-08-31 11:24:22.579] [1216946] [HailoRT] [info] [queue_elements.cpp:68] [operator()] Thread in element PullQEl_hw_read12scrfd_2_5g/conv50 is not running anymore, exiting..
[2026-08-31 11:24:22.579] [758484] [HailoRT] [info] [queue_elements.cpp:46] [~BaseQueueElement] Queue element PullQEl_hw_read12scrfd_2_5g/conv50 has 0 frames in his Queue on destruction
[2026-08-31 11:24:22.579] [1216947] [HailoRT] [info] [queue_elements.cpp:68] [operator()] Thread in element UserBuffQEl12scrfd_2_5g/conv50 is not running anymore, exiting..
[2026-08-31 11:24:22.579] [758484] [HailoRT] [info] [queue_elements.cpp:46] [~BaseQueueElement] Queue element UserBuffQEl12scrfd_2_5g/conv50 has 0 frames in his Queue on destruction
[2026-08-31 11:24:22.579] [1216949] [HailoRT] [info] [queue_elements.cpp:855] [run_in_thread] Shutdown event was signaled in dequeue of UserBuffQEl1scrfd_2_5g/conv51!
[2026-08-31 11:24:22.579] [1216948] [HailoRT] [info] [queue_elements.cpp:734] [run_in_thread] Shutdown event was signaled in run_pull of queue element PullQEl_hw_read1scrfd_2_5g/conv51!
[2026-08-31 11:24:22.579] [1216948] [HailoRT] [info] [queue_elements.cpp:68] [operator()] Thread in element PullQEl_hw_read1scrfd_2_5g/conv51 is not running anymore, exiting..
[2026-08-31 11:24:22.579] [758484] [HailoRT] [info] [queue_elements.cpp:46] [~BaseQueueElement] Queue element PullQEl_hw_read1scrfd_2_5g/conv51 has 0 frames in his Queue on destruction
[2026-08-31 11:24:22.579] [1216949] [HailoRT] [info] [queue_elements.cpp:68] [operator()] Thread in element UserBuffQEl1scrfd_2_5g/conv51 is not running anymore, exiting..
[2026-08-31 11:24:22.580] [758484] [HailoRT] [info] [queue_elements.cpp:46] [~BaseQueueElement] Queue element UserBuffQEl1scrfd_2_5g/conv51 has 0 frames in his Queue on destruction
[2026-08-31 11:24:22.580] [1216950] [HailoRT] [info] [queue_elements.cpp:734] [run_in_thread] Shutdown event was signaled in run_pull of queue element PullQEl_hw_read10scrfd_2_5g/conv55!
[2026-08-31 11:24:22.580] [1216951] [HailoRT] [info] [queue_elements.cpp:855] [run_in_thread] Shutdown event was signaled in dequeue of UserBuffQEl10scrfd_2_5g/conv55!
[2026-08-31 11:24:22.580] [1216950] [HailoRT] [info] [queue_elements.cpp:68] [operator()] Thread in element PullQEl_hw_read10scrfd_2_5g/conv55 is not running anymore, exiting..
[2026-08-31 11:24:22.580] [758484] [HailoRT] [info] [queue_elements.cpp:46] [~BaseQueueElement] Queue element PullQEl_hw_read10scrfd_2_5g/conv55 has 0 frames in his Queue on destruction
[2026-08-31 11:24:22.580] [1216951] [HailoRT] [info] [queue_elements.cpp:68] [operator()] Thread in element UserBuffQEl10scrfd_2_5g/conv55 is not running anymore, exiting..
[2026-08-31 11:24:22.580] [758484] [HailoRT] [info] [queue_elements.cpp:46] [~BaseQueueElement] Queue element UserBuffQEl10scrfd_2_5g/conv55 has 0 frames in his Queue on destruction
[2026-08-31 11:24:22.580] [1216952] [HailoRT] [info] [queue_elements.cpp:734] [run_in_thread] Shutdown event was signaled in run_pull of queue element PullQEl_hw_read9scrfd_2_5g/conv56!
[2026-08-31 11:24:22.580] [1216953] [HailoRT] [info] [queue_elements.cpp:855] [run_in_thread] Shutdown event was signaled in dequeue of UserBuffQEl9scrfd_2_5g/conv56!
[2026-08-31 11:24:22.580] [1216952] [HailoRT] [info] [queue_elements.cpp:68] [operator()] Thread in element PullQEl_hw_read9scrfd_2_5g/conv56 is not running anymore, exiting..
[2026-08-31 11:24:22.580] [758484] [HailoRT] [info] [queue_elements.cpp:46] [~BaseQueueElement] Queue element PullQEl_hw_read9scrfd_2_5g/conv56 has 0 frames in his Queue on destruction
[2026-08-31 11:24:22.580] [1216953] [HailoRT] [info] [queue_elements.cpp:68] [operator()] Thread in element UserBuffQEl9scrfd_2_5g/conv56 is not running anymore, exiting..
[2026-08-31 11:24:22.580] [758484] [HailoRT] [info] [queue_elements.cpp:46] [~BaseQueueElement] Queue element UserBuffQEl9scrfd_2_5g/conv56 has 0 frames in his Queue on destruction
[2026-08-31 11:24:22.580] [1216955] [HailoRT] [info] [queue_elements.cpp:855] [run_in_thread] Shutdown event was signaled in dequeue of UserBuffQEl13scrfd_2_5g/conv57!
[2026-08-31 11:24:22.580] [1216954] [HailoRT] [info] [queue_elements.cpp:734] [run_in_thread] Shutdown event was signaled in run_pull of queue element PullQEl_hw_read13scrfd_2_5g/conv57!
[2026-08-31 11:24:22.580] [1216954] [HailoRT] [info] [queue_elements.cpp:68] [operator()] Thread in element PullQEl_hw_read13scrfd_2_5g/conv57 is not running anymore, exiting..
[2026-08-31 11:24:22.580] [758484] [HailoRT] [info] [queue_elements.cpp:46] [~BaseQueueElement] Queue element PullQEl_hw_read13scrfd_2_5g/conv57 has 0 frames in his Queue on destruction
[2026-08-31 11:24:22.580] [1216955] [HailoRT] [info] [queue_elements.cpp:68] [operator()] Thread in element UserBuffQEl13scrfd_2_5g/conv57 is not running anymore, exiting..
[2026-08-31 11:24:22.580] [758484] [HailoRT] [info] [queue_elements.cpp:46] [~BaseQueueElement] Queue element UserBuffQEl13scrfd_2_5g/conv57 has 0 frames in his Queue on destruction
[2026-08-31 11:24:22.648] [758484] [HailoRT] [info] [edge_elements.cpp:52] [create] Created (HwWriteEl3scrfd_2_5g/input_layer1 | hw_frame_size: 1228800)
[2026-08-31 11:24:22.649] [758484] [HailoRT] [info] [vstream.cpp:754] [InputVStreamImpl] Creating scrfd_2_5g/input_layer1...
[2026-08-31 11:24:22.649] [758484] [HailoRT] [info] [vstream_builder.cpp:102] [create_inputs] Input pipeline 'scrfd_2_5g/input_layer1': (HwWriteEl3scrfd_2_5g/input_layer1 | hw_frame_size: 1228800) >> HW
[2026-08-31 11:24:22.649] [758484] [HailoRT] [info] [edge_elements.cpp:287] [create] Created (HwReadEl3scrfd_2_5g/conv42 | hw_frame_size: 12800)
[2026-08-31 11:24:22.649] [758484] [HailoRT] [info] [queue_elements.cpp:657] [create] Created (PullQEl_hw_read3scrfd_2_5g/conv42)
[2026-08-31 11:24:22.649] [758484] [HailoRT] [info] [filter_elements.cpp:372] [create] Created (PostInferEl3scrfd_2_5g/conv42 | Quantization - src_type: UINT8, dst_type FLOAT32, limvals_min: 0, limvals_max: 1)
[2026-08-31 11:24:22.649] [758484] [HailoRT] [info] [queue_elements.cpp:800] [create] Created (UserBuffQEl3scrfd_2_5g/conv42 | timeout: 10s)
[2026-08-31 11:24:22.649] [758484] [HailoRT] [info] [vstream.cpp:1114] [OutputVStreamImpl] Creating scrfd_2_5g/conv42...
[2026-08-31 11:24:22.649] [758484] [HailoRT] [info] [vstream_builder.cpp:220] [create_outputs] Output pipeline 'scrfd_2_5g/conv42': HW >> (HwReadEl3scrfd_2_5g/conv42 | hw_frame_size: 12800) >> (PullQEl_hw_read3scrfd_2_5g/conv42) >> (PostInferEl3scrfd_2_5g/conv42 | Quantization - src_type: UINT8, dst_type FLOAT32, limvals_min: 0, limvals_max: 1) >> (UserBuffQEl3scrfd_2_5g/conv42 | timeout: 10s)
[2026-08-31 11:24:22.649] [758484] [HailoRT] [info] [edge_elements.cpp:287] [create] Created (HwReadEl0scrfd_2_5g/conv43 | hw_frame_size: 51200)
[2026-08-31 11:24:22.650] [758484] [HailoRT] [info] [queue_elements.cpp:657] [create] Created (PullQEl_hw_read0scrfd_2_5g/conv43)
[2026-08-31 11:24:22.650] [758484] [HailoRT] [info] [filter_elements.cpp:372] [create] Created (PostInferEl0scrfd_2_5g/conv43 | Quantization - src_type: UINT8, dst_type FLOAT32, limvals_min: -0.0793963, limvals_max: 4.98212)
[2026-08-31 11:24:22.650] [758484] [HailoRT] [info] [queue_elements.cpp:800] [create] Created (UserBuffQEl0scrfd_2_5g/conv43 | timeout: 10s)
[2026-08-31 11:24:22.650] [758484] [HailoRT] [info] [vstream.cpp:1114] [OutputVStreamImpl] Creating scrfd_2_5g/conv43...
[2026-08-31 11:24:22.650] [758484] [HailoRT] [info] [vstream_builder.cpp:220] [create_outputs] Output pipeline 'scrfd_2_5g/conv43': HW >> (HwReadEl0scrfd_2_5g/conv43 | hw_frame_size: 51200) >> (PullQEl_hw_read0scrfd_2_5g/conv43) >> (PostInferEl0scrfd_2_5g/conv43 | Quantization - src_type: UINT8, dst_type FLOAT32, limvals_min: -0.0793963, limvals_max: 4.98212) >> (UserBuffQEl0scrfd_2_5g/conv43 | timeout: 10s)
[2026-08-31 11:24:22.650] [758484] [HailoRT] [info] [edge_elements.cpp:287] [create] Created (HwReadEl2scrfd_2_5g/conv44 | hw_frame_size: 153600)
[2026-08-31 11:24:22.650] [758484] [HailoRT] [info] [queue_elements.cpp:657] [create] Created (PullQEl_hw_read2scrfd_2_5g/conv44)
[2026-08-31 11:24:22.650] [758484] [HailoRT] [info] [filter_elements.cpp:372] [create] Created (PostInferEl2scrfd_2_5g/conv44 | Quantization - src_type: UINT8, dst_type FLOAT32, limvals_min: -3.16292, limvals_max: 3.50274 | Reorder - src_order: FCR, src_shape: (80, 80, 24), dst_order: FCR, dst_shape: (80, 80, 20))
[2026-08-31 11:24:22.650] [758484] [HailoRT] [info] [queue_elements.cpp:800] [create] Created (UserBuffQEl2scrfd_2_5g/conv44 | timeout: 10s)
[2026-08-31 11:24:22.650] [758484] [HailoRT] [info] [vstream.cpp:1114] [OutputVStreamImpl] Creating scrfd_2_5g/conv44...
[2026-08-31 11:24:22.650] [758484] [HailoRT] [info] [vstream_builder.cpp:220] [create_outputs] Output pipeline 'scrfd_2_5g/conv44': HW >> (HwReadEl2scrfd_2_5g/conv44 | hw_frame_size: 153600) >> (PullQEl_hw_read2scrfd_2_5g/conv44) >> (PostInferEl2scrfd_2_5g/conv44 | Quantization - src_type: UINT8, dst_type FLOAT32, limvals_min: -3.16292, limvals_max: 3.50274 | Reorder - src_order: FCR, src_shape: (80, 80, 24), dst_order: FCR, dst_shape: (80, 80, 20)) >> (UserBuffQEl2scrfd_2_5g/conv44 | timeout: 10s)
[2026-08-31 11:24:22.650] [758484] [HailoRT] [info] [edge_elements.cpp:287] [create] Created (HwReadEl14scrfd_2_5g/conv49 | hw_frame_size: 3200)
[2026-08-31 11:24:22.650] [758484] [HailoRT] [info] [queue_elements.cpp:657] [create] Created (PullQEl_hw_read14scrfd_2_5g/conv49)
[2026-08-31 11:24:22.650] [758484] [HailoRT] [info] [filter_elements.cpp:372] [create] Created (PostInferEl14scrfd_2_5g/conv49 | Quantization - src_type: UINT8, dst_type FLOAT32, limvals_min: 0, limvals_max: 1)
[2026-08-31 11:24:22.651] [758484] [HailoRT] [info] [queue_elements.cpp:800] [create] Created (UserBuffQEl14scrfd_2_5g/conv49 | timeout: 10s)
[2026-08-31 11:24:22.651] [758484] [HailoRT] [info] [vstream.cpp:1114] [OutputVStreamImpl] Creating scrfd_2_5g/conv49...
[2026-08-31 11:24:22.651] [758484] [HailoRT] [info] [vstream_builder.cpp:220] [create_outputs] Output pipeline 'scrfd_2_5g/conv49': HW >> (HwReadEl14scrfd_2_5g/conv49 | hw_frame_size: 3200) >> (PullQEl_hw_read14scrfd_2_5g/conv49) >> (PostInferEl14scrfd_2_5g/conv49 | Quantization - src_type: UINT8, dst_type FLOAT32, limvals_min: 0, limvals_max: 1) >> (UserBuffQEl14scrfd_2_5g/conv49 | timeout: 10s)
[2026-08-31 11:24:22.651] [758484] [HailoRT] [info] [edge_elements.cpp:287] [create] Created (HwReadEl12scrfd_2_5g/conv50 | hw_frame_size: 12800)
[2026-08-31 11:24:22.651] [758484] [HailoRT] [info] [queue_elements.cpp:657] [create] Created (PullQEl_hw_read12scrfd_2_5g/conv50)
[2026-08-31 11:24:22.651] [758484] [HailoRT] [info] [filter_elements.cpp:372] [create] Created (PostInferEl12scrfd_2_5g/conv50 | Quantization - src_type: UINT8, dst_type FLOAT32, limvals_min: 0, limvals_max: 8.10626)
[2026-08-31 11:24:22.651] [758484] [HailoRT] [info] [queue_elements.cpp:800] [create] Created (UserBuffQEl12scrfd_2_5g/conv50 | timeout: 10s)
[2026-08-31 11:24:22.651] [758484] [HailoRT] [info] [vstream.cpp:1114] [OutputVStreamImpl] Creating scrfd_2_5g/conv50...
[2026-08-31 11:24:22.651] [758484] [HailoRT] [info] [vstream_builder.cpp:220] [create_outputs] Output pipeline 'scrfd_2_5g/conv50': HW >> (HwReadEl12scrfd_2_5g/conv50 | hw_frame_size: 12800) >> (PullQEl_hw_read12scrfd_2_5g/conv50) >> (PostInferEl12scrfd_2_5g/conv50 | Quantization - src_type: UINT8, dst_type FLOAT32, limvals_min: 0, limvals_max: 8.10626) >> (UserBuffQEl12scrfd_2_5g/conv50 | timeout: 10s)
[2026-08-31 11:24:22.651] [758484] [HailoRT] [info] [edge_elements.cpp:287] [create] Created (HwReadEl1scrfd_2_5g/conv51 | hw_frame_size: 38400)
[2026-08-31 11:24:22.651] [758484] [HailoRT] [info] [queue_elements.cpp:657] [create] Created (PullQEl_hw_read1scrfd_2_5g/conv51)
[2026-08-31 11:24:22.651] [758484] [HailoRT] [info] [filter_elements.cpp:372] [create] Created (PostInferEl1scrfd_2_5g/conv51 | Quantization - src_type: UINT8, dst_type FLOAT32, limvals_min: -4.24698, limvals_max: 5.17024 | Reorder - src_order: FCR, src_shape: (40, 40, 24), dst_order: FCR, dst_shape: (40, 40, 20))
[2026-08-31 11:24:22.651] [758484] [HailoRT] [info] [queue_elements.cpp:800] [create] Created (UserBuffQEl1scrfd_2_5g/conv51 | timeout: 10s)
[2026-08-31 11:24:22.651] [758484] [HailoRT] [info] [vstream.cpp:1114] [OutputVStreamImpl] Creating scrfd_2_5g/conv51...
[2026-08-31 11:24:22.651] [758484] [HailoRT] [info] [vstream_builder.cpp:220] [create_outputs] Output pipeline 'scrfd_2_5g/conv51': HW >> (HwReadEl1scrfd_2_5g/conv51 | hw_frame_size: 38400) >> (PullQEl_hw_read1scrfd_2_5g/conv51) >> (PostInferEl1scrfd_2_5g/conv51 | Quantization - src_type: UINT8, dst_type FLOAT32, limvals_min: -4.24698, limvals_max: 5.17024 | Reorder - src_order: FCR, src_shape: (40, 40, 24), dst_order: FCR, dst_shape: (40, 40, 20)) >> (UserBuffQEl1scrfd_2_5g/conv51 | timeout: 10s)
[2026-08-31 11:24:22.651] [758484] [HailoRT] [info] [edge_elements.cpp:287] [create] Created (HwReadEl10scrfd_2_5g/conv55 | hw_frame_size: 800)
[2026-08-31 11:24:22.652] [758484] [HailoRT] [info] [queue_elements.cpp:657] [create] Created (PullQEl_hw_read10scrfd_2_5g/conv55)
[2026-08-31 11:24:22.652] [758484] [HailoRT] [info] [filter_elements.cpp:372] [create] Created (PostInferEl10scrfd_2_5g/conv55 | Quantization - src_type: UINT8, dst_type FLOAT32, limvals_min: 0, limvals_max: 1 | Reorder - src_order: NHCW, src_shape: (20, 20, 2), dst_order: NHWC, dst_shape: (20, 20, 2))
[2026-08-31 11:24:22.652] [758484] [HailoRT] [info] [queue_elements.cpp:800] [create] Created (UserBuffQEl10scrfd_2_5g/conv55 | timeout: 10s)
[2026-08-31 11:24:22.652] [758484] [HailoRT] [info] [vstream.cpp:1114] [OutputVStreamImpl] Creating scrfd_2_5g/conv55...
[2026-08-31 11:24:22.652] [758484] [HailoRT] [info] [vstream_builder.cpp:220] [create_outputs] Output pipeline 'scrfd_2_5g/conv55': HW >> (HwReadEl10scrfd_2_5g/conv55 | hw_frame_size: 800) >> (PullQEl_hw_read10scrfd_2_5g/conv55) >> (PostInferEl10scrfd_2_5g/conv55 | Quantization - src_type: UINT8, dst_type FLOAT32, limvals_min: 0, limvals_max: 1 | Reorder - src_order: NHCW, src_shape: (20, 20, 2), dst_order: NHWC, dst_shape: (20, 20, 2)) >> (UserBuffQEl10scrfd_2_5g/conv55 | timeout: 10s)
[2026-08-31 11:24:22.652] [758484] [HailoRT] [info] [edge_elements.cpp:287] [create] Created (HwReadEl9scrfd_2_5g/conv56 | hw_frame_size: 3200)
[2026-08-31 11:24:22.652] [758484] [HailoRT] [info] [queue_elements.cpp:657] [create] Created (PullQEl_hw_read9scrfd_2_5g/conv56)
[2026-08-31 11:24:22.652] [758484] [HailoRT] [info] [filter_elements.cpp:372] [create] Created (PostInferEl9scrfd_2_5g/conv56 | Quantization - src_type: UINT8, dst_type FLOAT32, limvals_min: -0.0299247, limvals_max: 7.60086 | Reorder - src_order: NHCW, src_shape: (20, 20, 8), dst_order: NHWC, dst_shape: (20, 20, 8))
[2026-08-31 11:24:22.652] [758484] [HailoRT] [info] [queue_elements.cpp:800] [create] Created (UserBuffQEl9scrfd_2_5g/conv56 | timeout: 10s)
[2026-08-31 11:24:22.652] [758484] [HailoRT] [info] [vstream.cpp:1114] [OutputVStreamImpl] Creating scrfd_2_5g/conv56...
[2026-08-31 11:24:22.652] [758484] [HailoRT] [info] [vstream_builder.cpp:220] [create_outputs] Output pipeline 'scrfd_2_5g/conv56': HW >> (HwReadEl9scrfd_2_5g/conv56 | hw_frame_size: 3200) >> (PullQEl_hw_read9scrfd_2_5g/conv56) >> (PostInferEl9scrfd_2_5g/conv56 | Quantization - src_type: UINT8, dst_type FLOAT32, limvals_min: -0.0299247, limvals_max: 7.60086 | Reorder - src_order: NHCW, src_shape: (20, 20, 8), dst_order: NHWC, dst_shape: (20, 20, 8)) >> (UserBuffQEl9scrfd_2_5g/conv56 | timeout: 10s)
[2026-08-31 11:24:22.652] [758484] [HailoRT] [info] [edge_elements.cpp:287] [create] Created (HwReadEl13scrfd_2_5g/conv57 | hw_frame_size: 9600)
[2026-08-31 11:24:22.652] [758484] [HailoRT] [info] [queue_elements.cpp:657] [create] Created (PullQEl_hw_read13scrfd_2_5g/conv57)
[2026-08-31 11:24:22.653] [758484] [HailoRT] [info] [filter_elements.cpp:372] [create] Created (PostInferEl13scrfd_2_5g/conv57 | Quantization - src_type: UINT8, dst_type FLOAT32, limvals_min: -4.03285, limvals_max: 5.14908 | Reorder - src_order: FCR, src_shape: (20, 20, 24), dst_order: FCR, dst_shape: (20, 20, 20))
[2026-08-31 11:24:22.653] [758484] [HailoRT] [info] [queue_elements.cpp:800] [create] Created (UserBuffQEl13scrfd_2_5g/conv57 | timeout: 10s)
[2026-08-31 11:24:22.653] [758484] [HailoRT] [info] [vstream.cpp:1114] [OutputVStreamImpl] Creating scrfd_2_5g/conv57...
[2026-08-31 11:24:22.653] [758484] [HailoRT] [info] [vstream_builder.cpp:220] [create_outputs] Output pipeline 'scrfd_2_5g/conv57': HW >> (HwReadEl13scrfd_2_5g/conv57 | hw_frame_size: 9600) >> (PullQEl_hw_read13scrfd_2_5g/conv57) >> (PostInferEl13scrfd_2_5g/conv57 | Quantization - src_type: UINT8, dst_type FLOAT32, limvals_min: -4.03285, limvals_max: 5.14908 | Reorder - src_order: FCR, src_shape: (20, 20, 24), dst_order: FCR, dst_shape: (20, 20, 20)) >> (UserBuffQEl13scrfd_2_5g/conv57 | timeout: 10s)
[2026-08-31 11:24:22.654] [758484] [HailoRT] [info] [core_op.cpp:156] [activate] Activating scrfd_2_5g took 1.004588 milliseconds. Note that the function is asynchronous and thus the network is not fully activated yet.
[2026-08-31 11:24:22.654] [758484] [HailoRT] [info] [core_op.cpp:156] [activate] Activating scrfd_2_5g took 1.023571 milliseconds. Note that the function is asynchronous and thus the network is not fully activated yet.
[2026-08-31 11:24:22.661] [1216968] [HailoRT] [info] [vdevice_native_stream.cpp:331] [read_impl] Failed read from stream HAILO_STREAM_NOT_ACTIVATED(72) (device: 0001:01:00.0)
[2026-08-31 11:24:22.661] [1216982] [HailoRT] [info] [vdevice_native_stream.cpp:331] [read_impl] Failed read from stream HAILO_STREAM_NOT_ACTIVATED(72) (device: 0001:01:00.0)
[2026-08-31 11:24:22.661] [1216966] [HailoRT] [info] [vdevice_native_stream.cpp:331] [read_impl] Failed read from stream HAILO_STREAM_NOT_ACTIVATED(72) (device: 0001:01:00.0)
[2026-08-31 11:24:22.661] [1216970] [HailoRT] [info] [vdevice_native_stream.cpp:331] [read_impl] Failed read from stream HAILO_STREAM_NOT_ACTIVATED(72) (device: 0001:01:00.0)
[2026-08-31 11:24:22.661] [1216972] [HailoRT] [info] [vdevice_native_stream.cpp:331] [read_impl] Failed read from stream HAILO_STREAM_NOT_ACTIVATED(72) (device: 0001:01:00.0)
[2026-08-31 11:24:22.661] [1216974] [HailoRT] [info] [vdevice_native_stream.cpp:331] [read_impl] Failed read from stream HAILO_STREAM_NOT_ACTIVATED(72) (device: 0001:01:00.0)
[2026-08-31 11:24:22.662] [1216976] [HailoRT] [info] [vdevice_native_stream.cpp:331] [read_impl] Failed read from stream HAILO_STREAM_NOT_ACTIVATED(72) (device: 0001:01:00.0)
[2026-08-31 11:24:22.662] [1216978] [HailoRT] [info] [vdevice_native_stream.cpp:331] [read_impl] Failed read from stream HAILO_STREAM_NOT_ACTIVATED(72) (device: 0001:01:00.0)
[2026-08-31 11:24:22.662] [1216980] [HailoRT] [info] [vdevice_native_stream.cpp:331] [read_impl] Failed read from stream HAILO_STREAM_NOT_ACTIVATED(72) (device: 0001:01:00.0)
[2026-08-31 11:24:22.662] [758484] [HailoRT] [info] [core_op.cpp:186] [deactivate] Deactivating took 1.082034 ms
[2026-08-31 11:24:22.662] [758484] [HailoRT] [info] [core_op.cpp:186] [deactivate] Deactivating took 1.107682 ms
[2026-08-31 11:24:22.662] [1216966] [HailoRT] [info] [queue_elements.cpp:734] [run_in_thread] Shutdown event was signaled in run_pull of queue element PullQEl_hw_read3scrfd_2_5g/conv42!
[2026-08-31 11:24:22.662] [1216967] [HailoRT] [info] [queue_elements.cpp:855] [run_in_thread] Shutdown event was signaled in dequeue of UserBuffQEl3scrfd_2_5g/conv42!
[2026-08-31 11:24:22.662] [1216966] [HailoRT] [info] [queue_elements.cpp:68] [operator()] Thread in element PullQEl_hw_read3scrfd_2_5g/conv42 is not running anymore, exiting..
[2026-08-31 11:24:22.663] [758484] [HailoRT] [info] [queue_elements.cpp:46] [~BaseQueueElement] Queue element PullQEl_hw_read3scrfd_2_5g/conv42 has 0 frames in his Queue on destruction
[2026-08-31 11:24:22.663] [1216967] [HailoRT] [info] [queue_elements.cpp:68] [operator()] Thread in element UserBuffQEl3scrfd_2_5g/conv42 is not running anymore, exiting..
[2026-08-31 11:24:22.663] [758484] [HailoRT] [info] [queue_elements.cpp:46] [~BaseQueueElement] Queue element UserBuffQEl3scrfd_2_5g/conv42 has 0 frames in his Queue on destruction
[2026-08-31 11:24:22.663] [1216969] [HailoRT] [info] [queue_elements.cpp:855] [run_in_thread] Shutdown event was signaled in dequeue of UserBuffQEl0scrfd_2_5g/conv43!
[2026-08-31 11:24:22.663] [1216968] [HailoRT] [info] [queue_elements.cpp:734] [run_in_thread] Shutdown event was signaled in run_pull of queue element PullQEl_hw_read0scrfd_2_5g/conv43!
[2026-08-31 11:24:22.663] [1216968] [HailoRT] [info] [queue_elements.cpp:68] [operator()] Thread in element PullQEl_hw_read0scrfd_2_5g/conv43 is not running anymore, exiting..
[2026-08-31 11:24:22.663] [758484] [HailoRT] [info] [queue_elements.cpp:46] [~BaseQueueElement] Queue element PullQEl_hw_read0scrfd_2_5g/conv43 has 0 frames in his Queue on destruction
[2026-08-31 11:24:22.663] [1216969] [HailoRT] [info] [queue_elements.cpp:68] [operator()] Thread in element UserBuffQEl0scrfd_2_5g/conv43 is not running anymore, exiting..
[2026-08-31 11:24:22.663] [758484] [HailoRT] [info] [queue_elements.cpp:46] [~BaseQueueElement] Queue element UserBuffQEl0scrfd_2_5g/conv43 has 0 frames in his Queue on destruction
[2026-08-31 11:24:22.663] [1216970] [HailoRT] [info] [queue_elements.cpp:734] [run_in_thread] Shutdown event was signaled in run_pull of queue element PullQEl_hw_read2scrfd_2_5g/conv44!
[2026-08-31 11:24:22.663] [1216971] [HailoRT] [info] [queue_elements.cpp:855] [run_in_thread] Shutdown event was signaled in dequeue of UserBuffQEl2scrfd_2_5g/conv44!
[2026-08-31 11:24:22.663] [1216970] [HailoRT] [info] [queue_elements.cpp:68] [operator()] Thread in element PullQEl_hw_read2scrfd_2_5g/conv44 is not running anymore, exiting..
[2026-08-31 11:24:22.663] [758484] [HailoRT] [info] [queue_elements.cpp:46] [~BaseQueueElement] Queue element PullQEl_hw_read2scrfd_2_5g/conv44 has 0 frames in his Queue on destruction
[2026-08-31 11:24:22.663] [1216971] [HailoRT] [info] [queue_elements.cpp:68] [operator()] Thread in element UserBuffQEl2scrfd_2_5g/conv44 is not running anymore, exiting..
[2026-08-31 11:24:22.663] [758484] [HailoRT] [info] [queue_elements.cpp:46] [~BaseQueueElement] Queue element UserBuffQEl2scrfd_2_5g/conv44 has 0 frames in his Queue on destruction
[2026-08-31 11:24:22.663] [1216972] [HailoRT] [info] [queue_elements.cpp:734] [run_in_thread] Shutdown event was signaled in run_pull of queue element PullQEl_hw_read14scrfd_2_5g/conv49!
[2026-08-31 11:24:22.663] [1216973] [HailoRT] [info] [queue_elements.cpp:855] [run_in_thread] Shutdown event was signaled in dequeue of UserBuffQEl14scrfd_2_5g/conv49!
[2026-08-31 11:24:22.664] [1216972] [HailoRT] [info] [queue_elements.cpp:68] [operator()] Thread in element PullQEl_hw_read14scrfd_2_5g/conv49 is not running anymore, exiting..
[2026-08-31 11:24:22.664] [758484] [HailoRT] [info] [queue_elements.cpp:46] [~BaseQueueElement] Queue element PullQEl_hw_read14scrfd_2_5g/conv49 has 0 frames in his Queue on destruction
[2026-08-31 11:24:22.664] [1216973] [HailoRT] [info] [queue_elements.cpp:68] [operator()] Thread in element UserBuffQEl14scrfd_2_5g/conv49 is not running anymore, exiting..
[2026-08-31 11:24:22.664] [758484] [HailoRT] [info] [queue_elements.cpp:46] [~BaseQueueElement] Queue element UserBuffQEl14scrfd_2_5g/conv49 has 0 frames in his Queue on destruction
[2026-08-31 11:24:22.664] [1216975] [HailoRT] [info] [queue_elements.cpp:855] [run_in_thread] Shutdown event was signaled in dequeue of UserBuffQEl12scrfd_2_5g/conv50!
[2026-08-31 11:24:22.664] [1216974] [HailoRT] [info] [queue_elements.cpp:734] [run_in_thread] Shutdown event was signaled in run_pull of queue element PullQEl_hw_read12scrfd_2_5g/conv50!
[2026-08-31 11:24:22.664] [1216974] [HailoRT] [info] [queue_elements.cpp:68] [operator()] Thread in element PullQEl_hw_read12scrfd_2_5g/conv50 is not running anymore, exiting..
[2026-08-31 11:24:22.664] [758484] [HailoRT] [info] [queue_elements.cpp:46] [~BaseQueueElement] Queue element PullQEl_hw_read12scrfd_2_5g/conv50 has 0 frames in his Queue on destruction
[2026-08-31 11:24:22.664] [1216975] [HailoRT] [info] [queue_elements.cpp:68] [operator()] Thread in element UserBuffQEl12scrfd_2_5g/conv50 is not running anymore, exiting..
[2026-08-31 11:24:22.664] [758484] [HailoRT] [info] [queue_elements.cpp:46] [~BaseQueueElement] Queue element UserBuffQEl12scrfd_2_5g/conv50 has 0 frames in his Queue on destruction
[2026-08-31 11:24:22.664] [1216976] [HailoRT] [info] [queue_elements.cpp:734] [run_in_thread] Shutdown event was signaled in run_pull of queue element PullQEl_hw_read1scrfd_2_5g/conv51!
[2026-08-31 11:24:22.664] [1216977] [HailoRT] [info] [queue_elements.cpp:855] [run_in_thread] Shutdown event was signaled in dequeue of UserBuffQEl1scrfd_2_5g/conv51!
[2026-08-31 11:24:22.664] [1216976] [HailoRT] [info] [queue_elements.cpp:68] [operator()] Thread in element PullQEl_hw_read1scrfd_2_5g/conv51 is not running anymore, exiting..
[2026-08-31 11:24:22.664] [758484] [HailoRT] [info] [queue_elements.cpp:46] [~BaseQueueElement] Queue element PullQEl_hw_read1scrfd_2_5g/conv51 has 0 frames in his Queue on destruction
[2026-08-31 11:24:22.664] [1216977] [HailoRT] [info] [queue_elements.cpp:68] [operator()] Thread in element UserBuffQEl1scrfd_2_5g/conv51 is not running anymore, exiting..
[2026-08-31 11:24:22.664] [758484] [HailoRT] [info] [queue_elements.cpp:46] [~BaseQueueElement] Queue element UserBuffQEl1scrfd_2_5g/conv51 has 0 frames in his Queue on destruction
[2026-08-31 11:24:22.664] [1216979] [HailoRT] [info] [queue_elements.cpp:855] [run_in_thread] Shutdown event was signaled in dequeue of UserBuffQEl10scrfd_2_5g/conv55!
[2026-08-31 11:24:22.664] [1216978] [HailoRT] [info] [queue_elements.cpp:734] [run_in_thread] Shutdown event was signaled in run_pull of queue element PullQEl_hw_read10scrfd_2_5g/conv55!
[2026-08-31 11:24:22.664] [1216978] [HailoRT] [info] [queue_elements.cpp:68] [operator()] Thread in element PullQEl_hw_read10scrfd_2_5g/conv55 is not running anymore, exiting..
[2026-08-31 11:24:22.664] [758484] [HailoRT] [info] [queue_elements.cpp:46] [~BaseQueueElement] Queue element PullQEl_hw_read10scrfd_2_5g/conv55 has 0 frames in his Queue on destruction
[2026-08-31 11:24:22.664] [1216979] [HailoRT] [info] [queue_elements.cpp:68] [operator()] Thread in element UserBuffQEl10scrfd_2_5g/conv55 is not running anymore, exiting..
[2026-08-31 11:24:22.665] [758484] [HailoRT] [info] [queue_elements.cpp:46] [~BaseQueueElement] Queue element UserBuffQEl10scrfd_2_5g/conv55 has 0 frames in his Queue on destruction
[2026-08-31 11:24:22.665] [1216981] [HailoRT] [info] [queue_elements.cpp:855] [run_in_thread] Shutdown event was signaled in dequeue of UserBuffQEl9scrfd_2_5g/conv56!
[2026-08-31 11:24:22.665] [1216980] [HailoRT] [info] [queue_elements.cpp:734] [run_in_thread] Shutdown event was signaled in run_pull of queue element PullQEl_hw_read9scrfd_2_5g/conv56!
[2026-08-31 11:24:22.665] [1216980] [HailoRT] [info] [queue_elements.cpp:68] [operator()] Thread in element PullQEl_hw_read9scrfd_2_5g/conv56 is not running anymore, exiting..
[2026-08-31 11:24:22.665] [758484] [HailoRT] [info] [queue_elements.cpp:46] [~BaseQueueElement] Queue element PullQEl_hw_read9scrfd_2_5g/conv56 has 0 frames in his Queue on destruction
[2026-08-31 11:24:22.665] [1216981] [HailoRT] [info] [queue_elements.cpp:68] [operator()] Thread in element UserBuffQEl9scrfd_2_5g/conv56 is not running anymore, exiting..
[2026-08-31 11:24:22.665] [758484] [HailoRT] [info] [queue_elements.cpp:46] [~BaseQueueElement] Queue element UserBuffQEl9scrfd_2_5g/conv56 has 0 frames in his Queue on destruction
[2026-08-31 11:24:22.665] [1216982] [HailoRT] [info] [queue_elements.cpp:734] [run_in_thread] Shutdown event was signaled in run_pull of queue element PullQEl_hw_read13scrfd_2_5g/conv57!
[2026-08-31 11:24:22.665] [1216983] [HailoRT] [info] [queue_elements.cpp:855] [run_in_thread] Shutdown event was signaled in dequeue of UserBuffQEl13scrfd_2_5g/conv57!
[2026-08-31 11:24:22.665] [1216982] [HailoRT] [info] [queue_elements.cpp:68] [operator()] Thread in element PullQEl_hw_read13scrfd_2_5g/conv57 is not running anymore, exiting..
[2026-08-31 11:24:22.665] [758484] [HailoRT] [info] [queue_elements.cpp:46] [~BaseQueueElement] Queue element PullQEl_hw_read13scrfd_2_5g/conv57 has 0 frames in his Queue on destruction
[2026-08-31 11:24:22.665] [1216983] [HailoRT] [info] [queue_elements.cpp:68] [operator()] Thread in element UserBuffQEl13scrfd_2_5g/conv57 is not running anymore, exiting..
[2026-08-31 11:24:22.665] [758484] [HailoRT] [info] [queue_elements.cpp:46] [~BaseQueueElement] Queue element UserBuffQEl13scrfd_2_5g/conv57 has 0 frames in his Queue on destruction
[2026-08-31 11:24:22.720] [758484] [HailoRT] [info] [edge_elements.cpp:52] [create] Created (HwWriteEl3scrfd_2_5g/input_layer1 | hw_frame_size: 1228800)
[2026-08-31 11:24:22.720] [758484] [HailoRT] [info] [vstream.cpp:754] [InputVStreamImpl] Creating scrfd_2_5g/input_layer1...
[2026-08-31 11:24:22.720] [758484] [HailoRT] [info] [vstream_builder.cpp:102] [create_inputs] Input pipeline 'scrfd_2_5g/input_layer1': (HwWriteEl3scrfd_2_5g/input_layer1 | hw_frame_size: 1228800) >> HW
[2026-08-31 11:24:22.720] [758484] [HailoRT] [info] [edge_elements.cpp:287] [create] Created (HwReadEl3scrfd_2_5g/conv42 | hw_frame_size: 12800)
[2026-08-31 11:24:22.720] [758484] [HailoRT] [info] [queue_elements.cpp:657] [create] Created (PullQEl_hw_read3scrfd_2_5g/conv42)
[2026-08-31 11:24:22.720] [758484] [HailoRT] [info] [filter_elements.cpp:372] [create] Created (PostInferEl3scrfd_2_5g/conv42 | Quantization - src_type: UINT8, dst_type FLOAT32, limvals_min: 0, limvals_max: 1)
[2026-08-31 11:24:22.720] [758484] [HailoRT] [info] [queue_elements.cpp:800] [create] Created (UserBuffQEl3scrfd_2_5g/conv42 | timeout: 10s)
[2026-08-31 11:24:22.720] [758484] [HailoRT] [info] [vstream.cpp:1114] [OutputVStreamImpl] Creating scrfd_2_5g/conv42...
[2026-08-31 11:24:22.720] [758484] [HailoRT] [info] [vstream_builder.cpp:220] [create_outputs] Output pipeline 'scrfd_2_5g/conv42': HW >> (HwReadEl3scrfd_2_5g/conv42 | hw_frame_size: 12800) >> (PullQEl_hw_read3scrfd_2_5g/conv42) >> (PostInferEl3scrfd_2_5g/conv42 | Quantization - src_type: UINT8, dst_type FLOAT32, limvals_min: 0, limvals_max: 1) >> (UserBuffQEl3scrfd_2_5g/conv42 | timeout: 10s)
[2026-08-31 11:24:22.721] [758484] [HailoRT] [info] [edge_elements.cpp:287] [create] Created (HwReadEl0scrfd_2_5g/conv43 | hw_frame_size: 51200)
[2026-08-31 11:24:22.721] [758484] [HailoRT] [info] [queue_elements.cpp:657] [create] Created (PullQEl_hw_read0scrfd_2_5g/conv43)
[2026-08-31 11:24:22.721] [758484] [HailoRT] [info] [filter_elements.cpp:372] [create] Created (PostInferEl0scrfd_2_5g/conv43 | Quantization - src_type: UINT8, dst_type FLOAT32, limvals_min: -0.0793963, limvals_max: 4.98212)
[2026-08-31 11:24:22.723] [758484] [HailoRT] [info] [queue_elements.cpp:800] [create] Created (UserBuffQEl0scrfd_2_5g/conv43 | timeout: 10s)
[2026-08-31 11:24:22.723] [758484] [HailoRT] [info] [vstream.cpp:1114] [OutputVStreamImpl] Creating scrfd_2_5g/conv43...
[2026-08-31 11:24:22.723] [758484] [HailoRT] [info] [vstream_builder.cpp:220] [create_outputs] Output pipeline 'scrfd_2_5g/conv43': HW >> (HwReadEl0scrfd_2_5g/conv43 | hw_frame_size: 51200) >> (PullQEl_hw_read0scrfd_2_5g/conv43) >> (PostInferEl0scrfd_2_5g/conv43 | Quantization - src_type: UINT8, dst_type FLOAT32, limvals_min: -0.0793963, limvals_max: 4.98212) >> (UserBuffQEl0scrfd_2_5g/conv43 | timeout: 10s)
[2026-08-31 11:24:22.723] [758484] [HailoRT] [info] [edge_elements.cpp:287] [create] Created (HwReadEl2scrfd_2_5g/conv44 | hw_frame_size: 153600)
[2026-08-31 11:24:22.723] [758484] [HailoRT] [info] [queue_elements.cpp:657] [create] Created (PullQEl_hw_read2scrfd_2_5g/conv44)
[2026-08-31 11:24:22.723] [758484] [HailoRT] [info] [filter_elements.cpp:372] [create] Created (PostInferEl2scrfd_2_5g/conv44 | Quantization - src_type: UINT8, dst_type FLOAT32, limvals_min: -3.16292, limvals_max: 3.50274 | Reorder - src_order: FCR, src_shape: (80, 80, 24), dst_order: FCR, dst_shape: (80, 80, 20))
[2026-08-31 11:24:22.724] [758484] [HailoRT] [info] [queue_elements.cpp:800] [create] Created (UserBuffQEl2scrfd_2_5g/conv44 | timeout: 10s)
[2026-08-31 11:24:22.724] [758484] [HailoRT] [info] [vstream.cpp:1114] [OutputVStreamImpl] Creating scrfd_2_5g/conv44...
[2026-08-31 11:24:22.725] [758484] [HailoRT] [info] [vstream_builder.cpp:220] [create_outputs] Output pipeline 'scrfd_2_5g/conv44': HW >> (HwReadEl2scrfd_2_5g/conv44 | hw_frame_size: 153600) >> (PullQEl_hw_read2scrfd_2_5g/conv44) >> (PostInferEl2scrfd_2_5g/conv44 | Quantization - src_type: UINT8, dst_type FLOAT32, limvals_min: -3.16292, limvals_max: 3.50274 | Reorder - src_order: FCR, src_shape: (80, 80, 24), dst_order: FCR, dst_shape: (80, 80, 20)) >> (UserBuffQEl2scrfd_2_5g/conv44 | timeout: 10s)
[2026-08-31 11:24:22.725] [758484] [HailoRT] [info] [edge_elements.cpp:287] [create] Created (HwReadEl14scrfd_2_5g/conv49 | hw_frame_size: 3200)
[2026-08-31 11:24:22.725] [758484] [HailoRT] [info] [queue_elements.cpp:657] [create] Created (PullQEl_hw_read14scrfd_2_5g/conv49)
[2026-08-31 11:24:22.725] [758484] [HailoRT] [info] [filter_elements.cpp:372] [create] Created (PostInferEl14scrfd_2_5g/conv49 | Quantization - src_type: UINT8, dst_type FLOAT32, limvals_min: 0, limvals_max: 1)
[2026-08-31 11:24:22.726] [758484] [HailoRT] [info] [queue_elements.cpp:800] [create] Created (UserBuffQEl14scrfd_2_5g/conv49 | timeout: 10s)
[2026-08-31 11:24:22.727] [758484] [HailoRT] [info] [vstream.cpp:1114] [OutputVStreamImpl] Creating scrfd_2_5g/conv49...
[2026-08-31 11:24:22.727] [758484] [HailoRT] [info] [vstream_builder.cpp:220] [create_outputs] Output pipeline 'scrfd_2_5g/conv49': HW >> (HwReadEl14scrfd_2_5g/conv49 | hw_frame_size: 3200) >> (PullQEl_hw_read14scrfd_2_5g/conv49) >> (PostInferEl14scrfd_2_5g/conv49 | Quantization - src_type: UINT8, dst_type FLOAT32, limvals_min: 0, limvals_max: 1) >> (UserBuffQEl14scrfd_2_5g/conv49 | timeout: 10s)
[2026-08-31 11:24:22.727] [758484] [HailoRT] [info] [edge_elements.cpp:287] [create] Created (HwReadEl12scrfd_2_5g/conv50 | hw_frame_size: 12800)
[2026-08-31 11:24:22.727] [758484] [HailoRT] [info] [queue_elements.cpp:657] [create] Created (PullQEl_hw_read12scrfd_2_5g/conv50)
[2026-08-31 11:24:22.727] [758484] [HailoRT] [info] [filter_elements.cpp:372] [create] Created (PostInferEl12scrfd_2_5g/conv50 | Quantization - src_type: UINT8, dst_type FLOAT32, limvals_min: 0, limvals_max: 8.10626)
[2026-08-31 11:24:22.727] [758484] [HailoRT] [info] [queue_elements.cpp:800] [create] Created (UserBuffQEl12scrfd_2_5g/conv50 | timeout: 10s)
[2026-08-31 11:24:22.727] [758484] [HailoRT] [info] [vstream.cpp:1114] [OutputVStreamImpl] Creating scrfd_2_5g/conv50...
[2026-08-31 11:24:22.727] [758484] [HailoRT] [info] [vstream_builder.cpp:220] [create_outputs] Output pipeline 'scrfd_2_5g/conv50': HW >> (HwReadEl12scrfd_2_5g/conv50 | hw_frame_size: 12800) >> (PullQEl_hw_read12scrfd_2_5g/conv50) >> (PostInferEl12scrfd_2_5g/conv50 | Quantization - src_type: UINT8, dst_type FLOAT32, limvals_min: 0, limvals_max: 8.10626) >> (UserBuffQEl12scrfd_2_5g/conv50 | timeout: 10s)
[2026-08-31 11:24:22.727] [758484] [HailoRT] [info] [edge_elements.cpp:287] [create] Created (HwReadEl1scrfd_2_5g/conv51 | hw_frame_size: 38400)
[2026-08-31 11:24:22.727] [758484] [HailoRT] [info] [queue_elements.cpp:657] [create] Created (PullQEl_hw_read1scrfd_2_5g/conv51)
[2026-08-31 11:24:22.727] [758484] [HailoRT] [info] [filter_elements.cpp:372] [create] Created (PostInferEl1scrfd_2_5g/conv51 | Quantization - src_type: UINT8, dst_type FLOAT32, limvals_min: -4.24698, limvals_max: 5.17024 | Reorder - src_order: FCR, src_shape: (40, 40, 24), dst_order: FCR, dst_shape: (40, 40, 20))
[2026-08-31 11:24:22.727] [758484] [HailoRT] [info] [queue_elements.cpp:800] [create] Created (UserBuffQEl1scrfd_2_5g/conv51 | timeout: 10s)
[2026-08-31 11:24:22.727] [758484] [HailoRT] [info] [vstream.cpp:1114] [OutputVStreamImpl] Creating scrfd_2_5g/conv51...
[2026-08-31 11:24:22.727] [758484] [HailoRT] [info] [vstream_builder.cpp:220] [create_outputs] Output pipeline 'scrfd_2_5g/conv51': HW >> (HwReadEl1scrfd_2_5g/conv51 | hw_frame_size: 38400) >> (PullQEl_hw_read1scrfd_2_5g/conv51) >> (PostInferEl1scrfd_2_5g/conv51 | Quantization - src_type: UINT8, dst_type FLOAT32, limvals_min: -4.24698, limvals_max: 5.17024 | Reorder - src_order: FCR, src_shape: (40, 40, 24), dst_order: FCR, dst_shape: (40, 40, 20)) >> (UserBuffQEl1scrfd_2_5g/conv51 | timeout: 10s)
[2026-08-31 11:24:22.727] [758484] [HailoRT] [info] [edge_elements.cpp:287] [create] Created (HwReadEl10scrfd_2_5g/conv55 | hw_frame_size: 800)
[2026-08-31 11:24:22.727] [758484] [HailoRT] [info] [queue_elements.cpp:657] [create] Created (PullQEl_hw_read10scrfd_2_5g/conv55)
[2026-08-31 11:24:22.727] [758484] [HailoRT] [info] [filter_elements.cpp:372] [create] Created (PostInferEl10scrfd_2_5g/conv55 | Quantization - src_type: UINT8, dst_type FLOAT32, limvals_min: 0, limvals_max: 1 | Reorder - src_order: NHCW, src_shape: (20, 20, 2), dst_order: NHWC, dst_shape: (20, 20, 2))
[2026-08-31 11:24:22.727] [758484] [HailoRT] [info] [queue_elements.cpp:800] [create] Created (UserBuffQEl10scrfd_2_5g/conv55 | timeout: 10s)
[2026-08-31 11:24:22.727] [758484] [HailoRT] [info] [vstream.cpp:1114] [OutputVStreamImpl] Creating scrfd_2_5g/conv55...
[2026-08-31 11:24:22.727] [758484] [HailoRT] [info] [vstream_builder.cpp:220] [create_outputs] Output pipeline 'scrfd_2_5g/conv55': HW >> (HwReadEl10scrfd_2_5g/conv55 | hw_frame_size: 800) >> (PullQEl_hw_read10scrfd_2_5g/conv55) >> (PostInferEl10scrfd_2_5g/conv55 | Quantization - src_type: UINT8, dst_type FLOAT32, limvals_min: 0, limvals_max: 1 | Reorder - src_order: NHCW, src_shape: (20, 20, 2), dst_order: NHWC, dst_shape: (20, 20, 2)) >> (UserBuffQEl10scrfd_2_5g/conv55 | timeout: 10s)
[2026-08-31 11:24:22.727] [758484] [HailoRT] [info] [edge_elements.cpp:287] [create] Created (HwReadEl9scrfd_2_5g/conv56 | hw_frame_size: 3200)
[2026-08-31 11:24:22.727] [758484] [HailoRT] [info] [queue_elements.cpp:657] [create] Created (PullQEl_hw_read9scrfd_2_5g/conv56)
[2026-08-31 11:24:22.727] [758484] [HailoRT] [info] [filter_elements.cpp:372] [create] Created (PostInferEl9scrfd_2_5g/conv56 | Quantization - src_type: UINT8, dst_type FLOAT32, limvals_min: -0.0299247, limvals_max: 7.60086 | Reorder - src_order: NHCW, src_shape: (20, 20, 8), dst_order: NHWC, dst_shape: (20, 20, 8))
[2026-08-31 11:24:22.728] [758484] [HailoRT] [info] [queue_elements.cpp:800] [create] Created (UserBuffQEl9scrfd_2_5g/conv56 | timeout: 10s)
[2026-08-31 11:24:22.728] [758484] [HailoRT] [info] [vstream.cpp:1114] [OutputVStreamImpl] Creating scrfd_2_5g/conv56...
[2026-08-31 11:24:22.728] [758484] [HailoRT] [info] [vstream_builder.cpp:220] [create_outputs] Output pipeline 'scrfd_2_5g/conv56': HW >> (HwReadEl9scrfd_2_5g/conv56 | hw_frame_size: 3200) >> (PullQEl_hw_read9scrfd_2_5g/conv56) >> (PostInferEl9scrfd_2_5g/conv56 | Quantization - src_type: UINT8, dst_type FLOAT32, limvals_min: -0.0299247, limvals_max: 7.60086 | Reorder - src_order: NHCW, src_shape: (20, 20, 8), dst_order: NHWC, dst_shape: (20, 20, 8)) >> (UserBuffQEl9scrfd_2_5g/conv56 | timeout: 10s)
[2026-08-31 11:24:22.728] [758484] [HailoRT] [info] [edge_elements.cpp:287] [create] Created (HwReadEl13scrfd_2_5g/conv57 | hw_frame_size: 9600)
[2026-08-31 11:24:22.728] [758484] [HailoRT] [info] [queue_elements.cpp:657] [create] Created (PullQEl_hw_read13scrfd_2_5g/conv57)
[2026-08-31 11:24:22.728] [758484] [HailoRT] [info] [filter_elements.cpp:372] [create] Created (PostInferEl13scrfd_2_5g/conv57 | Quantization - src_type: UINT8, dst_type FLOAT32, limvals_min: -4.03285, limvals_max: 5.14908 | Reorder - src_order: FCR, src_shape: (20, 20, 24), dst_order: FCR, dst_shape: (20, 20, 20))
[2026-08-31 11:24:22.728] [758484] [HailoRT] [info] [queue_elements.cpp:800] [create] Created (UserBuffQEl13scrfd_2_5g/conv57 | timeout: 10s)
[2026-08-31 11:24:22.728] [758484] [HailoRT] [info] [vstream.cpp:1114] [OutputVStreamImpl] Creating scrfd_2_5g/conv57...
[2026-08-31 11:24:22.728] [758484] [HailoRT] [info] [vstream_builder.cpp:220] [create_outputs] Output pipeline 'scrfd_2_5g/conv57': HW >> (HwReadEl13scrfd_2_5g/conv57 | hw_frame_size: 9600) >> (PullQEl_hw_read13scrfd_2_5g/conv57) >> (PostInferEl13scrfd_2_5g/conv57 | Quantization - src_type: UINT8, dst_type FLOAT32, limvals_min: -4.03285, limvals_max: 5.14908 | Reorder - src_order: FCR, src_shape: (20, 20, 24), dst_order: FCR, dst_shape: (20, 20, 20)) >> (UserBuffQEl13scrfd_2_5g/conv57 | timeout: 10s)
[2026-08-31 11:24:22.728] [758484] [HailoRT] [info] [core_op.cpp:156] [activate] Activating scrfd_2_5g took 0.613028 milliseconds. Note that the function is asynchronous and thus the network is not fully activated yet.
[2026-08-31 11:24:22.729] [758484] [HailoRT] [info] [core_op.cpp:156] [activate] Activating scrfd_2_5g took 0.623175 milliseconds. Note that the function is asynchronous and thus the network is not fully activated yet.
[2026-08-31 11:24:22.736] [1217010] [HailoRT] [info] [vdevice_native_stream.cpp:331] [read_impl] Failed read from stream HAILO_STREAM_NOT_ACTIVATED(72) (device: 0001:01:00.0)
[2026-08-31 11:24:22.736] [1216996] [HailoRT] [info] [vdevice_native_stream.cpp:331] [read_impl] Failed read from stream HAILO_STREAM_NOT_ACTIVATED(72) (device: 0001:01:00.0)
[2026-08-31 11:24:22.736] [1216998] [HailoRT] [info] [vdevice_native_stream.cpp:331] [read_impl] Failed read from stream HAILO_STREAM_NOT_ACTIVATED(72) (device: 0001:01:00.0)
[2026-08-31 11:24:22.736] [1217000] [HailoRT] [info] [vdevice_native_stream.cpp:331] [read_impl] Failed read from stream HAILO_STREAM_NOT_ACTIVATED(72) (device: 0001:01:00.0)
[2026-08-31 11:24:22.736] [1216994] [HailoRT] [info] [vdevice_native_stream.cpp:331] [read_impl] Failed read from stream HAILO_STREAM_NOT_ACTIVATED(72) (device: 0001:01:00.0)
[2026-08-31 11:24:22.736] [1217002] [HailoRT] [info] [vdevice_native_stream.cpp:331] [read_impl] Failed read from stream HAILO_STREAM_NOT_ACTIVATED(72) (device: 0001:01:00.0)
[2026-08-31 11:24:22.736] [1217004] [HailoRT] [info] [vdevice_native_stream.cpp:331] [read_impl] Failed read from stream HAILO_STREAM_NOT_ACTIVATED(72) (device: 0001:01:00.0)
[2026-08-31 11:24:22.736] [1217008] [HailoRT] [info] [vdevice_native_stream.cpp:331] [read_impl] Failed read from stream HAILO_STREAM_NOT_ACTIVATED(72) (device: 0001:01:00.0)
[2026-08-31 11:24:22.736] [1217006] [HailoRT] [info] [vdevice_native_stream.cpp:331] [read_impl] Failed read from stream HAILO_STREAM_NOT_ACTIVATED(72) (device: 0001:01:00.0)
[2026-08-31 11:24:22.737] [758484] [HailoRT] [info] [core_op.cpp:186] [deactivate] Deactivating took 1.024107 ms
[2026-08-31 11:24:22.737] [758484] [HailoRT] [info] [core_op.cpp:186] [deactivate] Deactivating took 1.042014 ms
[2026-08-31 11:24:22.737] [1216994] [HailoRT] [info] [queue_elements.cpp:734] [run_in_thread] Shutdown event was signaled in run_pull of queue element PullQEl_hw_read3scrfd_2_5g/conv42!
[2026-08-31 11:24:22.737] [1216995] [HailoRT] [info] [queue_elements.cpp:855] [run_in_thread] Shutdown event was signaled in dequeue of UserBuffQEl3scrfd_2_5g/conv42!
[2026-08-31 11:24:22.737] [1216994] [HailoRT] [info] [queue_elements.cpp:68] [operator()] Thread in element PullQEl_hw_read3scrfd_2_5g/conv42 is not running anymore, exiting..
[2026-08-31 11:24:22.737] [758484] [HailoRT] [info] [queue_elements.cpp:46] [~BaseQueueElement] Queue element PullQEl_hw_read3scrfd_2_5g/conv42 has 0 frames in his Queue on destruction
[2026-08-31 11:24:22.737] [1216995] [HailoRT] [info] [queue_elements.cpp:68] [operator()] Thread in element UserBuffQEl3scrfd_2_5g/conv42 is not running anymore, exiting..
[2026-08-31 11:24:22.737] [758484] [HailoRT] [info] [queue_elements.cpp:46] [~BaseQueueElement] Queue element UserBuffQEl3scrfd_2_5g/conv42 has 0 frames in his Queue on destruction
[2026-08-31 11:24:22.737] [1216997] [HailoRT] [info] [queue_elements.cpp:855] [run_in_thread] Shutdown event was signaled in dequeue of UserBuffQEl0scrfd_2_5g/conv43!
[2026-08-31 11:24:22.737] [1216996] [HailoRT] [info] [queue_elements.cpp:734] [run_in_thread] Shutdown event was signaled in run_pull of queue element PullQEl_hw_read0scrfd_2_5g/conv43!
[2026-08-31 11:24:22.737] [1216996] [HailoRT] [info] [queue_elements.cpp:68] [operator()] Thread in element PullQEl_hw_read0scrfd_2_5g/conv43 is not running anymore, exiting..
[2026-08-31 11:24:22.737] [758484] [HailoRT] [info] [queue_elements.cpp:46] [~BaseQueueElement] Queue element PullQEl_hw_read0scrfd_2_5g/conv43 has 0 frames in his Queue on destruction
[2026-08-31 11:24:22.737] [1216997] [HailoRT] [info] [queue_elements.cpp:68] [operator()] Thread in element UserBuffQEl0scrfd_2_5g/conv43 is not running anymore, exiting..
[2026-08-31 11:24:22.737] [758484] [HailoRT] [info] [queue_elements.cpp:46] [~BaseQueueElement] Queue element UserBuffQEl0scrfd_2_5g/conv43 has 0 frames in his Queue on destruction
[2026-08-31 11:24:22.737] [1216998] [HailoRT] [info] [queue_elements.cpp:734] [run_in_thread] Shutdown event was signaled in run_pull of queue element PullQEl_hw_read2scrfd_2_5g/conv44!
[2026-08-31 11:24:22.738] [1216999] [HailoRT] [info] [queue_elements.cpp:855] [run_in_thread] Shutdown event was signaled in dequeue of UserBuffQEl2scrfd_2_5g/conv44!
[2026-08-31 11:24:22.738] [1216998] [HailoRT] [info] [queue_elements.cpp:68] [operator()] Thread in element PullQEl_hw_read2scrfd_2_5g/conv44 is not running anymore, exiting..
[2026-08-31 11:24:22.738] [758484] [HailoRT] [info] [queue_elements.cpp:46] [~BaseQueueElement] Queue element PullQEl_hw_read2scrfd_2_5g/conv44 has 0 frames in his Queue on destruction
[2026-08-31 11:24:22.738] [1216999] [HailoRT] [info] [queue_elements.cpp:68] [operator()] Thread in element UserBuffQEl2scrfd_2_5g/conv44 is not running anymore, exiting..
[2026-08-31 11:24:22.738] [758484] [HailoRT] [info] [queue_elements.cpp:46] [~BaseQueueElement] Queue element UserBuffQEl2scrfd_2_5g/conv44 has 0 frames in his Queue on destruction
[2026-08-31 11:24:22.738] [1217000] [HailoRT] [info] [queue_elements.cpp:734] [run_in_thread] Shutdown event was signaled in run_pull of queue element PullQEl_hw_read14scrfd_2_5g/conv49!
[2026-08-31 11:24:22.738] [1217001] [HailoRT] [info] [queue_elements.cpp:855] [run_in_thread] Shutdown event was signaled in dequeue of UserBuffQEl14scrfd_2_5g/conv49!
[2026-08-31 11:24:22.739] [1217000] [HailoRT] [info] [queue_elements.cpp:68] [operator()] Thread in element PullQEl_hw_read14scrfd_2_5g/conv49 is not running anymore, exiting..
[2026-08-31 11:24:22.739] [758484] [HailoRT] [info] [queue_elements.cpp:46] [~BaseQueueElement] Queue element PullQEl_hw_read14scrfd_2_5g/conv49 has 0 frames in his Queue on destruction
[2026-08-31 11:24:22.739] [1217001] [HailoRT] [info] [queue_elements.cpp:68] [operator()] Thread in element UserBuffQEl14scrfd_2_5g/conv49 is not running anymore, exiting..
[2026-08-31 11:24:22.739] [758484] [HailoRT] [info] [queue_elements.cpp:46] [~BaseQueueElement] Queue element UserBuffQEl14scrfd_2_5g/conv49 has 0 frames in his Queue on destruction
[2026-08-31 11:24:22.739] [1217002] [HailoRT] [info] [queue_elements.cpp:734] [run_in_thread] Shutdown event was signaled in run_pull of queue element PullQEl_hw_read12scrfd_2_5g/conv50!
[2026-08-31 11:24:22.739] [1217003] [HailoRT] [info] [queue_elements.cpp:855] [run_in_thread] Shutdown event was signaled in dequeue of UserBuffQEl12scrfd_2_5g/conv50!
[2026-08-31 11:24:22.739] [1217002] [HailoRT] [info] [queue_elements.cpp:68] [operator()] Thread in element PullQEl_hw_read12scrfd_2_5g/conv50 is not running anymore, exiting..
[2026-08-31 11:24:22.739] [758484] [HailoRT] [info] [queue_elements.cpp:46] [~BaseQueueElement] Queue element PullQEl_hw_read12scrfd_2_5g/conv50 has 0 frames in his Queue on destruction
[2026-08-31 11:24:22.739] [1217003] [HailoRT] [info] [queue_elements.cpp:68] [operator()] Thread in element UserBuffQEl12scrfd_2_5g/conv50 is not running anymore, exiting..
[2026-08-31 11:24:22.739] [758484] [HailoRT] [info] [queue_elements.cpp:46] [~BaseQueueElement] Queue element UserBuffQEl12scrfd_2_5g/conv50 has 0 frames in his Queue on destruction
[2026-08-31 11:24:22.739] [1217004] [HailoRT] [info] [queue_elements.cpp:734] [run_in_thread] Shutdown event was signaled in run_pull of queue element PullQEl_hw_read1scrfd_2_5g/conv51!
[2026-08-31 11:24:22.739] [1217005] [HailoRT] [info] [queue_elements.cpp:855] [run_in_thread] Shutdown event was signaled in dequeue of UserBuffQEl1scrfd_2_5g/conv51!
[2026-08-31 11:24:22.739] [1217004] [HailoRT] [info] [queue_elements.cpp:68] [operator()] Thread in element PullQEl_hw_read1scrfd_2_5g/conv51 is not running anymore, exiting..
[2026-08-31 11:24:22.739] [758484] [HailoRT] [info] [queue_elements.cpp:46] [~BaseQueueElement] Queue element PullQEl_hw_read1scrfd_2_5g/conv51 has 0 frames in his Queue on destruction
[2026-08-31 11:24:22.739] [1217005] [HailoRT] [info] [queue_elements.cpp:68] [operator()] Thread in element UserBuffQEl1scrfd_2_5g/conv51 is not running anymore, exiting..
[2026-08-31 11:24:22.739] [758484] [HailoRT] [info] [queue_elements.cpp:46] [~BaseQueueElement] Queue element UserBuffQEl1scrfd_2_5g/conv51 has 0 frames in his Queue on destruction
[2026-08-31 11:24:22.739] [1217007] [HailoRT] [info] [queue_elements.cpp:855] [run_in_thread] Shutdown event was signaled in dequeue of UserBuffQEl10scrfd_2_5g/conv55!
[2026-08-31 11:24:22.739] [1217006] [HailoRT] [info] [queue_elements.cpp:734] [run_in_thread] Shutdown event was signaled in run_pull of queue element PullQEl_hw_read10scrfd_2_5g/conv55!
[2026-08-31 11:24:22.739] [1217006] [HailoRT] [info] [queue_elements.cpp:68] [operator()] Thread in element PullQEl_hw_read10scrfd_2_5g/conv55 is not running anymore, exiting..
[2026-08-31 11:24:22.739] [758484] [HailoRT] [info] [queue_elements.cpp:46] [~BaseQueueElement] Queue element PullQEl_hw_read10scrfd_2_5g/conv55 has 0 frames in his Queue on destruction
[2026-08-31 11:24:22.739] [1217007] [HailoRT] [info] [queue_elements.cpp:68] [operator()] Thread in element UserBuffQEl10scrfd_2_5g/conv55 is not running anymore, exiting..
[2026-08-31 11:24:22.739] [758484] [HailoRT] [info] [queue_elements.cpp:46] [~BaseQueueElement] Queue element UserBuffQEl10scrfd_2_5g/conv55 has 0 frames in his Queue on destruction
[2026-08-31 11:24:22.739] [1217008] [HailoRT] [info] [queue_elements.cpp:734] [run_in_thread] Shutdown event was signaled in run_pull of queue element PullQEl_hw_read9scrfd_2_5g/conv56!
[2026-08-31 11:24:22.739] [1217009] [HailoRT] [info] [queue_elements.cpp:855] [run_in_thread] Shutdown event was signaled in dequeue of UserBuffQEl9scrfd_2_5g/conv56!
[2026-08-31 11:24:22.739] [1217008] [HailoRT] [info] [queue_elements.cpp:68] [operator()] Thread in element PullQEl_hw_read9scrfd_2_5g/conv56 is not running anymore, exiting..
[2026-08-31 11:24:22.739] [758484] [HailoRT] [info] [queue_elements.cpp:46] [~BaseQueueElement] Queue element PullQEl_hw_read9scrfd_2_5g/conv56 has 0 frames in his Queue on destruction
[2026-08-31 11:24:22.739] [1217009] [HailoRT] [info] [queue_elements.cpp:68] [operator()] Thread in element UserBuffQEl9scrfd_2_5g/conv56 is not running anymore, exiting..
[2026-08-31 11:24:22.739] [758484] [HailoRT] [info] [queue_elements.cpp:46] [~BaseQueueElement] Queue element UserBuffQEl9scrfd_2_5g/conv56 has 0 frames in his Queue on destruction
[2026-08-31 11:24:22.739] [1217010] [HailoRT] [info] [queue_elements.cpp:734] [run_in_thread] Shutdown event was signaled in run_pull of queue element PullQEl_hw_read13scrfd_2_5g/conv57!
[2026-08-31 11:24:22.739] [1217011] [HailoRT] [info] [queue_elements.cpp:855] [run_in_thread] Shutdown event was signaled in dequeue of UserBuffQEl13scrfd_2_5g/conv57!
[2026-08-31 11:24:22.740] [1217010] [HailoRT] [info] [queue_elements.cpp:68] [operator()] Thread in element PullQEl_hw_read13scrfd_2_5g/conv57 is not running anymore, exiting..
[2026-08-31 11:24:22.740] [758484] [HailoRT] [info] [queue_elements.cpp:46] [~BaseQueueElement] Queue element PullQEl_hw_read13scrfd_2_5g/conv57 has 0 frames in his Queue on destruction
[2026-08-31 11:24:22.740] [1217011] [HailoRT] [info] [queue_elements.cpp:68] [operator()] Thread in element UserBuffQEl13scrfd_2_5g/conv57 is not running anymore, exiting..
[2026-08-31 11:24:22.740] [758484] [HailoRT] [info] [queue_elements.cpp:46] [~BaseQueueElement] Queue element UserBuffQEl13scrfd_2_5g/conv57 has 0 frames in his Queue on destruction
[2026-08-31 11:24:22.854] [758484] [HailoRT] [info] [edge_elements.cpp:52] [create] Created (HwWriteEl3scrfd_2_5g/input_layer1 | hw_frame_size: 1228800)
[2026-08-31 11:24:22.854] [758484] [HailoRT] [info] [vstream.cpp:754] [InputVStreamImpl] Creating scrfd_2_5g/input_layer1...
[2026-08-31 11:24:22.854] [758484] [HailoRT] [info] [vstream_builder.cpp:102] [create_inputs] Input pipeline 'scrfd_2_5g/input_layer1': (HwWriteEl3scrfd_2_5g/input_layer1 | hw_frame_size: 1228800) >> HW
[2026-08-31 11:24:22.854] [758484] [HailoRT] [info] [edge_elements.cpp:287] [create] Created (HwReadEl3scrfd_2_5g/conv42 | hw_frame_size: 12800)
[2026-08-31 11:24:22.854] [758484] [HailoRT] [info] [queue_elements.cpp:657] [create] Created (PullQEl_hw_read3scrfd_2_5g/conv42)
[2026-08-31 11:24:22.854] [758484] [HailoRT] [info] [filter_elements.cpp:372] [create] Created (PostInferEl3scrfd_2_5g/conv42 | Quantization - src_type: UINT8, dst_type FLOAT32, limvals_min: 0, limvals_max: 1)
[2026-08-31 11:24:22.854] [758484] [HailoRT] [info] [queue_elements.cpp:800] [create] Created (UserBuffQEl3scrfd_2_5g/conv42 | timeout: 10s)
[2026-08-31 11:24:22.854] [758484] [HailoRT] [info] [vstream.cpp:1114] [OutputVStreamImpl] Creating scrfd_2_5g/conv42...
[2026-08-31 11:24:22.854] [758484] [HailoRT] [info] [vstream_builder.cpp:220] [create_outputs] Output pipeline 'scrfd_2_5g/conv42': HW >> (HwReadEl3scrfd_2_5g/conv42 | hw_frame_size: 12800) >> (PullQEl_hw_read3scrfd_2_5g/conv42) >> (PostInferEl3scrfd_2_5g/conv42 | Quantization - src_type: UINT8, dst_type FLOAT32, limvals_min: 0, limvals_max: 1) >> (UserBuffQEl3scrfd_2_5g/conv42 | timeout: 10s)
[2026-08-31 11:24:22.854] [758484] [HailoRT] [info] [edge_elements.cpp:287] [create] Created (HwReadEl0scrfd_2_5g/conv43 | hw_frame_size: 51200)
[2026-08-31 11:24:22.854] [758484] [HailoRT] [info] [queue_elements.cpp:657] [create] Created (PullQEl_hw_read0scrfd_2_5g/conv43)
[2026-08-31 11:24:22.854] [758484] [HailoRT] [info] [filter_elements.cpp:372] [create] Created (PostInferEl0scrfd_2_5g/conv43 | Quantization - src_type: UINT8, dst_type FLOAT32, limvals_min: -0.0793963, limvals_max: 4.98212)
[2026-08-31 11:24:22.855] [758484] [HailoRT] [info] [queue_elements.cpp:800] [create] Created (UserBuffQEl0scrfd_2_5g/conv43 | timeout: 10s)
[2026-08-31 11:24:22.855] [758484] [HailoRT] [info] [vstream.cpp:1114] [OutputVStreamImpl] Creating scrfd_2_5g/conv43...
[2026-08-31 11:24:22.855] [758484] [HailoRT] [info] [vstream_builder.cpp:220] [create_outputs] Output pipeline 'scrfd_2_5g/conv43': HW >> (HwReadEl0scrfd_2_5g/conv43 | hw_frame_size: 51200) >> (PullQEl_hw_read0scrfd_2_5g/conv43) >> (PostInferEl0scrfd_2_5g/conv43 | Quantization - src_type: UINT8, dst_type FLOAT32, limvals_min: -0.0793963, limvals_max: 4.98212) >> (UserBuffQEl0scrfd_2_5g/conv43 | timeout: 10s)
[2026-08-31 11:24:22.855] [758484] [HailoRT] [info] [edge_elements.cpp:287] [create] Created (HwReadEl2scrfd_2_5g/conv44 | hw_frame_size: 153600)
[2026-08-31 11:24:22.855] [758484] [HailoRT] [info] [queue_elements.cpp:657] [create] Created (PullQEl_hw_read2scrfd_2_5g/conv44)
[2026-08-31 11:24:22.855] [758484] [HailoRT] [info] [filter_elements.cpp:372] [create] Created (PostInferEl2scrfd_2_5g/conv44 | Quantization - src_type: UINT8, dst_type FLOAT32, limvals_min: -3.16292, limvals_max: 3.50274 | Reorder - src_order: FCR, src_shape: (80, 80, 24), dst_order: FCR, dst_shape: (80, 80, 20))
[2026-08-31 11:24:22.855] [758484] [HailoRT] [info] [queue_elements.cpp:800] [create] Created (UserBuffQEl2scrfd_2_5g/conv44 | timeout: 10s)
[2026-08-31 11:24:22.855] [758484] [HailoRT] [info] [vstream.cpp:1114] [OutputVStreamImpl] Creating scrfd_2_5g/conv44...
[2026-08-31 11:24:22.855] [758484] [HailoRT] [info] [vstream_builder.cpp:220] [create_outputs] Output pipeline 'scrfd_2_5g/conv44': HW >> (HwReadEl2scrfd_2_5g/conv44 | hw_frame_size: 153600) >> (PullQEl_hw_read2scrfd_2_5g/conv44) >> (PostInferEl2scrfd_2_5g/conv44 | Quantization - src_type: UINT8, dst_type FLOAT32, limvals_min: -3.16292, limvals_max: 3.50274 | Reorder - src_order: FCR, src_shape: (80, 80, 24), dst_order: FCR, dst_shape: (80, 80, 20)) >> (UserBuffQEl2scrfd_2_5g/conv44 | timeout: 10s)
[2026-08-31 11:24:22.855] [758484] [HailoRT] [info] [edge_elements.cpp:287] [create] Created (HwReadEl14scrfd_2_5g/conv49 | hw_frame_size: 3200)
[2026-08-31 11:24:22.855] [758484] [HailoRT] [info] [queue_elements.cpp:657] [create] Created (PullQEl_hw_read14scrfd_2_5g/conv49)
[2026-08-31 11:24:22.855] [758484] [HailoRT] [info] [filter_elements.cpp:372] [create] Created (PostInferEl14scrfd_2_5g/conv49 | Quantization - src_type: UINT8, dst_type FLOAT32, limvals_min: 0, limvals_max: 1)
[2026-08-31 11:24:22.855] [758484] [HailoRT] [info] [queue_elements.cpp:800] [create] Created (UserBuffQEl14scrfd_2_5g/conv49 | timeout: 10s)
[2026-08-31 11:24:22.855] [758484] [HailoRT] [info] [vstream.cpp:1114] [OutputVStreamImpl] Creating scrfd_2_5g/conv49...
[2026-08-31 11:24:22.855] [758484] [HailoRT] [info] [vstream_builder.cpp:220] [create_outputs] Output pipeline 'scrfd_2_5g/conv49': HW >> (HwReadEl14scrfd_2_5g/conv49 | hw_frame_size: 3200) >> (PullQEl_hw_read14scrfd_2_5g/conv49) >> (PostInferEl14scrfd_2_5g/conv49 | Quantization - src_type: UINT8, dst_type FLOAT32, limvals_min: 0, limvals_max: 1) >> (UserBuffQEl14scrfd_2_5g/conv49 | timeout: 10s)
[2026-08-31 11:24:22.855] [758484] [HailoRT] [info] [edge_elements.cpp:287] [create] Created (HwReadEl12scrfd_2_5g/conv50 | hw_frame_size: 12800)
[2026-08-31 11:24:22.855] [758484] [HailoRT] [info] [queue_elements.cpp:657] [create] Created (PullQEl_hw_read12scrfd_2_5g/conv50)
[2026-08-31 11:24:22.855] [758484] [HailoRT] [info] [filter_elements.cpp:372] [create] Created (PostInferEl12scrfd_2_5g/conv50 | Quantization - src_type: UINT8, dst_type FLOAT32, limvals_min: 0, limvals_max: 8.10626)
[2026-08-31 11:24:22.855] [758484] [HailoRT] [info] [queue_elements.cpp:800] [create] Created (UserBuffQEl12scrfd_2_5g/conv50 | timeout: 10s)
[2026-08-31 11:24:22.855] [758484] [HailoRT] [info] [vstream.cpp:1114] [OutputVStreamImpl] Creating scrfd_2_5g/conv50...
[2026-08-31 11:24:22.855] [758484] [HailoRT] [info] [vstream_builder.cpp:220] [create_outputs] Output pipeline 'scrfd_2_5g/conv50': HW >> (HwReadEl12scrfd_2_5g/conv50 | hw_frame_size: 12800) >> (PullQEl_hw_read12scrfd_2_5g/conv50) >> (PostInferEl12scrfd_2_5g/conv50 | Quantization - src_type: UINT8, dst_type FLOAT32, limvals_min: 0, limvals_max: 8.10626) >> (UserBuffQEl12scrfd_2_5g/conv50 | timeout: 10s)
[2026-08-31 11:24:22.856] [758484] [HailoRT] [info] [edge_elements.cpp:287] [create] Created (HwReadEl1scrfd_2_5g/conv51 | hw_frame_size: 38400)
[2026-08-31 11:24:22.856] [758484] [HailoRT] [info] [queue_elements.cpp:657] [create] Created (PullQEl_hw_read1scrfd_2_5g/conv51)
[2026-08-31 11:24:22.856] [758484] [HailoRT] [info] [filter_elements.cpp:372] [create] Created (PostInferEl1scrfd_2_5g/conv51 | Quantization - src_type: UINT8, dst_type FLOAT32, limvals_min: -4.24698, limvals_max: 5.17024 | Reorder - src_order: FCR, src_shape: (40, 40, 24), dst_order: FCR, dst_shape: (40, 40, 20))
[2026-08-31 11:24:22.856] [758484] [HailoRT] [info] [queue_elements.cpp:800] [create] Created (UserBuffQEl1scrfd_2_5g/conv51 | timeout: 10s)
[2026-08-31 11:24:22.856] [758484] [HailoRT] [info] [vstream.cpp:1114] [OutputVStreamImpl] Creating scrfd_2_5g/conv51...
[2026-08-31 11:24:22.856] [758484] [HailoRT] [info] [vstream_builder.cpp:220] [create_outputs] Output pipeline 'scrfd_2_5g/conv51': HW >> (HwReadEl1scrfd_2_5g/conv51 | hw_frame_size: 38400) >> (PullQEl_hw_read1scrfd_2_5g/conv51) >> (PostInferEl1scrfd_2_5g/conv51 | Quantization - src_type: UINT8, dst_type FLOAT32, limvals_min: -4.24698, limvals_max: 5.17024 | Reorder - src_order: FCR, src_shape: (40, 40, 24), dst_order: FCR, dst_shape: (40, 40, 20)) >> (UserBuffQEl1scrfd_2_5g/conv51 | timeout: 10s)
[2026-08-31 11:24:22.856] [758484] [HailoRT] [info] [edge_elements.cpp:287] [create] Created (HwReadEl10scrfd_2_5g/conv55 | hw_frame_size: 800)
[2026-08-31 11:24:22.856] [758484] [HailoRT] [info] [queue_elements.cpp:657] [create] Created (PullQEl_hw_read10scrfd_2_5g/conv55)
[2026-08-31 11:24:22.856] [758484] [HailoRT] [info] [filter_elements.cpp:372] [create] Created (PostInferEl10scrfd_2_5g/conv55 | Quantization - src_type: UINT8, dst_type FLOAT32, limvals_min: 0, limvals_max: 1 | Reorder - src_order: NHCW, src_shape: (20, 20, 2), dst_order: NHWC, dst_shape: (20, 20, 2))
[2026-08-31 11:24:22.856] [758484] [HailoRT] [info] [queue_elements.cpp:800] [create] Created (UserBuffQEl10scrfd_2_5g/conv55 | timeout: 10s)
[2026-08-31 11:24:22.856] [758484] [HailoRT] [info] [vstream.cpp:1114] [OutputVStreamImpl] Creating scrfd_2_5g/conv55...
[2026-08-31 11:24:22.856] [758484] [HailoRT] [info] [vstream_builder.cpp:220] [create_outputs] Output pipeline 'scrfd_2_5g/conv55': HW >> (HwReadEl10scrfd_2_5g/conv55 | hw_frame_size: 800) >> (PullQEl_hw_read10scrfd_2_5g/conv55) >> (PostInferEl10scrfd_2_5g/conv55 | Quantization - src_type: UINT8, dst_type FLOAT32, limvals_min: 0, limvals_max: 1 | Reorder - src_order: NHCW, src_shape: (20, 20, 2), dst_order: NHWC, dst_shape: (20, 20, 2)) >> (UserBuffQEl10scrfd_2_5g/conv55 | timeout: 10s)
[2026-08-31 11:24:22.856] [758484] [HailoRT] [info] [edge_elements.cpp:287] [create] Created (HwReadEl9scrfd_2_5g/conv56 | hw_frame_size: 3200)
[2026-08-31 11:24:22.856] [758484] [HailoRT] [info] [queue_elements.cpp:657] [create] Created (PullQEl_hw_read9scrfd_2_5g/conv56)
[2026-08-31 11:24:22.856] [758484] [HailoRT] [info] [filter_elements.cpp:372] [create] Created (PostInferEl9scrfd_2_5g/conv56 | Quantization - src_type: UINT8, dst_type FLOAT32, limvals_min: -0.0299247, limvals_max: 7.60086 | Reorder - src_order: NHCW, src_shape: (20, 20, 8), dst_order: NHWC, dst_shape: (20, 20, 8))
[2026-08-31 11:24:22.856] [758484] [HailoRT] [info] [queue_elements.cpp:800] [create] Created (UserBuffQEl9scrfd_2_5g/conv56 | timeout: 10s)
[2026-08-31 11:24:22.856] [758484] [HailoRT] [info] [vstream.cpp:1114] [OutputVStreamImpl] Creating scrfd_2_5g/conv56...
[2026-08-31 11:24:22.856] [758484] [HailoRT] [info] [vstream_builder.cpp:220] [create_outputs] Output pipeline 'scrfd_2_5g/conv56': HW >> (HwReadEl9scrfd_2_5g/conv56 | hw_frame_size: 3200) >> (PullQEl_hw_read9scrfd_2_5g/conv56) >> (PostInferEl9scrfd_2_5g/conv56 | Quantization - src_type: UINT8, dst_type FLOAT32, limvals_min: -0.0299247, limvals_max: 7.60086 | Reorder - src_order: NHCW, src_shape: (20, 20, 8), dst_order: NHWC, dst_shape: (20, 20, 8)) >> (UserBuffQEl9scrfd_2_5g/conv56 | timeout: 10s)
[2026-08-31 11:24:22.856] [758484] [HailoRT] [info] [edge_elements.cpp:287] [create] Created (HwReadEl13scrfd_2_5g/conv57 | hw_frame_size: 9600)
[2026-08-31 11:24:22.856] [758484] [HailoRT] [info] [queue_elements.cpp:657] [create] Created (PullQEl_hw_read13scrfd_2_5g/conv57)
[2026-08-31 11:24:22.856] [758484] [HailoRT] [info] [filter_elements.cpp:372] [create] Created (PostInferEl13scrfd_2_5g/conv57 | Quantization - src_type: UINT8, dst_type FLOAT32, limvals_min: -4.03285, limvals_max: 5.14908 | Reorder - src_order: FCR, src_shape: (20, 20, 24), dst_order: FCR, dst_shape: (20, 20, 20))
[2026-08-31 11:24:22.856] [758484] [HailoRT] [info] [queue_elements.cpp:800] [create] Created (UserBuffQEl13scrfd_2_5g/conv57 | timeout: 10s)
[2026-08-31 11:24:22.856] [758484] [HailoRT] [info] [vstream.cpp:1114] [OutputVStreamImpl] Creating scrfd_2_5g/conv57...
[2026-08-31 11:24:22.856] [758484] [HailoRT] [info] [vstream_builder.cpp:220] [create_outputs] Output pipeline 'scrfd_2_5g/conv57': HW >> (HwReadEl13scrfd_2_5g/conv57 | hw_frame_size: 9600) >> (PullQEl_hw_read13scrfd_2_5g/conv57) >> (PostInferEl13scrfd_2_5g/conv57 | Quantization - src_type: UINT8, dst_type FLOAT32, limvals_min: -4.03285, limvals_max: 5.14908 | Reorder - src_order: FCR, src_shape: (20, 20, 24), dst_order: FCR, dst_shape: (20, 20, 20)) >> (UserBuffQEl13scrfd_2_5g/conv57 | timeout: 10s)
[2026-08-31 11:24:22.857] [758484] [HailoRT] [info] [core_op.cpp:156] [activate] Activating scrfd_2_5g took 0.623527 milliseconds. Note that the function is asynchronous and thus the network is not fully activated yet.
[2026-08-31 11:24:22.857] [758484] [HailoRT] [info] [core_op.cpp:156] [activate] Activating scrfd_2_5g took 0.635546 milliseconds. Note that the function is asynchronous and thus the network is not fully activated yet.
[2026-08-31 11:24:22.864] [1217022] [HailoRT] [info] [vdevice_native_stream.cpp:331] [read_impl] Failed read from stream HAILO_STREAM_NOT_ACTIVATED(72) (device: 0001:01:00.0)
[2026-08-31 11:24:22.864] [1217024] [HailoRT] [info] [vdevice_native_stream.cpp:331] [read_impl] Failed read from stream HAILO_STREAM_NOT_ACTIVATED(72) (device: 0001:01:00.0)
[2026-08-31 11:24:22.864] [1217026] [HailoRT] [info] [vdevice_native_stream.cpp:331] [read_impl] Failed read from stream HAILO_STREAM_NOT_ACTIVATED(72) (device: 0001:01:00.0)
[2026-08-31 11:24:22.864] [1217032] [HailoRT] [info] [vdevice_native_stream.cpp:331] [read_impl] Failed read from stream HAILO_STREAM_NOT_ACTIVATED(72) (device: 0001:01:00.0)
[2026-08-31 11:24:22.864] [1217028] [HailoRT] [info] [vdevice_native_stream.cpp:331] [read_impl] Failed read from stream HAILO_STREAM_NOT_ACTIVATED(72) (device: 0001:01:00.0)
[2026-08-31 11:24:22.864] [1217030] [HailoRT] [info] [vdevice_native_stream.cpp:331] [read_impl] Failed read from stream HAILO_STREAM_NOT_ACTIVATED(72) (device: 0001:01:00.0)
[2026-08-31 11:24:22.864] [1217034] [HailoRT] [info] [vdevice_native_stream.cpp:331] [read_impl] Failed read from stream HAILO_STREAM_NOT_ACTIVATED(72) (device: 0001:01:00.0)
[2026-08-31 11:24:22.864] [1217036] [HailoRT] [info] [vdevice_native_stream.cpp:331] [read_impl] Failed read from stream HAILO_STREAM_NOT_ACTIVATED(72) (device: 0001:01:00.0)
[2026-08-31 11:24:22.864] [1217038] [HailoRT] [info] [vdevice_native_stream.cpp:331] [read_impl] Failed read from stream HAILO_STREAM_NOT_ACTIVATED(72) (device: 0001:01:00.0)
[2026-08-31 11:24:22.864] [758484] [HailoRT] [info] [core_op.cpp:186] [deactivate] Deactivating took 0.7699 ms
[2026-08-31 11:24:22.864] [758484] [HailoRT] [info] [core_op.cpp:186] [deactivate] Deactivating took 0.780345 ms
[2026-08-31 11:24:22.864] [1217022] [HailoRT] [info] [queue_elements.cpp:734] [run_in_thread] Shutdown event was signaled in run_pull of queue element PullQEl_hw_read3scrfd_2_5g/conv42!
[2026-08-31 11:24:22.864] [1217023] [HailoRT] [info] [queue_elements.cpp:855] [run_in_thread] Shutdown event was signaled in dequeue of UserBuffQEl3scrfd_2_5g/conv42!
[2026-08-31 11:24:22.864] [1217022] [HailoRT] [info] [queue_elements.cpp:68] [operator()] Thread in element PullQEl_hw_read3scrfd_2_5g/conv42 is not running anymore, exiting..
[2026-08-31 11:24:22.865] [758484] [HailoRT] [info] [queue_elements.cpp:46] [~BaseQueueElement] Queue element PullQEl_hw_read3scrfd_2_5g/conv42 has 0 frames in his Queue on destruction
[2026-08-31 11:24:22.865] [1217023] [HailoRT] [info] [queue_elements.cpp:68] [operator()] Thread in element UserBuffQEl3scrfd_2_5g/conv42 is not running anymore, exiting..
[2026-08-31 11:24:22.865] [758484] [HailoRT] [info] [queue_elements.cpp:46] [~BaseQueueElement] Queue element UserBuffQEl3scrfd_2_5g/conv42 has 0 frames in his Queue on destruction
[2026-08-31 11:24:22.865] [1217024] [HailoRT] [info] [queue_elements.cpp:734] [run_in_thread] Shutdown event was signaled in run_pull of queue element PullQEl_hw_read0scrfd_2_5g/conv43!
[2026-08-31 11:24:22.865] [1217025] [HailoRT] [info] [queue_elements.cpp:855] [run_in_thread] Shutdown event was signaled in dequeue of UserBuffQEl0scrfd_2_5g/conv43!
[2026-08-31 11:24:22.865] [1217024] [HailoRT] [info] [queue_elements.cpp:68] [operator()] Thread in element PullQEl_hw_read0scrfd_2_5g/conv43 is not running anymore, exiting..
[2026-08-31 11:24:22.865] [758484] [HailoRT] [info] [queue_elements.cpp:46] [~BaseQueueElement] Queue element PullQEl_hw_read0scrfd_2_5g/conv43 has 0 frames in his Queue on destruction
[2026-08-31 11:24:22.865] [1217025] [HailoRT] [info] [queue_elements.cpp:68] [operator()] Thread in element UserBuffQEl0scrfd_2_5g/conv43 is not running anymore, exiting..
[2026-08-31 11:24:22.865] [758484] [HailoRT] [info] [queue_elements.cpp:46] [~BaseQueueElement] Queue element UserBuffQEl0scrfd_2_5g/conv43 has 0 frames in his Queue on destruction
[2026-08-31 11:24:22.865] [1217026] [HailoRT] [info] [queue_elements.cpp:734] [run_in_thread] Shutdown event was signaled in run_pull of queue element PullQEl_hw_read2scrfd_2_5g/conv44!
[2026-08-31 11:24:22.865] [1217027] [HailoRT] [info] [queue_elements.cpp:855] [run_in_thread] Shutdown event was signaled in dequeue of UserBuffQEl2scrfd_2_5g/conv44!
[2026-08-31 11:24:22.865] [1217026] [HailoRT] [info] [queue_elements.cpp:68] [operator()] Thread in element PullQEl_hw_read2scrfd_2_5g/conv44 is not running anymore, exiting..
[2026-08-31 11:24:22.865] [758484] [HailoRT] [info] [queue_elements.cpp:46] [~BaseQueueElement] Queue element PullQEl_hw_read2scrfd_2_5g/conv44 has 0 frames in his Queue on destruction
[2026-08-31 11:24:22.865] [1217027] [HailoRT] [info] [queue_elements.cpp:68] [operator()] Thread in element UserBuffQEl2scrfd_2_5g/conv44 is not running anymore, exiting..
[2026-08-31 11:24:22.865] [758484] [HailoRT] [info] [queue_elements.cpp:46] [~BaseQueueElement] Queue element UserBuffQEl2scrfd_2_5g/conv44 has 0 frames in his Queue on destruction
[2026-08-31 11:24:22.865] [1217029] [HailoRT] [info] [queue_elements.cpp:855] [run_in_thread] Shutdown event was signaled in dequeue of UserBuffQEl14scrfd_2_5g/conv49!
[2026-08-31 11:24:22.865] [1217028] [HailoRT] [info] [queue_elements.cpp:734] [run_in_thread] Shutdown event was signaled in run_pull of queue element PullQEl_hw_read14scrfd_2_5g/conv49!
[2026-08-31 11:24:22.865] [1217028] [HailoRT] [info] [queue_elements.cpp:68] [operator()] Thread in element PullQEl_hw_read14scrfd_2_5g/conv49 is not running anymore, exiting..
[2026-08-31 11:24:22.865] [758484] [HailoRT] [info] [queue_elements.cpp:46] [~BaseQueueElement] Queue element PullQEl_hw_read14scrfd_2_5g/conv49 has 0 frames in his Queue on destruction
[2026-08-31 11:24:22.865] [1217029] [HailoRT] [info] [queue_elements.cpp:68] [operator()] Thread in element UserBuffQEl14scrfd_2_5g/conv49 is not running anymore, exiting..
[2026-08-31 11:24:22.865] [758484] [HailoRT] [info] [queue_elements.cpp:46] [~BaseQueueElement] Queue element UserBuffQEl14scrfd_2_5g/conv49 has 0 frames in his Queue on destruction
[2026-08-31 11:24:22.865] [1217031] [HailoRT] [info] [queue_elements.cpp:855] [run_in_thread] Shutdown event was signaled in dequeue of UserBuffQEl12scrfd_2_5g/conv50!
[2026-08-31 11:24:22.865] [1217030] [HailoRT] [info] [queue_elements.cpp:734] [run_in_thread] Shutdown event was signaled in run_pull of queue element PullQEl_hw_read12scrfd_2_5g/conv50!
[2026-08-31 11:24:22.865] [1217030] [HailoRT] [info] [queue_elements.cpp:68] [operator()] Thread in element PullQEl_hw_read12scrfd_2_5g/conv50 is not running anymore, exiting..
[2026-08-31 11:24:22.865] [758484] [HailoRT] [info] [queue_elements.cpp:46] [~BaseQueueElement] Queue element PullQEl_hw_read12scrfd_2_5g/conv50 has 0 frames in his Queue on destruction
[2026-08-31 11:24:22.865] [1217031] [HailoRT] [info] [queue_elements.cpp:68] [operator()] Thread in element UserBuffQEl12scrfd_2_5g/conv50 is not running anymore, exiting..
[2026-08-31 11:24:22.865] [758484] [HailoRT] [info] [queue_elements.cpp:46] [~BaseQueueElement] Queue element UserBuffQEl12scrfd_2_5g/conv50 has 0 frames in his Queue on destruction
[2026-08-31 11:24:22.865] [1217032] [HailoRT] [info] [queue_elements.cpp:734] [run_in_thread] Shutdown event was signaled in run_pull of queue element PullQEl_hw_read1scrfd_2_5g/conv51!
[2026-08-31 11:24:22.865] [1217033] [HailoRT] [info] [queue_elements.cpp:855] [run_in_thread] Shutdown event was signaled in dequeue of UserBuffQEl1scrfd_2_5g/conv51!
[2026-08-31 11:24:22.865] [1217032] [HailoRT] [info] [queue_elements.cpp:68] [operator()] Thread in element PullQEl_hw_read1scrfd_2_5g/conv51 is not running anymore, exiting..
[2026-08-31 11:24:22.865] [758484] [HailoRT] [info] [queue_elements.cpp:46] [~BaseQueueElement] Queue element PullQEl_hw_read1scrfd_2_5g/conv51 has 0 frames in his Queue on destruction
[2026-08-31 11:24:22.865] [1217033] [HailoRT] [info] [queue_elements.cpp:68] [operator()] Thread in element UserBuffQEl1scrfd_2_5g/conv51 is not running anymore, exiting..
[2026-08-31 11:24:22.865] [758484] [HailoRT] [info] [queue_elements.cpp:46] [~BaseQueueElement] Queue element UserBuffQEl1scrfd_2_5g/conv51 has 0 frames in his Queue on destruction
[2026-08-31 11:24:22.865] [1217035] [HailoRT] [info] [queue_elements.cpp:855] [run_in_thread] Shutdown event was signaled in dequeue of UserBuffQEl10scrfd_2_5g/conv55!
[2026-08-31 11:24:22.865] [1217034] [HailoRT] [info] [queue_elements.cpp:734] [run_in_thread] Shutdown event was signaled in run_pull of queue element PullQEl_hw_read10scrfd_2_5g/conv55!
[2026-08-31 11:24:22.865] [1217034] [HailoRT] [info] [queue_elements.cpp:68] [operator()] Thread in element PullQEl_hw_read10scrfd_2_5g/conv55 is not running anymore, exiting..
[2026-08-31 11:24:22.865] [758484] [HailoRT] [info] [queue_elements.cpp:46] [~BaseQueueElement] Queue element PullQEl_hw_read10scrfd_2_5g/conv55 has 0 frames in his Queue on destruction
[2026-08-31 11:24:22.865] [1217035] [HailoRT] [info] [queue_elements.cpp:68] [operator()] Thread in element UserBuffQEl10scrfd_2_5g/conv55 is not running anymore, exiting..
[2026-08-31 11:24:22.865] [758484] [HailoRT] [info] [queue_elements.cpp:46] [~BaseQueueElement] Queue element UserBuffQEl10scrfd_2_5g/conv55 has 0 frames in his Queue on destruction
[2026-08-31 11:24:22.865] [1217037] [HailoRT] [info] [queue_elements.cpp:855] [run_in_thread] Shutdown event was signaled in dequeue of UserBuffQEl9scrfd_2_5g/conv56!
[2026-08-31 11:24:22.865] [1217036] [HailoRT] [info] [queue_elements.cpp:734] [run_in_thread] Shutdown event was signaled in run_pull of queue element PullQEl_hw_read9scrfd_2_5g/conv56!
[2026-08-31 11:24:22.865] [758484] [HailoRT] [info] [queue_elements.cpp:46] [~BaseQueueElement] Queue element PullQEl_hw_read9scrfd_2_5g/conv56 has 0 frames in his Queue on destruction
[2026-08-31 11:24:22.865] [1217037] [HailoRT] [info] [queue_elements.cpp:68] [operator()] Thread in element UserBuffQEl9scrfd_2_5g/conv56 is not running anymore, exiting..
[2026-08-31 11:24:22.865] [758484] [HailoRT] [info] [queue_elements.cpp:46] [~BaseQueueElement] Queue element UserBuffQEl9scrfd_2_5g/conv56 has 0 frames in his Queue on destruction
[2026-08-31 11:24:22.865] [1217038] [HailoRT] [info] [queue_elements.cpp:734] [run_in_thread] Shutdown event was signaled in run_pull of queue element PullQEl_hw_read13scrfd_2_5g/conv57!
[2026-08-31 11:24:22.866] [1217039] [HailoRT] [info] [queue_elements.cpp:855] [run_in_thread] Shutdown event was signaled in dequeue of UserBuffQEl13scrfd_2_5g/conv57!
[2026-08-31 11:24:22.866] [1217038] [HailoRT] [info] [queue_elements.cpp:68] [operator()] Thread in element PullQEl_hw_read13scrfd_2_5g/conv57 is not running anymore, exiting..
[2026-08-31 11:24:22.866] [758484] [HailoRT] [info] [queue_elements.cpp:46] [~BaseQueueElement] Queue element PullQEl_hw_read13scrfd_2_5g/conv57 has 0 frames in his Queue on destruction
[2026-08-31 11:24:22.866] [1217039] [HailoRT] [info] [queue_elements.cpp:68] [operator()] Thread in element UserBuffQEl13scrfd_2_5g/conv57 is not running anymore, exiting..
[2026-08-31 11:24:22.866] [758484] [HailoRT] [info] [queue_elements.cpp:46] [~BaseQueueElement] Queue element UserBuffQEl13scrfd_2_5g/conv57 has 0 frames in his Queue on destruction
[2026-08-31 11:24:22.921] [758484] [HailoRT] [info] [edge_elements.cpp:52] [create] Created (HwWriteEl3scrfd_2_5g/input_layer1 | hw_frame_size: 1228800)
[2026-08-31 11:24:22.921] [758484] [HailoRT] [info] [vstream.cpp:754] [InputVStreamImpl] Creating scrfd_2_5g/input_layer1...
[2026-08-31 11:24:22.921] [758484] [HailoRT] [info] [vstream_builder.cpp:102] [create_inputs] Input pipeline 'scrfd_2_5g/input_layer1': (HwWriteEl3scrfd_2_5g/input_layer1 | hw_frame_size: 1228800) >> HW
[2026-08-31 11:24:22.921] [758484] [HailoRT] [info] [edge_elements.cpp:287] [create] Created (HwReadEl3scrfd_2_5g/conv42 | hw_frame_size: 12800)
[2026-08-31 11:24:22.921] [758484] [HailoRT] [info] [queue_elements.cpp:657] [create] Created (PullQEl_hw_read3scrfd_2_5g/conv42)
[2026-08-31 11:24:22.921] [758484] [HailoRT] [info] [filter_elements.cpp:372] [create] Created (PostInferEl3scrfd_2_5g/conv42 | Quantization - src_type: UINT8, dst_type FLOAT32, limvals_min: 0, limvals_max: 1)
[2026-08-31 11:24:22.921] [758484] [HailoRT] [info] [queue_elements.cpp:800] [create] Created (UserBuffQEl3scrfd_2_5g/conv42 | timeout: 10s)
[2026-08-31 11:24:22.921] [758484] [HailoRT] [info] [vstream.cpp:1114] [OutputVStreamImpl] Creating scrfd_2_5g/conv42...
[2026-08-31 11:24:22.921] [758484] [HailoRT] [info] [vstream_builder.cpp:220] [create_outputs] Output pipeline 'scrfd_2_5g/conv42': HW >> (HwReadEl3scrfd_2_5g/conv42 | hw_frame_size: 12800) >> (PullQEl_hw_read3scrfd_2_5g/conv42) >> (PostInferEl3scrfd_2_5g/conv42 | Quantization - src_type: UINT8, dst_type FLOAT32, limvals_min: 0, limvals_max: 1) >> (UserBuffQEl3scrfd_2_5g/conv42 | timeout: 10s)
[2026-08-31 11:24:22.921] [758484] [HailoRT] [info] [edge_elements.cpp:287] [create] Created (HwReadEl0scrfd_2_5g/conv43 | hw_frame_size: 51200)
[2026-08-31 11:24:22.921] [758484] [HailoRT] [info] [queue_elements.cpp:657] [create] Created (PullQEl_hw_read0scrfd_2_5g/conv43)
[2026-08-31 11:24:22.921] [758484] [HailoRT] [info] [filter_elements.cpp:372] [create] Created (PostInferEl0scrfd_2_5g/conv43 | Quantization - src_type: UINT8, dst_type FLOAT32, limvals_min: -0.0793963, limvals_max: 4.98212)
[2026-08-31 11:24:22.921] [758484] [HailoRT] [info] [queue_elements.cpp:800] [create] Created (UserBuffQEl0scrfd_2_5g/conv43 | timeout: 10s)
[2026-08-31 11:24:22.921] [758484] [HailoRT] [info] [vstream.cpp:1114] [OutputVStreamImpl] Creating scrfd_2_5g/conv43...
[2026-08-31 11:24:22.921] [758484] [HailoRT] [info] [vstream_builder.cpp:220] [create_outputs] Output pipeline 'scrfd_2_5g/conv43': HW >> (HwReadEl0scrfd_2_5g/conv43 | hw_frame_size: 51200) >> (PullQEl_hw_read0scrfd_2_5g/conv43) >> (PostInferEl0scrfd_2_5g/conv43 | Quantization - src_type: UINT8, dst_type FLOAT32, limvals_min: -0.0793963, limvals_max: 4.98212) >> (UserBuffQEl0scrfd_2_5g/conv43 | timeout: 10s)
[2026-08-31 11:24:22.921] [758484] [HailoRT] [info] [edge_elements.cpp:287] [create] Created (HwReadEl2scrfd_2_5g/conv44 | hw_frame_size: 153600)
[2026-08-31 11:24:22.921] [758484] [HailoRT] [info] [queue_elements.cpp:657] [create] Created (PullQEl_hw_read2scrfd_2_5g/conv44)
[2026-08-31 11:24:22.922] [758484] [HailoRT] [info] [filter_elements.cpp:372] [create] Created (PostInferEl2scrfd_2_5g/conv44 | Quantization - src_type: UINT8, dst_type FLOAT32, limvals_min: -3.16292, limvals_max: 3.50274 | Reorder - src_order: FCR, src_shape: (80, 80, 24), dst_order: FCR, dst_shape: (80, 80, 20))
[2026-08-31 11:24:22.922] [758484] [HailoRT] [info] [queue_elements.cpp:800] [create] Created (UserBuffQEl2scrfd_2_5g/conv44 | timeout: 10s)
[2026-08-31 11:24:22.922] [758484] [HailoRT] [info] [vstream.cpp:1114] [OutputVStreamImpl] Creating scrfd_2_5g/conv44...
[2026-08-31 11:24:22.922] [758484] [HailoRT] [info] [vstream_builder.cpp:220] [create_outputs] Output pipeline 'scrfd_2_5g/conv44': HW >> (HwReadEl2scrfd_2_5g/conv44 | hw_frame_size: 153600) >> (PullQEl_hw_read2scrfd_2_5g/conv44) >> (PostInferEl2scrfd_2_5g/conv44 | Quantization - src_type: UINT8, dst_type FLOAT32, limvals_min: -3.16292, limvals_max: 3.50274 | Reorder - src_order: FCR, src_shape: (80, 80, 24), dst_order: FCR, dst_shape: (80, 80, 20)) >> (UserBuffQEl2scrfd_2_5g/conv44 | timeout: 10s)
[2026-08-31 11:24:22.922] [758484] [HailoRT] [info] [edge_elements.cpp:287] [create] Created (HwReadEl14scrfd_2_5g/conv49 | hw_frame_size: 3200)
[2026-08-31 11:24:22.922] [758484] [HailoRT] [info] [queue_elements.cpp:657] [create] Created (PullQEl_hw_read14scrfd_2_5g/conv49)
[2026-08-31 11:24:22.922] [758484] [HailoRT] [info] [filter_elements.cpp:372] [create] Created (PostInferEl14scrfd_2_5g/conv49 | Quantization - src_type: UINT8, dst_type FLOAT32, limvals_min: 0, limvals_max: 1)
[2026-08-31 11:24:22.922] [758484] [HailoRT] [info] [queue_elements.cpp:800] [create] Created (UserBuffQEl14scrfd_2_5g/conv49 | timeout: 10s)
[2026-08-31 11:24:22.922] [758484] [HailoRT] [info] [vstream.cpp:1114] [OutputVStreamImpl] Creating scrfd_2_5g/conv49...
[2026-08-31 11:24:22.922] [758484] [HailoRT] [info] [vstream_builder.cpp:220] [create_outputs] Output pipeline 'scrfd_2_5g/conv49': HW >> (HwReadEl14scrfd_2_5g/conv49 | hw_frame_size: 3200) >> (PullQEl_hw_read14scrfd_2_5g/conv49) >> (PostInferEl14scrfd_2_5g/conv49 | Quantization - src_type: UINT8, dst_type FLOAT32, limvals_min: 0, limvals_max: 1) >> (UserBuffQEl14scrfd_2_5g/conv49 | timeout: 10s)
[2026-08-31 11:24:22.922] [758484] [HailoRT] [info] [edge_elements.cpp:287] [create] Created (HwReadEl12scrfd_2_5g/conv50 | hw_frame_size: 12800)
[2026-08-31 11:24:22.922] [758484] [HailoRT] [info] [queue_elements.cpp:657] [create] Created (PullQEl_hw_read12scrfd_2_5g/conv50)
[2026-08-31 11:24:22.922] [758484] [HailoRT] [info] [filter_elements.cpp:372] [create] Created (PostInferEl12scrfd_2_5g/conv50 | Quantization - src_type: UINT8, dst_type FLOAT32, limvals_min: 0, limvals_max: 8.10626)
[2026-08-31 11:24:22.922] [758484] [HailoRT] [info] [queue_elements.cpp:800] [create] Created (UserBuffQEl12scrfd_2_5g/conv50 | timeout: 10s)
[2026-08-31 11:24:22.922] [758484] [HailoRT] [info] [vstream.cpp:1114] [OutputVStreamImpl] Creating scrfd_2_5g/conv50...
[2026-08-31 11:24:22.922] [758484] [HailoRT] [info] [vstream_builder.cpp:220] [create_outputs] Output pipeline 'scrfd_2_5g/conv50': HW >> (HwReadEl12scrfd_2_5g/conv50 | hw_frame_size: 12800) >> (PullQEl_hw_read12scrfd_2_5g/conv50) >> (PostInferEl12scrfd_2_5g/conv50 | Quantization - src_type: UINT8, dst_type FLOAT32, limvals_min: 0, limvals_max: 8.10626) >> (UserBuffQEl12scrfd_2_5g/conv50 | timeout: 10s)
[2026-08-31 11:24:22.922] [758484] [HailoRT] [info] [edge_elements.cpp:287] [create] Created (HwReadEl1scrfd_2_5g/conv51 | hw_frame_size: 38400)
[2026-08-31 11:24:22.922] [758484] [HailoRT] [info] [queue_elements.cpp:657] [create] Created (PullQEl_hw_read1scrfd_2_5g/conv51)
[2026-08-31 11:24:22.922] [758484] [HailoRT] [info] [filter_elements.cpp:372] [create] Created (PostInferEl1scrfd_2_5g/conv51 | Quantization - src_type: UINT8, dst_type FLOAT32, limvals_min: -4.24698, limvals_max: 5.17024 | Reorder - src_order: FCR, src_shape: (40, 40, 24), dst_order: FCR, dst_shape: (40, 40, 20))
[2026-08-31 11:24:22.922] [758484] [HailoRT] [info] [queue_elements.cpp:800] [create] Created (UserBuffQEl1scrfd_2_5g/conv51 | timeout: 10s)
[2026-08-31 11:24:22.922] [758484] [HailoRT] [info] [vstream.cpp:1114] [OutputVStreamImpl] Creating scrfd_2_5g/conv51...
[2026-08-31 11:24:22.922] [758484] [HailoRT] [info] [vstream_builder.cpp:220] [create_outputs] Output pipeline 'scrfd_2_5g/conv51': HW >> (HwReadEl1scrfd_2_5g/conv51 | hw_frame_size: 38400) >> (PullQEl_hw_read1scrfd_2_5g/conv51) >> (PostInferEl1scrfd_2_5g/conv51 | Quantization - src_type: UINT8, dst_type FLOAT32, limvals_min: -4.24698, limvals_max: 5.17024 | Reorder - src_order: FCR, src_shape: (40, 40, 24), dst_order: FCR, dst_shape: (40, 40, 20)) >> (UserBuffQEl1scrfd_2_5g/conv51 | timeout: 10s)
[2026-08-31 11:24:22.922] [758484] [HailoRT] [info] [edge_elements.cpp:287] [create] Created (HwReadEl10scrfd_2_5g/conv55 | hw_frame_size: 800)
[2026-08-31 11:24:22.922] [758484] [HailoRT] [info] [queue_elements.cpp:657] [create] Created (PullQEl_hw_read10scrfd_2_5g/conv55)
[2026-08-31 11:24:22.922] [758484] [HailoRT] [info] [filter_elements.cpp:372] [create] Created (PostInferEl10scrfd_2_5g/conv55 | Quantization - src_type: UINT8, dst_type FLOAT32, limvals_min: 0, limvals_max: 1 | Reorder - src_order: NHCW, src_shape: (20, 20, 2), dst_order: NHWC, dst_shape: (20, 20, 2))
[2026-08-31 11:24:22.922] [758484] [HailoRT] [info] [queue_elements.cpp:800] [create] Created (UserBuffQEl10scrfd_2_5g/conv55 | timeout: 10s)
[2026-08-31 11:24:22.923] [758484] [HailoRT] [info] [vstream.cpp:1114] [OutputVStreamImpl] Creating scrfd_2_5g/conv55...
[2026-08-31 11:24:22.923] [758484] [HailoRT] [info] [vstream_builder.cpp:220] [create_outputs] Output pipeline 'scrfd_2_5g/conv55': HW >> (HwReadEl10scrfd_2_5g/conv55 | hw_frame_size: 800) >> (PullQEl_hw_read10scrfd_2_5g/conv55) >> (PostInferEl10scrfd_2_5g/conv55 | Quantization - src_type: UINT8, dst_type FLOAT32, limvals_min: 0, limvals_max: 1 | Reorder - src_order: NHCW, src_shape: (20, 20, 2), dst_order: NHWC, dst_shape: (20, 20, 2)) >> (UserBuffQEl10scrfd_2_5g/conv55 | timeout: 10s)
[2026-08-31 11:24:22.923] [758484] [HailoRT] [info] [edge_elements.cpp:287] [create] Created (HwReadEl9scrfd_2_5g/conv56 | hw_frame_size: 3200)
[2026-08-31 11:24:22.923] [758484] [HailoRT] [info] [queue_elements.cpp:657] [create] Created (PullQEl_hw_read9scrfd_2_5g/conv56)
[2026-08-31 11:24:22.923] [758484] [HailoRT] [info] [filter_elements.cpp:372] [create] Created (PostInferEl9scrfd_2_5g/conv56 | Quantization - src_type: UINT8, dst_type FLOAT32, limvals_min: -0.0299247, limvals_max: 7.60086 | Reorder - src_order: NHCW, src_shape: (20, 20, 8), dst_order: NHWC, dst_shape: (20, 20, 8))
[2026-08-31 11:24:22.923] [758484] [HailoRT] [info] [queue_elements.cpp:800] [create] Created (UserBuffQEl9scrfd_2_5g/conv56 | timeout: 10s)
[2026-08-31 11:24:22.923] [758484] [HailoRT] [info] [vstream.cpp:1114] [OutputVStreamImpl] Creating scrfd_2_5g/conv56...
[2026-08-31 11:24:22.923] [758484] [HailoRT] [info] [vstream_builder.cpp:220] [create_outputs] Output pipeline 'scrfd_2_5g/conv56': HW >> (HwReadEl9scrfd_2_5g/conv56 | hw_frame_size: 3200) >> (PullQEl_hw_read9scrfd_2_5g/conv56) >> (PostInferEl9scrfd_2_5g/conv56 | Quantization - src_type: UINT8, dst_type FLOAT32, limvals_min: -0.0299247, limvals_max: 7.60086 | Reorder - src_order: NHCW, src_shape: (20, 20, 8), dst_order: NHWC, dst_shape: (20, 20, 8)) >> (UserBuffQEl9scrfd_2_5g/conv56 | timeout: 10s)
[2026-08-31 11:24:22.923] [758484] [HailoRT] [info] [edge_elements.cpp:287] [create] Created (HwReadEl13scrfd_2_5g/conv57 | hw_frame_size: 9600)
[2026-08-31 11:24:22.923] [758484] [HailoRT] [info] [queue_elements.cpp:657] [create] Created (PullQEl_hw_read13scrfd_2_5g/conv57)
[2026-08-31 11:24:22.923] [758484] [HailoRT] [info] [filter_elements.cpp:372] [create] Created (PostInferEl13scrfd_2_5g/conv57 | Quantization - src_type: UINT8, dst_type FLOAT32, limvals_min: -4.03285, limvals_max: 5.14908 | Reorder - src_order: FCR, src_shape: (20, 20, 24), dst_order: FCR, dst_shape: (20, 20, 20))
[2026-08-31 11:24:22.923] [758484] [HailoRT] [info] [queue_elements.cpp:800] [create] Created (UserBuffQEl13scrfd_2_5g/conv57 | timeout: 10s)
[2026-08-31 11:24:22.923] [758484] [HailoRT] [info] [vstream.cpp:1114] [OutputVStreamImpl] Creating scrfd_2_5g/conv57...
[2026-08-31 11:24:22.923] [758484] [HailoRT] [info] [vstream_builder.cpp:220] [create_outputs] Output pipeline 'scrfd_2_5g/conv57': HW >> (HwReadEl13scrfd_2_5g/conv57 | hw_frame_size: 9600) >> (PullQEl_hw_read13scrfd_2_5g/conv57) >> (PostInferEl13scrfd_2_5g/conv57 | Quantization - src_type: UINT8, dst_type FLOAT32, limvals_min: -4.03285, limvals_max: 5.14908 | Reorder - src_order: FCR, src_shape: (20, 20, 24), dst_order: FCR, dst_shape: (20, 20, 20)) >> (UserBuffQEl13scrfd_2_5g/conv57 | timeout: 10s)
[2026-08-31 11:24:22.924] [758484] [HailoRT] [info] [core_op.cpp:156] [activate] Activating scrfd_2_5g took 0.63488 milliseconds. Note that the function is asynchronous and thus the network is not fully activated yet.
[2026-08-31 11:24:22.924] [758484] [HailoRT] [info] [core_op.cpp:156] [activate] Activating scrfd_2_5g took 0.646435 milliseconds. Note that the function is asynchronous and thus the network is not fully activated yet.
[2026-08-31 11:24:22.930] [1217062] [HailoRT] [info] [vdevice_native_stream.cpp:331] [read_impl] Failed read from stream HAILO_STREAM_NOT_ACTIVATED(72) (device: 0001:01:00.0)
[2026-08-31 11:24:22.930] [1217058] [HailoRT] [info] [vdevice_native_stream.cpp:331] [read_impl] Failed read from stream HAILO_STREAM_NOT_ACTIVATED(72) (device: 0001:01:00.0)
[2026-08-31 11:24:22.930] [1217064] [HailoRT] [info] [vdevice_native_stream.cpp:331] [read_impl] Failed read from stream HAILO_STREAM_NOT_ACTIVATED(72) (device: 0001:01:00.0)
[2026-08-31 11:24:22.930] [1217050] [HailoRT] [info] [vdevice_native_stream.cpp:331] [read_impl] Failed read from stream HAILO_STREAM_NOT_ACTIVATED(72) (device: 0001:01:00.0)
[2026-08-31 11:24:22.930] [1217066] [HailoRT] [info] [vdevice_native_stream.cpp:331] [read_impl] Failed read from stream HAILO_STREAM_NOT_ACTIVATED(72) (device: 0001:01:00.0)
[2026-08-31 11:24:22.930] [1217052] [HailoRT] [info] [vdevice_native_stream.cpp:331] [read_impl] Failed read from stream HAILO_STREAM_NOT_ACTIVATED(72) (device: 0001:01:00.0)
[2026-08-31 11:24:22.930] [1217054] [HailoRT] [info] [vdevice_native_stream.cpp:331] [read_impl] Failed read from stream HAILO_STREAM_NOT_ACTIVATED(72) (device: 0001:01:00.0)
[2026-08-31 11:24:22.930] [1217056] [HailoRT] [info] [vdevice_native_stream.cpp:331] [read_impl] Failed read from stream HAILO_STREAM_NOT_ACTIVATED(72) (device: 0001:01:00.0)
[2026-08-31 11:24:22.931] [758484] [HailoRT] [info] [core_op.cpp:186] [deactivate] Deactivating took 0.67814 ms
[2026-08-31 11:24:22.931] [758484] [HailoRT] [info] [core_op.cpp:186] [deactivate] Deactivating took 0.690455 ms
[2026-08-31 11:24:22.931] [1217050] [HailoRT] [info] [queue_elements.cpp:734] [run_in_thread] Shutdown event was signaled in run_pull of queue element PullQEl_hw_read3scrfd_2_5g/conv42!
[2026-08-31 11:24:22.931] [1217060] [HailoRT] [info] [vdevice_native_stream.cpp:331] [read_impl] Failed read from stream HAILO_STREAM_NOT_ACTIVATED(72) (device: 0001:01:00.0)
[2026-08-31 11:24:22.931] [1217051] [HailoRT] [info] [queue_elements.cpp:855] [run_in_thread] Shutdown event was signaled in dequeue of UserBuffQEl3scrfd_2_5g/conv42!
[2026-08-31 11:24:22.931] [1217050] [HailoRT] [info] [queue_elements.cpp:68] [operator()] Thread in element PullQEl_hw_read3scrfd_2_5g/conv42 is not running anymore, exiting..
[2026-08-31 11:24:22.931] [758484] [HailoRT] [info] [queue_elements.cpp:46] [~BaseQueueElement] Queue element PullQEl_hw_read3scrfd_2_5g/conv42 has 0 frames in his Queue on destruction
[2026-08-31 11:24:22.931] [1217051] [HailoRT] [info] [queue_elements.cpp:68] [operator()] Thread in element UserBuffQEl3scrfd_2_5g/conv42 is not running anymore, exiting..
[2026-08-31 11:24:22.931] [758484] [HailoRT] [info] [queue_elements.cpp:46] [~BaseQueueElement] Queue element UserBuffQEl3scrfd_2_5g/conv42 has 0 frames in his Queue on destruction
[2026-08-31 11:24:22.931] [1217052] [HailoRT] [info] [queue_elements.cpp:734] [run_in_thread] Shutdown event was signaled in run_pull of queue element PullQEl_hw_read0scrfd_2_5g/conv43!
[2026-08-31 11:24:22.931] [1217053] [HailoRT] [info] [queue_elements.cpp:855] [run_in_thread] Shutdown event was signaled in dequeue of UserBuffQEl0scrfd_2_5g/conv43!
[2026-08-31 11:24:22.932] [1217052] [HailoRT] [info] [queue_elements.cpp:68] [operator()] Thread in element PullQEl_hw_read0scrfd_2_5g/conv43 is not running anymore, exiting..
[2026-08-31 11:24:22.932] [758484] [HailoRT] [info] [queue_elements.cpp:46] [~BaseQueueElement] Queue element PullQEl_hw_read0scrfd_2_5g/conv43 has 0 frames in his Queue on destruction
[2026-08-31 11:24:22.932] [758484] [HailoRT] [info] [queue_elements.cpp:46] [~BaseQueueElement] Queue element UserBuffQEl0scrfd_2_5g/conv43 has 0 frames in his Queue on destruction
[2026-08-31 11:24:22.932] [1217054] [HailoRT] [info] [queue_elements.cpp:734] [run_in_thread] Shutdown event was signaled in run_pull of queue element PullQEl_hw_read2scrfd_2_5g/conv44!
[2026-08-31 11:24:22.932] [1217055] [HailoRT] [info] [queue_elements.cpp:855] [run_in_thread] Shutdown event was signaled in dequeue of UserBuffQEl2scrfd_2_5g/conv44!
[2026-08-31 11:24:22.932] [1217054] [HailoRT] [info] [queue_elements.cpp:68] [operator()] Thread in element PullQEl_hw_read2scrfd_2_5g/conv44 is not running anymore, exiting..
[2026-08-31 11:24:22.932] [758484] [HailoRT] [info] [queue_elements.cpp:46] [~BaseQueueElement] Queue element PullQEl_hw_read2scrfd_2_5g/conv44 has 0 frames in his Queue on destruction
[2026-08-31 11:24:22.932] [1217055] [HailoRT] [info] [queue_elements.cpp:68] [operator()] Thread in element UserBuffQEl2scrfd_2_5g/conv44 is not running anymore, exiting..
[2026-08-31 11:24:22.932] [758484] [HailoRT] [info] [queue_elements.cpp:46] [~BaseQueueElement] Queue element UserBuffQEl2scrfd_2_5g/conv44 has 0 frames in his Queue on destruction
[2026-08-31 11:24:22.932] [1217057] [HailoRT] [info] [queue_elements.cpp:855] [run_in_thread] Shutdown event was signaled in dequeue of UserBuffQEl14scrfd_2_5g/conv49!
[2026-08-31 11:24:22.932] [1217056] [HailoRT] [info] [queue_elements.cpp:734] [run_in_thread] Shutdown event was signaled in run_pull of queue element PullQEl_hw_read14scrfd_2_5g/conv49!
[2026-08-31 11:24:22.932] [1217056] [HailoRT] [info] [queue_elements.cpp:68] [operator()] Thread in element PullQEl_hw_read14scrfd_2_5g/conv49 is not running anymore, exiting..
[2026-08-31 11:24:22.932] [758484] [HailoRT] [info] [queue_elements.cpp:46] [~BaseQueueElement] Queue element PullQEl_hw_read14scrfd_2_5g/conv49 has 0 frames in his Queue on destruction
[2026-08-31 11:24:22.932] [1217057] [HailoRT] [info] [queue_elements.cpp:68] [operator()] Thread in element UserBuffQEl14scrfd_2_5g/conv49 is not running anymore, exiting..
[2026-08-31 11:24:22.932] [758484] [HailoRT] [info] [queue_elements.cpp:46] [~BaseQueueElement] Queue element UserBuffQEl14scrfd_2_5g/conv49 has 0 frames in his Queue on destruction
[2026-08-31 11:24:22.932] [1217058] [HailoRT] [info] [queue_elements.cpp:734] [run_in_thread] Shutdown event was signaled in run_pull of queue element PullQEl_hw_read12scrfd_2_5g/conv50!
[2026-08-31 11:24:22.932] [1217059] [HailoRT] [info] [queue_elements.cpp:855] [run_in_thread] Shutdown event was signaled in dequeue of UserBuffQEl12scrfd_2_5g/conv50!
[2026-08-31 11:24:22.932] [1217058] [HailoRT] [info] [queue_elements.cpp:68] [operator()] Thread in element PullQEl_hw_read12scrfd_2_5g/conv50 is not running anymore, exiting..
[2026-08-31 11:24:22.932] [758484] [HailoRT] [info] [queue_elements.cpp:46] [~BaseQueueElement] Queue element PullQEl_hw_read12scrfd_2_5g/conv50 has 0 frames in his Queue on destruction
[2026-08-31 11:24:22.932] [1217059] [HailoRT] [info] [queue_elements.cpp:68] [operator()] Thread in element UserBuffQEl12scrfd_2_5g/conv50 is not running anymore, exiting..
[2026-08-31 11:24:22.933] [758484] [HailoRT] [info] [queue_elements.cpp:46] [~BaseQueueElement] Queue element UserBuffQEl12scrfd_2_5g/conv50 has 0 frames in his Queue on destruction
[2026-08-31 11:24:22.933] [1217061] [HailoRT] [info] [queue_elements.cpp:855] [run_in_thread] Shutdown event was signaled in dequeue of UserBuffQEl1scrfd_2_5g/conv51!
[2026-08-31 11:24:22.933] [1217060] [HailoRT] [info] [queue_elements.cpp:734] [run_in_thread] Shutdown event was signaled in run_pull of queue element PullQEl_hw_read1scrfd_2_5g/conv51!
[2026-08-31 11:24:22.933] [1217060] [HailoRT] [info] [queue_elements.cpp:68] [operator()] Thread in element PullQEl_hw_read1scrfd_2_5g/conv51 is not running anymore, exiting..
[2026-08-31 11:24:22.933] [758484] [HailoRT] [info] [queue_elements.cpp:46] [~BaseQueueElement] Queue element PullQEl_hw_read1scrfd_2_5g/conv51 has 0 frames in his Queue on destruction
[2026-08-31 11:24:22.933] [1217061] [HailoRT] [info] [queue_elements.cpp:68] [operator()] Thread in element UserBuffQEl1scrfd_2_5g/conv51 is not running anymore, exiting..
[2026-08-31 11:24:22.933] [758484] [HailoRT] [info] [queue_elements.cpp:46] [~BaseQueueElement] Queue element UserBuffQEl1scrfd_2_5g/conv51 has 0 frames in his Queue on destruction
[2026-08-31 11:24:22.933] [1217062] [HailoRT] [info] [queue_elements.cpp:734] [run_in_thread] Shutdown event was signaled in run_pull of queue element PullQEl_hw_read10scrfd_2_5g/conv55!
[2026-08-31 11:24:22.933] [1217063] [HailoRT] [info] [queue_elements.cpp:855] [run_in_thread] Shutdown event was signaled in dequeue of UserBuffQEl10scrfd_2_5g/conv55!
[2026-08-31 11:24:22.933] [1217062] [HailoRT] [info] [queue_elements.cpp:68] [operator()] Thread in element PullQEl_hw_read10scrfd_2_5g/conv55 is not running anymore, exiting..
[2026-08-31 11:24:22.933] [758484] [HailoRT] [info] [queue_elements.cpp:46] [~BaseQueueElement] Queue element PullQEl_hw_read10scrfd_2_5g/conv55 has 0 frames in his Queue on destruction
[2026-08-31 11:24:22.933] [1217063] [HailoRT] [info] [queue_elements.cpp:68] [operator()] Thread in element UserBuffQEl10scrfd_2_5g/conv55 is not running anymore, exiting..
[2026-08-31 11:24:22.933] [758484] [HailoRT] [info] [queue_elements.cpp:46] [~BaseQueueElement] Queue element UserBuffQEl10scrfd_2_5g/conv55 has 0 frames in his Queue on destruction
[2026-08-31 11:24:22.933] [1217064] [HailoRT] [info] [queue_elements.cpp:734] [run_in_thread] Shutdown event was signaled in run_pull of queue element PullQEl_hw_read9scrfd_2_5g/conv56!
[2026-08-31 11:24:22.933] [1217065] [HailoRT] [info] [queue_elements.cpp:855] [run_in_thread] Shutdown event was signaled in dequeue of UserBuffQEl9scrfd_2_5g/conv56!
[2026-08-31 11:24:22.933] [1217064] [HailoRT] [info] [queue_elements.cpp:68] [operator()] Thread in element PullQEl_hw_read9scrfd_2_5g/conv56 is not running anymore, exiting..
[2026-08-31 11:24:22.933] [758484] [HailoRT] [info] [queue_elements.cpp:46] [~BaseQueueElement] Queue element PullQEl_hw_read9scrfd_2_5g/conv56 has 0 frames in his Queue on destruction
[2026-08-31 11:24:22.933] [1217065] [HailoRT] [info] [queue_elements.cpp:68] [operator()] Thread in element UserBuffQEl9scrfd_2_5g/conv56 is not running anymore, exiting..
[2026-08-31 11:24:22.933] [758484] [HailoRT] [info] [queue_elements.cpp:46] [~BaseQueueElement] Queue element UserBuffQEl9scrfd_2_5g/conv56 has 0 frames in his Queue on destruction
[2026-08-31 11:24:22.933] [1217067] [HailoRT] [info] [queue_elements.cpp:855] [run_in_thread] Shutdown event was signaled in dequeue of UserBuffQEl13scrfd_2_5g/conv57!
[2026-08-31 11:24:22.933] [1217066] [HailoRT] [info] [queue_elements.cpp:734] [run_in_thread] Shutdown event was signaled in run_pull of queue element PullQEl_hw_read13scrfd_2_5g/conv57!
[2026-08-31 11:24:22.933] [1217066] [HailoRT] [info] [queue_elements.cpp:68] [operator()] Thread in element PullQEl_hw_read13scrfd_2_5g/conv57 is not running anymore, exiting..
[2026-08-31 11:24:22.933] [758484] [HailoRT] [info] [queue_elements.cpp:46] [~BaseQueueElement] Queue element PullQEl_hw_read13scrfd_2_5g/conv57 has 0 frames in his Queue on destruction
[2026-08-31 11:24:22.933] [1217067] [HailoRT] [info] [queue_elements.cpp:68] [operator()] Thread in element UserBuffQEl13scrfd_2_5g/conv57 is not running anymore, exiting..
[2026-08-31 11:24:22.933] [758484] [HailoRT] [info] [queue_elements.cpp:46] [~BaseQueueElement] Queue element UserBuffQEl13scrfd_2_5g/conv57 has 0 frames in his Queue on destruction
[2026-08-31 11:24:23.058] [758484] [HailoRT] [info] [edge_elements.cpp:52] [create] Created (HwWriteEl3scrfd_2_5g/input_layer1 | hw_frame_size: 1228800)
[2026-08-31 11:24:23.059] [758484] [HailoRT] [info] [vstream.cpp:754] [InputVStreamImpl] Creating scrfd_2_5g/input_layer1...
[2026-08-31 11:24:23.059] [758484] [HailoRT] [info] [vstream_builder.cpp:102] [create_inputs] Input pipeline 'scrfd_2_5g/input_layer1': (HwWriteEl3scrfd_2_5g/input_layer1 | hw_frame_size: 1228800) >> HW
[2026-08-31 11:24:23.059] [758484] [HailoRT] [info] [edge_elements.cpp:287] [create] Created (HwReadEl3scrfd_2_5g/conv42 | hw_frame_size: 12800)
[2026-08-31 11:24:23.059] [758484] [HailoRT] [info] [queue_elements.cpp:657] [create] Created (PullQEl_hw_read3scrfd_2_5g/conv42)
[2026-08-31 11:24:23.059] [758484] [HailoRT] [info] [filter_elements.cpp:372] [create] Created (PostInferEl3scrfd_2_5g/conv42 | Quantization - src_type: UINT8, dst_type FLOAT32, limvals_min: 0, limvals_max: 1)
[2026-08-31 11:24:23.059] [758484] [HailoRT] [info] [queue_elements.cpp:800] [create] Created (UserBuffQEl3scrfd_2_5g/conv42 | timeout: 10s)
[2026-08-31 11:24:23.059] [758484] [HailoRT] [info] [vstream.cpp:1114] [OutputVStreamImpl] Creating scrfd_2_5g/conv42...
[2026-08-31 11:24:23.059] [758484] [HailoRT] [info] [vstream_builder.cpp:220] [create_outputs] Output pipeline 'scrfd_2_5g/conv42': HW >> (HwReadEl3scrfd_2_5g/conv42 | hw_frame_size: 12800) >> (PullQEl_hw_read3scrfd_2_5g/conv42) >> (PostInferEl3scrfd_2_5g/conv42 | Quantization - src_type: UINT8, dst_type FLOAT32, limvals_min: 0, limvals_max: 1) >> (UserBuffQEl3scrfd_2_5g/conv42 | timeout: 10s)
[2026-08-31 11:24:23.059] [758484] [HailoRT] [info] [edge_elements.cpp:287] [create] Created (HwReadEl0scrfd_2_5g/conv43 | hw_frame_size: 51200)
[2026-08-31 11:24:23.059] [758484] [HailoRT] [info] [queue_elements.cpp:657] [create] Created (PullQEl_hw_read0scrfd_2_5g/conv43)
[2026-08-31 11:24:23.059] [758484] [HailoRT] [info] [filter_elements.cpp:372] [create] Created (PostInferEl0scrfd_2_5g/conv43 | Quantization - src_type: UINT8, dst_type FLOAT32, limvals_min: -0.0793963, limvals_max: 4.98212)
[2026-08-31 11:24:23.060] [758484] [HailoRT] [info] [queue_elements.cpp:800] [create] Created (UserBuffQEl0scrfd_2_5g/conv43 | timeout: 10s)
[2026-08-31 11:24:23.060] [758484] [HailoRT] [info] [vstream.cpp:1114] [OutputVStreamImpl] Creating scrfd_2_5g/conv43...
[2026-08-31 11:24:23.060] [758484] [HailoRT] [info] [vstream_builder.cpp:220] [create_outputs] Output pipeline 'scrfd_2_5g/conv43': HW >> (HwReadEl0scrfd_2_5g/conv43 | hw_frame_size: 51200) >> (PullQEl_hw_read0scrfd_2_5g/conv43) >> (PostInferEl0scrfd_2_5g/conv43 | Quantization - src_type: UINT8, dst_type FLOAT32, limvals_min: -0.0793963, limvals_max: 4.98212) >> (UserBuffQEl0scrfd_2_5g/conv43 | timeout: 10s)
[2026-08-31 11:24:23.060] [758484] [HailoRT] [info] [edge_elements.cpp:287] [create] Created (HwReadEl2scrfd_2_5g/conv44 | hw_frame_size: 153600)
[2026-08-31 11:24:23.060] [758484] [HailoRT] [info] [queue_elements.cpp:657] [create] Created (PullQEl_hw_read2scrfd_2_5g/conv44)
[2026-08-31 11:24:23.060] [758484] [HailoRT] [info] [filter_elements.cpp:372] [create] Created (PostInferEl2scrfd_2_5g/conv44 | Quantization - src_type: UINT8, dst_type FLOAT32, limvals_min: -3.16292, limvals_max: 3.50274 | Reorder - src_order: FCR, src_shape: (80, 80, 24), dst_order: FCR, dst_shape: (80, 80, 20))
[2026-08-31 11:24:23.060] [758484] [HailoRT] [info] [queue_elements.cpp:800] [create] Created (UserBuffQEl2scrfd_2_5g/conv44 | timeout: 10s)
[2026-08-31 11:24:23.060] [758484] [HailoRT] [info] [vstream.cpp:1114] [OutputVStreamImpl] Creating scrfd_2_5g/conv44...
[2026-08-31 11:24:23.060] [758484] [HailoRT] [info] [vstream_builder.cpp:220] [create_outputs] Output pipeline 'scrfd_2_5g/conv44': HW >> (HwReadEl2scrfd_2_5g/conv44 | hw_frame_size: 153600) >> (PullQEl_hw_read2scrfd_2_5g/conv44) >> (PostInferEl2scrfd_2_5g/conv44 | Quantization - src_type: UINT8, dst_type FLOAT32, limvals_min: -3.16292, limvals_max: 3.50274 | Reorder - src_order: FCR, src_shape: (80, 80, 24), dst_order: FCR, dst_shape: (80, 80, 20)) >> (UserBuffQEl2scrfd_2_5g/conv44 | timeout: 10s)
[2026-08-31 11:24:23.060] [758484] [HailoRT] [info] [edge_elements.cpp:287] [create] Created (HwReadEl14scrfd_2_5g/conv49 | hw_frame_size: 3200)
[2026-08-31 11:24:23.060] [758484] [HailoRT] [info] [queue_elements.cpp:657] [create] Created (PullQEl_hw_read14scrfd_2_5g/conv49)
[2026-08-31 11:24:23.060] [758484] [HailoRT] [info] [filter_elements.cpp:372] [create] Created (PostInferEl14scrfd_2_5g/conv49 | Quantization - src_type: UINT8, dst_type FLOAT32, limvals_min: 0, limvals_max: 1)
[2026-08-31 11:24:23.060] [758484] [HailoRT] [info] [queue_elements.cpp:800] [create] Created (UserBuffQEl14scrfd_2_5g/conv49 | timeout: 10s)
[2026-08-31 11:24:23.060] [758484] [HailoRT] [info] [vstream.cpp:1114] [OutputVStreamImpl] Creating scrfd_2_5g/conv49...
[2026-08-31 11:24:23.060] [758484] [HailoRT] [info] [vstream_builder.cpp:220] [create_outputs] Output pipeline 'scrfd_2_5g/conv49': HW >> (HwReadEl14scrfd_2_5g/conv49 | hw_frame_size: 3200) >> (PullQEl_hw_read14scrfd_2_5g/conv49) >> (PostInferEl14scrfd_2_5g/conv49 | Quantization - src_type: UINT8, dst_type FLOAT32, limvals_min: 0, limvals_max: 1) >> (UserBuffQEl14scrfd_2_5g/conv49 | timeout: 10s)
[2026-08-31 11:24:23.060] [758484] [HailoRT] [info] [edge_elements.cpp:287] [create] Created (HwReadEl12scrfd_2_5g/conv50 | hw_frame_size: 12800)
[2026-08-31 11:24:23.060] [758484] [HailoRT] [info] [queue_elements.cpp:657] [create] Created (PullQEl_hw_read12scrfd_2_5g/conv50)
[2026-08-31 11:24:23.060] [758484] [HailoRT] [info] [filter_elements.cpp:372] [create] Created (PostInferEl12scrfd_2_5g/conv50 | Quantization - src_type: UINT8, dst_type FLOAT32, limvals_min: 0, limvals_max: 8.10626)
[2026-08-31 11:24:23.060] [758484] [HailoRT] [info] [queue_elements.cpp:800] [create] Created (UserBuffQEl12scrfd_2_5g/conv50 | timeout: 10s)
[2026-08-31 11:24:23.060] [758484] [HailoRT] [info] [vstream.cpp:1114] [OutputVStreamImpl] Creating scrfd_2_5g/conv50...
[2026-08-31 11:24:23.060] [758484] [HailoRT] [info] [vstream_builder.cpp:220] [create_outputs] Output pipeline 'scrfd_2_5g/conv50': HW >> (HwReadEl12scrfd_2_5g/conv50 | hw_frame_size: 12800) >> (PullQEl_hw_read12scrfd_2_5g/conv50) >> (PostInferEl12scrfd_2_5g/conv50 | Quantization - src_type: UINT8, dst_type FLOAT32, limvals_min: 0, limvals_max: 8.10626) >> (UserBuffQEl12scrfd_2_5g/conv50 | timeout: 10s)
[2026-08-31 11:24:23.060] [758484] [HailoRT] [info] [edge_elements.cpp:287] [create] Created (HwReadEl1scrfd_2_5g/conv51 | hw_frame_size: 38400)
[2026-08-31 11:24:23.060] [758484] [HailoRT] [info] [queue_elements.cpp:657] [create] Created (PullQEl_hw_read1scrfd_2_5g/conv51)
[2026-08-31 11:24:23.060] [758484] [HailoRT] [info] [filter_elements.cpp:372] [create] Created (PostInferEl1scrfd_2_5g/conv51 | Quantization - src_type: UINT8, dst_type FLOAT32, limvals_min: -4.24698, limvals_max: 5.17024 | Reorder - src_order: FCR, src_shape: (40, 40, 24), dst_order: FCR, dst_shape: (40, 40, 20))
[2026-08-31 11:24:23.060] [758484] [HailoRT] [info] [queue_elements.cpp:800] [create] Created (UserBuffQEl1scrfd_2_5g/conv51 | timeout: 10s)
[2026-08-31 11:24:23.060] [758484] [HailoRT] [info] [vstream.cpp:1114] [OutputVStreamImpl] Creating scrfd_2_5g/conv51...
[2026-08-31 11:24:23.060] [758484] [HailoRT] [info] [vstream_builder.cpp:220] [create_outputs] Output pipeline 'scrfd_2_5g/conv51': HW >> (HwReadEl1scrfd_2_5g/conv51 | hw_frame_size: 38400) >> (PullQEl_hw_read1scrfd_2_5g/conv51) >> (PostInferEl1scrfd_2_5g/conv51 | Quantization - src_type: UINT8, dst_type FLOAT32, limvals_min: -4.24698, limvals_max: 5.17024 | Reorder - src_order: FCR, src_shape: (40, 40, 24), dst_order: FCR, dst_shape: (40, 40, 20)) >> (UserBuffQEl1scrfd_2_5g/conv51 | timeout: 10s)
[2026-08-31 11:24:23.060] [758484] [HailoRT] [info] [edge_elements.cpp:287] [create] Created (HwReadEl10scrfd_2_5g/conv55 | hw_frame_size: 800)
[2026-08-31 11:24:23.061] [758484] [HailoRT] [info] [queue_elements.cpp:657] [create] Created (PullQEl_hw_read10scrfd_2_5g/conv55)
[2026-08-31 11:24:23.061] [758484] [HailoRT] [info] [filter_elements.cpp:372] [create] Created (PostInferEl10scrfd_2_5g/conv55 | Quantization - src_type: UINT8, dst_type FLOAT32, limvals_min: 0, limvals_max: 1 | Reorder - src_order: NHCW, src_shape: (20, 20, 2), dst_order: NHWC, dst_shape: (20, 20, 2))
[2026-08-31 11:24:23.061] [758484] [HailoRT] [info] [queue_elements.cpp:800] [create] Created (UserBuffQEl10scrfd_2_5g/conv55 | timeout: 10s)
[2026-08-31 11:24:23.061] [758484] [HailoRT] [info] [vstream.cpp:1114] [OutputVStreamImpl] Creating scrfd_2_5g/conv55...
[2026-08-31 11:24:23.061] [758484] [HailoRT] [info] [vstream_builder.cpp:220] [create_outputs] Output pipeline 'scrfd_2_5g/conv55': HW >> (HwReadEl10scrfd_2_5g/conv55 | hw_frame_size: 800) >> (PullQEl_hw_read10scrfd_2_5g/conv55) >> (PostInferEl10scrfd_2_5g/conv55 | Quantization - src_type: UINT8, dst_type FLOAT32, limvals_min: 0, limvals_max: 1 | Reorder - src_order: NHCW, src_shape: (20, 20, 2), dst_order: NHWC, dst_shape: (20, 20, 2)) >> (UserBuffQEl10scrfd_2_5g/conv55 | timeout: 10s)
[2026-08-31 11:24:23.061] [758484] [HailoRT] [info] [edge_elements.cpp:287] [create] Created (HwReadEl9scrfd_2_5g/conv56 | hw_frame_size: 3200)
[2026-08-31 11:24:23.061] [758484] [HailoRT] [info] [queue_elements.cpp:657] [create] Created (PullQEl_hw_read9scrfd_2_5g/conv56)
[2026-08-31 11:24:23.061] [758484] [HailoRT] [info] [filter_elements.cpp:372] [create] Created (PostInferEl9scrfd_2_5g/conv56 | Quantization - src_type: UINT8, dst_type FLOAT32, limvals_min: -0.0299247, limvals_max: 7.60086 | Reorder - src_order: NHCW, src_shape: (20, 20, 8), dst_order: NHWC, dst_shape: (20, 20, 8))
[2026-08-31 11:24:23.061] [758484] [HailoRT] [info] [queue_elements.cpp:800] [create] Created (UserBuffQEl9scrfd_2_5g/conv56 | timeout: 10s)
[2026-08-31 11:24:23.061] [758484] [HailoRT] [info] [vstream.cpp:1114] [OutputVStreamImpl] Creating scrfd_2_5g/conv56...
[2026-08-31 11:24:23.061] [758484] [HailoRT] [info] [vstream_builder.cpp:220] [create_outputs] Output pipeline 'scrfd_2_5g/conv56': HW >> (HwReadEl9scrfd_2_5g/conv56 | hw_frame_size: 3200) >> (PullQEl_hw_read9scrfd_2_5g/conv56) >> (PostInferEl9scrfd_2_5g/conv56 | Quantization - src_type: UINT8, dst_type FLOAT32, limvals_min: -0.0299247, limvals_max: 7.60086 | Reorder - src_order: NHCW, src_shape: (20, 20, 8), dst_order: NHWC, dst_shape: (20, 20, 8)) >> (UserBuffQEl9scrfd_2_5g/conv56 | timeout: 10s)
[2026-08-31 11:24:23.061] [758484] [HailoRT] [info] [edge_elements.cpp:287] [create] Created (HwReadEl13scrfd_2_5g/conv57 | hw_frame_size: 9600)
[2026-08-31 11:24:23.061] [758484] [HailoRT] [info] [queue_elements.cpp:657] [create] Created (PullQEl_hw_read13scrfd_2_5g/conv57)
[2026-08-31 11:24:23.061] [758484] [HailoRT] [info] [filter_elements.cpp:372] [create] Created (PostInferEl13scrfd_2_5g/conv57 | Quantization - src_type: UINT8, dst_type FLOAT32, limvals_min: -4.03285, limvals_max: 5.14908 | Reorder - src_order: FCR, src_shape: (20, 20, 24), dst_order: FCR, dst_shape: (20, 20, 20))
[2026-08-31 11:24:23.061] [758484] [HailoRT] [info] [queue_elements.cpp:800] [create] Created (UserBuffQEl13scrfd_2_5g/conv57 | timeout: 10s)
[2026-08-31 11:24:23.061] [758484] [HailoRT] [info] [vstream.cpp:1114] [OutputVStreamImpl] Creating scrfd_2_5g/conv57...
[2026-08-31 11:24:23.061] [758484] [HailoRT] [info] [vstream_builder.cpp:220] [create_outputs] Output pipeline 'scrfd_2_5g/conv57': HW >> (HwReadEl13scrfd_2_5g/conv57 | hw_frame_size: 9600) >> (PullQEl_hw_read13scrfd_2_5g/conv57) >> (PostInferEl13scrfd_2_5g/conv57 | Quantization - src_type: UINT8, dst_type FLOAT32, limvals_min: -4.03285, limvals_max: 5.14908 | Reorder - src_order: FCR, src_shape: (20, 20, 24), dst_order: FCR, dst_shape: (20, 20, 20)) >> (UserBuffQEl13scrfd_2_5g/conv57 | timeout: 10s)
[2026-08-31 11:24:23.062] [758484] [HailoRT] [info] [core_op.cpp:156] [activate] Activating scrfd_2_5g took 0.617916 milliseconds. Note that the function is asynchronous and thus the network is not fully activated yet.
[2026-08-31 11:24:23.062] [758484] [HailoRT] [info] [core_op.cpp:156] [activate] Activating scrfd_2_5g took 0.629176 milliseconds. Note that the function is asynchronous and thus the network is not fully activated yet.
[2026-08-31 11:24:23.070] [1217086] [HailoRT] [info] [vdevice_native_stream.cpp:331] [read_impl] Failed read from stream HAILO_STREAM_NOT_ACTIVATED(72) (device: 0001:01:00.0)
[2026-08-31 11:24:23.070] [1217078] [HailoRT] [info] [vdevice_native_stream.cpp:331] [read_impl] Failed read from stream HAILO_STREAM_NOT_ACTIVATED(72) (device: 0001:01:00.0)
[2026-08-31 11:24:23.070] [1217084] [HailoRT] [info] [vdevice_native_stream.cpp:331] [read_impl] Failed read from stream HAILO_STREAM_NOT_ACTIVATED(72) (device: 0001:01:00.0)
[2026-08-31 11:24:23.070] [1217088] [HailoRT] [info] [vdevice_native_stream.cpp:331] [read_impl] Failed read from stream HAILO_STREAM_NOT_ACTIVATED(72) (device: 0001:01:00.0)
[2026-08-31 11:24:23.070] [1217092] [HailoRT] [info] [vdevice_native_stream.cpp:331] [read_impl] Failed read from stream HAILO_STREAM_NOT_ACTIVATED(72) (device: 0001:01:00.0)
[2026-08-31 11:24:23.070] [1217082] [HailoRT] [info] [vdevice_native_stream.cpp:331] [read_impl] Failed read from stream HAILO_STREAM_NOT_ACTIVATED(72) (device: 0001:01:00.0)
[2026-08-31 11:24:23.070] [1217090] [HailoRT] [info] [vdevice_native_stream.cpp:331] [read_impl] Failed read from stream HAILO_STREAM_NOT_ACTIVATED(72) (device: 0001:01:00.0)
[2026-08-31 11:24:23.070] [1217080] [HailoRT] [info] [vdevice_native_stream.cpp:331] [read_impl] Failed read from stream HAILO_STREAM_NOT_ACTIVATED(72) (device: 0001:01:00.0)
[2026-08-31 11:24:23.070] [1217094] [HailoRT] [info] [vdevice_native_stream.cpp:331] [read_impl] Failed read from stream HAILO_STREAM_NOT_ACTIVATED(72) (device: 0001:01:00.0)
[2026-08-31 11:24:23.071] [758484] [HailoRT] [info] [core_op.cpp:186] [deactivate] Deactivating took 0.764918 ms
[2026-08-31 11:24:23.071] [758484] [HailoRT] [info] [core_op.cpp:186] [deactivate] Deactivating took 0.783845 ms
[2026-08-31 11:24:23.071] [1217078] [HailoRT] [info] [queue_elements.cpp:734] [run_in_thread] Shutdown event was signaled in run_pull of queue element PullQEl_hw_read3scrfd_2_5g/conv42!
[2026-08-31 11:24:23.071] [1217079] [HailoRT] [info] [queue_elements.cpp:855] [run_in_thread] Shutdown event was signaled in dequeue of UserBuffQEl3scrfd_2_5g/conv42!
[2026-08-31 11:24:23.071] [1217078] [HailoRT] [info] [queue_elements.cpp:68] [operator()] Thread in element PullQEl_hw_read3scrfd_2_5g/conv42 is not running anymore, exiting..
[2026-08-31 11:24:23.071] [758484] [HailoRT] [info] [queue_elements.cpp:46] [~BaseQueueElement] Queue element PullQEl_hw_read3scrfd_2_5g/conv42 has 0 frames in his Queue on destruction
[2026-08-31 11:24:23.071] [1217079] [HailoRT] [info] [queue_elements.cpp:68] [operator()] Thread in element UserBuffQEl3scrfd_2_5g/conv42 is not running anymore, exiting..
[2026-08-31 11:24:23.071] [758484] [HailoRT] [info] [queue_elements.cpp:46] [~BaseQueueElement] Queue element UserBuffQEl3scrfd_2_5g/conv42 has 0 frames in his Queue on destruction
[2026-08-31 11:24:23.071] [1217080] [HailoRT] [info] [queue_elements.cpp:734] [run_in_thread] Shutdown event was signaled in run_pull of queue element PullQEl_hw_read0scrfd_2_5g/conv43!
[2026-08-31 11:24:23.071] [1217081] [HailoRT] [info] [queue_elements.cpp:855] [run_in_thread] Shutdown event was signaled in dequeue of UserBuffQEl0scrfd_2_5g/conv43!
[2026-08-31 11:24:23.071] [1217080] [HailoRT] [info] [queue_elements.cpp:68] [operator()] Thread in element PullQEl_hw_read0scrfd_2_5g/conv43 is not running anymore, exiting..
[2026-08-31 11:24:23.071] [758484] [HailoRT] [info] [queue_elements.cpp:46] [~BaseQueueElement] Queue element PullQEl_hw_read0scrfd_2_5g/conv43 has 0 frames in his Queue on destruction
[2026-08-31 11:24:23.071] [1217081] [HailoRT] [info] [queue_elements.cpp:68] [operator()] Thread in element UserBuffQEl0scrfd_2_5g/conv43 is not running anymore, exiting..
[2026-08-31 11:24:23.071] [758484] [HailoRT] [info] [queue_elements.cpp:46] [~BaseQueueElement] Queue element UserBuffQEl0scrfd_2_5g/conv43 has 0 frames in his Queue on destruction
[2026-08-31 11:24:23.071] [1217082] [HailoRT] [info] [queue_elements.cpp:734] [run_in_thread] Shutdown event was signaled in run_pull of queue element PullQEl_hw_read2scrfd_2_5g/conv44!
[2026-08-31 11:24:23.072] [1217083] [HailoRT] [info] [queue_elements.cpp:855] [run_in_thread] Shutdown event was signaled in dequeue of UserBuffQEl2scrfd_2_5g/conv44!
[2026-08-31 11:24:23.072] [1217082] [HailoRT] [info] [queue_elements.cpp:68] [operator()] Thread in element PullQEl_hw_read2scrfd_2_5g/conv44 is not running anymore, exiting..
[2026-08-31 11:24:23.072] [758484] [HailoRT] [info] [queue_elements.cpp:46] [~BaseQueueElement] Queue element PullQEl_hw_read2scrfd_2_5g/conv44 has 0 frames in his Queue on destruction
[2026-08-31 11:24:23.073] [1217083] [HailoRT] [info] [queue_elements.cpp:68] [operator()] Thread in element UserBuffQEl2scrfd_2_5g/conv44 is not running anymore, exiting..
[2026-08-31 11:24:23.073] [758484] [HailoRT] [info] [queue_elements.cpp:46] [~BaseQueueElement] Queue element UserBuffQEl2scrfd_2_5g/conv44 has 0 frames in his Queue on destruction
[2026-08-31 11:24:23.073] [1217084] [HailoRT] [info] [queue_elements.cpp:734] [run_in_thread] Shutdown event was signaled in run_pull of queue element PullQEl_hw_read14scrfd_2_5g/conv49!
[2026-08-31 11:24:23.073] [1217085] [HailoRT] [info] [queue_elements.cpp:855] [run_in_thread] Shutdown event was signaled in dequeue of UserBuffQEl14scrfd_2_5g/conv49!
[2026-08-31 11:24:23.073] [1217084] [HailoRT] [info] [queue_elements.cpp:68] [operator()] Thread in element PullQEl_hw_read14scrfd_2_5g/conv49 is not running anymore, exiting..
[2026-08-31 11:24:23.073] [758484] [HailoRT] [info] [queue_elements.cpp:46] [~BaseQueueElement] Queue element PullQEl_hw_read14scrfd_2_5g/conv49 has 0 frames in his Queue on destruction
[2026-08-31 11:24:23.074] [1217085] [HailoRT] [info] [queue_elements.cpp:68] [operator()] Thread in element UserBuffQEl14scrfd_2_5g/conv49 is not running anymore, exiting..
[2026-08-31 11:24:23.074] [758484] [HailoRT] [info] [queue_elements.cpp:46] [~BaseQueueElement] Queue element UserBuffQEl14scrfd_2_5g/conv49 has 0 frames in his Queue on destruction
[2026-08-31 11:24:23.074] [1217087] [HailoRT] [info] [queue_elements.cpp:855] [run_in_thread] Shutdown event was signaled in dequeue of UserBuffQEl12scrfd_2_5g/conv50!
[2026-08-31 11:24:23.074] [1217086] [HailoRT] [info] [queue_elements.cpp:734] [run_in_thread] Shutdown event was signaled in run_pull of queue element PullQEl_hw_read12scrfd_2_5g/conv50!
[2026-08-31 11:24:23.074] [1217086] [HailoRT] [info] [queue_elements.cpp:68] [operator()] Thread in element PullQEl_hw_read12scrfd_2_5g/conv50 is not running anymore, exiting..
[2026-08-31 11:24:23.074] [758484] [HailoRT] [info] [queue_elements.cpp:46] [~BaseQueueElement] Queue element PullQEl_hw_read12scrfd_2_5g/conv50 has 0 frames in his Queue on destruction
[2026-08-31 11:24:23.074] [1217087] [HailoRT] [info] [queue_elements.cpp:68] [operator()] Thread in element UserBuffQEl12scrfd_2_5g/conv50 is not running anymore, exiting..
[2026-08-31 11:24:23.074] [758484] [HailoRT] [info] [queue_elements.cpp:46] [~BaseQueueElement] Queue element UserBuffQEl12scrfd_2_5g/conv50 has 0 frames in his Queue on destruction
[2026-08-31 11:24:23.074] [1217089] [HailoRT] [info] [queue_elements.cpp:855] [run_in_thread] Shutdown event was signaled in dequeue of UserBuffQEl1scrfd_2_5g/conv51!
[2026-08-31 11:24:23.075] [1217088] [HailoRT] [info] [queue_elements.cpp:734] [run_in_thread] Shutdown event was signaled in run_pull of queue element PullQEl_hw_read1scrfd_2_5g/conv51!
[2026-08-31 11:24:23.075] [1217088] [HailoRT] [info] [queue_elements.cpp:68] [operator()] Thread in element PullQEl_hw_read1scrfd_2_5g/conv51 is not running anymore, exiting..
[2026-08-31 11:24:23.075] [758484] [HailoRT] [info] [queue_elements.cpp:46] [~BaseQueueElement] Queue element PullQEl_hw_read1scrfd_2_5g/conv51 has 0 frames in his Queue on destruction
[2026-08-31 11:24:23.075] [1217089] [HailoRT] [info] [queue_elements.cpp:68] [operator()] Thread in element UserBuffQEl1scrfd_2_5g/conv51 is not running anymore, exiting..
[2026-08-31 11:24:23.075] [758484] [HailoRT] [info] [queue_elements.cpp:46] [~BaseQueueElement] Queue element UserBuffQEl1scrfd_2_5g/conv51 has 0 frames in his Queue on destruction
[2026-08-31 11:24:23.075] [1217090] [HailoRT] [info] [queue_elements.cpp:734] [run_in_thread] Shutdown event was signaled in run_pull of queue element PullQEl_hw_read10scrfd_2_5g/conv55!
[2026-08-31 11:24:23.075] [1217091] [HailoRT] [info] [queue_elements.cpp:855] [run_in_thread] Shutdown event was signaled in dequeue of UserBuffQEl10scrfd_2_5g/conv55!
[2026-08-31 11:24:23.075] [1217090] [HailoRT] [info] [queue_elements.cpp:68] [operator()] Thread in element PullQEl_hw_read10scrfd_2_5g/conv55 is not running anymore, exiting..
[2026-08-31 11:24:23.075] [758484] [HailoRT] [info] [queue_elements.cpp:46] [~BaseQueueElement] Queue element PullQEl_hw_read10scrfd_2_5g/conv55 has 0 frames in his Queue on destruction
[2026-08-31 11:24:23.075] [1217091] [HailoRT] [info] [queue_elements.cpp:68] [operator()] Thread in element UserBuffQEl10scrfd_2_5g/conv55 is not running anymore, exiting..
[2026-08-31 11:24:23.075] [758484] [HailoRT] [info] [queue_elements.cpp:46] [~BaseQueueElement] Queue element UserBuffQEl10scrfd_2_5g/conv55 has 0 frames in his Queue on destruction
[2026-08-31 11:24:23.075] [1217092] [HailoRT] [info] [queue_elements.cpp:734] [run_in_thread] Shutdown event was signaled in run_pull of queue element PullQEl_hw_read9scrfd_2_5g/conv56!
[2026-08-31 11:24:23.075] [1217093] [HailoRT] [info] [queue_elements.cpp:855] [run_in_thread] Shutdown event was signaled in dequeue of UserBuffQEl9scrfd_2_5g/conv56!
[2026-08-31 11:24:23.075] [1217092] [HailoRT] [info] [queue_elements.cpp:68] [operator()] Thread in element PullQEl_hw_read9scrfd_2_5g/conv56 is not running anymore, exiting..
[2026-08-31 11:24:23.076] [758484] [HailoRT] [info] [queue_elements.cpp:46] [~BaseQueueElement] Queue element PullQEl_hw_read9scrfd_2_5g/conv56 has 0 frames in his Queue on destruction
[2026-08-31 11:24:23.076] [1217093] [HailoRT] [info] [queue_elements.cpp:68] [operator()] Thread in element UserBuffQEl9scrfd_2_5g/conv56 is not running anymore, exiting..
[2026-08-31 11:24:23.076] [758484] [HailoRT] [info] [queue_elements.cpp:46] [~BaseQueueElement] Queue element UserBuffQEl9scrfd_2_5g/conv56 has 0 frames in his Queue on destruction
[2026-08-31 11:24:23.076] [1217095] [HailoRT] [info] [queue_elements.cpp:855] [run_in_thread] Shutdown event was signaled in dequeue of UserBuffQEl13scrfd_2_5g/conv57!
[2026-08-31 11:24:23.076] [1217094] [HailoRT] [info] [queue_elements.cpp:734] [run_in_thread] Shutdown event was signaled in run_pull of queue element PullQEl_hw_read13scrfd_2_5g/conv57!
[2026-08-31 11:24:23.076] [1217094] [HailoRT] [info] [queue_elements.cpp:68] [operator()] Thread in element PullQEl_hw_read13scrfd_2_5g/conv57 is not running anymore, exiting..
[2026-08-31 11:24:23.076] [758484] [HailoRT] [info] [queue_elements.cpp:46] [~BaseQueueElement] Queue element PullQEl_hw_read13scrfd_2_5g/conv57 has 0 frames in his Queue on destruction
[2026-08-31 11:24:23.076] [1217095] [HailoRT] [info] [queue_elements.cpp:68] [operator()] Thread in element UserBuffQEl13scrfd_2_5g/conv57 is not running anymore, exiting..
[2026-08-31 11:24:23.076] [758484] [HailoRT] [info] [queue_elements.cpp:46] [~BaseQueueElement] Queue element UserBuffQEl13scrfd_2_5g/conv57 has 0 frames in his Queue on destruction
[2026-08-31 11:24:23.128] [758484] [HailoRT] [info] [edge_elements.cpp:52] [create] Created (HwWriteEl3scrfd_2_5g/input_layer1 | hw_frame_size: 1228800)
[2026-08-31 11:24:23.128] [758484] [HailoRT] [info] [vstream.cpp:754] [InputVStreamImpl] Creating scrfd_2_5g/input_layer1...
[2026-08-31 11:24:23.128] [758484] [HailoRT] [info] [vstream_builder.cpp:102] [create_inputs] Input pipeline 'scrfd_2_5g/input_layer1': (HwWriteEl3scrfd_2_5g/input_layer1 | hw_frame_size: 1228800) >> HW
[2026-08-31 11:24:23.128] [758484] [HailoRT] [info] [edge_elements.cpp:287] [create] Created (HwReadEl3scrfd_2_5g/conv42 | hw_frame_size: 12800)
[2026-08-31 11:24:23.129] [758484] [HailoRT] [info] [queue_elements.cpp:657] [create] Created (PullQEl_hw_read3scrfd_2_5g/conv42)
[2026-08-31 11:24:23.129] [758484] [HailoRT] [info] [filter_elements.cpp:372] [create] Created (PostInferEl3scrfd_2_5g/conv42 | Quantization - src_type: UINT8, dst_type FLOAT32, limvals_min: 0, limvals_max: 1)
[2026-08-31 11:24:23.129] [758484] [HailoRT] [info] [queue_elements.cpp:800] [create] Created (UserBuffQEl3scrfd_2_5g/conv42 | timeout: 10s)
[2026-08-31 11:24:23.129] [758484] [HailoRT] [info] [vstream.cpp:1114] [OutputVStreamImpl] Creating scrfd_2_5g/conv42...
[2026-08-31 11:24:23.129] [758484] [HailoRT] [info] [vstream_builder.cpp:220] [create_outputs] Output pipeline 'scrfd_2_5g/conv42': HW >> (HwReadEl3scrfd_2_5g/conv42 | hw_frame_size: 12800) >> (PullQEl_hw_read3scrfd_2_5g/conv42) >> (PostInferEl3scrfd_2_5g/conv42 | Quantization - src_type: UINT8, dst_type FLOAT32, limvals_min: 0, limvals_max: 1) >> (UserBuffQEl3scrfd_2_5g/conv42 | timeout: 10s)
[2026-08-31 11:24:23.129] [758484] [HailoRT] [info] [edge_elements.cpp:287] [create] Created (HwReadEl0scrfd_2_5g/conv43 | hw_frame_size: 51200)
[2026-08-31 11:24:23.129] [758484] [HailoRT] [info] [queue_elements.cpp:657] [create] Created (PullQEl_hw_read0scrfd_2_5g/conv43)
[2026-08-31 11:24:23.129] [758484] [HailoRT] [info] [filter_elements.cpp:372] [create] Created (PostInferEl0scrfd_2_5g/conv43 | Quantization - src_type: UINT8, dst_type FLOAT32, limvals_min: -0.0793963, limvals_max: 4.98212)
[2026-08-31 11:24:23.129] [758484] [HailoRT] [info] [queue_elements.cpp:800] [create] Created (UserBuffQEl0scrfd_2_5g/conv43 | timeout: 10s)
[2026-08-31 11:24:23.129] [758484] [HailoRT] [info] [vstream.cpp:1114] [OutputVStreamImpl] Creating scrfd_2_5g/conv43...
[2026-08-31 11:24:23.129] [758484] [HailoRT] [info] [vstream_builder.cpp:220] [create_outputs] Output pipeline 'scrfd_2_5g/conv43': HW >> (HwReadEl0scrfd_2_5g/conv43 | hw_frame_size: 51200) >> (PullQEl_hw_read0scrfd_2_5g/conv43) >> (PostInferEl0scrfd_2_5g/conv43 | Quantization - src_type: UINT8, dst_type FLOAT32, limvals_min: -0.0793963, limvals_max: 4.98212) >> (UserBuffQEl0scrfd_2_5g/conv43 | timeout: 10s)
[2026-08-31 11:24:23.129] [758484] [HailoRT] [info] [edge_elements.cpp:287] [create] Created (HwReadEl2scrfd_2_5g/conv44 | hw_frame_size: 153600)
[2026-08-31 11:24:23.129] [758484] [HailoRT] [info] [queue_elements.cpp:657] [create] Created (PullQEl_hw_read2scrfd_2_5g/conv44)
[2026-08-31 11:24:23.129] [758484] [HailoRT] [info] [filter_elements.cpp:372] [create] Created (PostInferEl2scrfd_2_5g/conv44 | Quantization - src_type: UINT8, dst_type FLOAT32, limvals_min: -3.16292, limvals_max: 3.50274 | Reorder - src_order: FCR, src_shape: (80, 80, 24), dst_order: FCR, dst_shape: (80, 80, 20))
[2026-08-31 11:24:23.129] [758484] [HailoRT] [info] [queue_elements.cpp:800] [create] Created (UserBuffQEl2scrfd_2_5g/conv44 | timeout: 10s)
[2026-08-31 11:24:23.129] [758484] [HailoRT] [info] [vstream.cpp:1114] [OutputVStreamImpl] Creating scrfd_2_5g/conv44...
[2026-08-31 11:24:23.129] [758484] [HailoRT] [info] [vstream_builder.cpp:220] [create_outputs] Output pipeline 'scrfd_2_5g/conv44': HW >> (HwReadEl2scrfd_2_5g/conv44 | hw_frame_size: 153600) >> (PullQEl_hw_read2scrfd_2_5g/conv44) >> (PostInferEl2scrfd_2_5g/conv44 | Quantization - src_type: UINT8, dst_type FLOAT32, limvals_min: -3.16292, limvals_max: 3.50274 | Reorder - src_order: FCR, src_shape: (80, 80, 24), dst_order: FCR, dst_shape: (80, 80, 20)) >> (UserBuffQEl2scrfd_2_5g/conv44 | timeout: 10s)
[2026-08-31 11:24:23.129] [758484] [HailoRT] [info] [edge_elements.cpp:287] [create] Created (HwReadEl14scrfd_2_5g/conv49 | hw_frame_size: 3200)
[2026-08-31 11:24:23.129] [758484] [HailoRT] [info] [queue_elements.cpp:657] [create] Created (PullQEl_hw_read14scrfd_2_5g/conv49)
[2026-08-31 11:24:23.129] [758484] [HailoRT] [info] [filter_elements.cpp:372] [create] Created (PostInferEl14scrfd_2_5g/conv49 | Quantization - src_type: UINT8, dst_type FLOAT32, limvals_min: 0, limvals_max: 1)
[2026-08-31 11:24:23.129] [758484] [HailoRT] [info] [queue_elements.cpp:800] [create] Created (UserBuffQEl14scrfd_2_5g/conv49 | timeout: 10s)
[2026-08-31 11:24:23.129] [758484] [HailoRT] [info] [vstream.cpp:1114] [OutputVStreamImpl] Creating scrfd_2_5g/conv49...
[2026-08-31 11:24:23.129] [758484] [HailoRT] [info] [vstream_builder.cpp:220] [create_outputs] Output pipeline 'scrfd_2_5g/conv49': HW >> (HwReadEl14scrfd_2_5g/conv49 | hw_frame_size: 3200) >> (PullQEl_hw_read14scrfd_2_5g/conv49) >> (PostInferEl14scrfd_2_5g/conv49 | Quantization - src_type: UINT8, dst_type FLOAT32, limvals_min: 0, limvals_max: 1) >> (UserBuffQEl14scrfd_2_5g/conv49 | timeout: 10s)
[2026-08-31 11:24:23.129] [758484] [HailoRT] [info] [edge_elements.cpp:287] [create] Created (HwReadEl12scrfd_2_5g/conv50 | hw_frame_size: 12800)
[2026-08-31 11:24:23.130] [758484] [HailoRT] [info] [queue_elements.cpp:657] [create] Created (PullQEl_hw_read12scrfd_2_5g/conv50)
[2026-08-31 11:24:23.130] [758484] [HailoRT] [info] [filter_elements.cpp:372] [create] Created (PostInferEl12scrfd_2_5g/conv50 | Quantization - src_type: UINT8, dst_type FLOAT32, limvals_min: 0, limvals_max: 8.10626)
[2026-08-31 11:24:23.130] [758484] [HailoRT] [info] [queue_elements.cpp:800] [create] Created (UserBuffQEl12scrfd_2_5g/conv50 | timeout: 10s)
[2026-08-31 11:24:23.130] [758484] [HailoRT] [info] [vstream.cpp:1114] [OutputVStreamImpl] Creating scrfd_2_5g/conv50...
[2026-08-31 11:24:23.130] [758484] [HailoRT] [info] [vstream_builder.cpp:220] [create_outputs] Output pipeline 'scrfd_2_5g/conv50': HW >> (HwReadEl12scrfd_2_5g/conv50 | hw_frame_size: 12800) >> (PullQEl_hw_read12scrfd_2_5g/conv50) >> (PostInferEl12scrfd_2_5g/conv50 | Quantization - src_type: UINT8, dst_type FLOAT32, limvals_min: 0, limvals_max: 8.10626) >> (UserBuffQEl12scrfd_2_5g/conv50 | timeout: 10s)
[2026-08-31 11:24:23.130] [758484] [HailoRT] [info] [edge_elements.cpp:287] [create] Created (HwReadEl1scrfd_2_5g/conv51 | hw_frame_size: 38400)
[2026-08-31 11:24:23.130] [758484] [HailoRT] [info] [queue_elements.cpp:657] [create] Created (PullQEl_hw_read1scrfd_2_5g/conv51)
[2026-08-31 11:24:23.130] [758484] [HailoRT] [info] [filter_elements.cpp:372] [create] Created (PostInferEl1scrfd_2_5g/conv51 | Quantization - src_type: UINT8, dst_type FLOAT32, limvals_min: -4.24698, limvals_max: 5.17024 | Reorder - src_order: FCR, src_shape: (40, 40, 24), dst_order: FCR, dst_shape: (40, 40, 20))
[2026-08-31 11:24:23.130] [758484] [HailoRT] [info] [queue_elements.cpp:800] [create] Created (UserBuffQEl1scrfd_2_5g/conv51 | timeout: 10s)
[2026-08-31 11:24:23.130] [758484] [HailoRT] [info] [vstream.cpp:1114] [OutputVStreamImpl] Creating scrfd_2_5g/conv51...
[2026-08-31 11:24:23.130] [758484] [HailoRT] [info] [vstream_builder.cpp:220] [create_outputs] Output pipeline 'scrfd_2_5g/conv51': HW >> (HwReadEl1scrfd_2_5g/conv51 | hw_frame_size: 38400) >> (PullQEl_hw_read1scrfd_2_5g/conv51) >> (PostInferEl1scrfd_2_5g/conv51 | Quantization - src_type: UINT8, dst_type FLOAT32, limvals_min: -4.24698, limvals_max: 5.17024 | Reorder - src_order: FCR, src_shape: (40, 40, 24), dst_order: FCR, dst_shape: (40, 40, 20)) >> (UserBuffQEl1scrfd_2_5g/conv51 | timeout: 10s)
[2026-08-31 11:24:23.130] [758484] [HailoRT] [info] [edge_elements.cpp:287] [create] Created (HwReadEl10scrfd_2_5g/conv55 | hw_frame_size: 800)
[2026-08-31 11:24:23.130] [758484] [HailoRT] [info] [queue_elements.cpp:657] [create] Created (PullQEl_hw_read10scrfd_2_5g/conv55)
[2026-08-31 11:24:23.130] [758484] [HailoRT] [info] [filter_elements.cpp:372] [create] Created (PostInferEl10scrfd_2_5g/conv55 | Quantization - src_type: UINT8, dst_type FLOAT32, limvals_min: 0, limvals_max: 1 | Reorder - src_order: NHCW, src_shape: (20, 20, 2), dst_order: NHWC, dst_shape: (20, 20, 2))
[2026-08-31 11:24:23.130] [758484] [HailoRT] [info] [queue_elements.cpp:800] [create] Created (UserBuffQEl10scrfd_2_5g/conv55 | timeout: 10s)
[2026-08-31 11:24:23.130] [758484] [HailoRT] [info] [vstream.cpp:1114] [OutputVStreamImpl] Creating scrfd_2_5g/conv55...
[2026-08-31 11:24:23.130] [758484] [HailoRT] [info] [vstream_builder.cpp:220] [create_outputs] Output pipeline 'scrfd_2_5g/conv55': HW >> (HwReadEl10scrfd_2_5g/conv55 | hw_frame_size: 800) >> (PullQEl_hw_read10scrfd_2_5g/conv55) >> (PostInferEl10scrfd_2_5g/conv55 | Quantization - src_type: UINT8, dst_type FLOAT32, limvals_min: 0, limvals_max: 1 | Reorder - src_order: NHCW, src_shape: (20, 20, 2), dst_order: NHWC, dst_shape: (20, 20, 2)) >> (UserBuffQEl10scrfd_2_5g/conv55 | timeout: 10s)
[2026-08-31 11:24:23.130] [758484] [HailoRT] [info] [edge_elements.cpp:287] [create] Created (HwReadEl9scrfd_2_5g/conv56 | hw_frame_size: 3200)
[2026-08-31 11:24:23.131] [758484] [HailoRT] [info] [queue_elements.cpp:657] [create] Created (PullQEl_hw_read9scrfd_2_5g/conv56)
[2026-08-31 11:24:23.131] [758484] [HailoRT] [info] [filter_elements.cpp:372] [create] Created (PostInferEl9scrfd_2_5g/conv56 | Quantization - src_type: UINT8, dst_type FLOAT32, limvals_min: -0.0299247, limvals_max: 7.60086 | Reorder - src_order: NHCW, src_shape: (20, 20, 8), dst_order: NHWC, dst_shape: (20, 20, 8))
[2026-08-31 11:24:23.131] [758484] [HailoRT] [info] [queue_elements.cpp:800] [create] Created (UserBuffQEl9scrfd_2_5g/conv56 | timeout: 10s)
[2026-08-31 11:24:23.131] [758484] [HailoRT] [info] [vstream.cpp:1114] [OutputVStreamImpl] Creating scrfd_2_5g/conv56...
[2026-08-31 11:24:23.131] [758484] [HailoRT] [info] [vstream_builder.cpp:220] [create_outputs] Output pipeline 'scrfd_2_5g/conv56': HW >> (HwReadEl9scrfd_2_5g/conv56 | hw_frame_size: 3200) >> (PullQEl_hw_read9scrfd_2_5g/conv56) >> (PostInferEl9scrfd_2_5g/conv56 | Quantization - src_type: UINT8, dst_type FLOAT32, limvals_min: -0.0299247, limvals_max: 7.60086 | Reorder - src_order: NHCW, src_shape: (20, 20, 8), dst_order: NHWC, dst_shape: (20, 20, 8)) >> (UserBuffQEl9scrfd_2_5g/conv56 | timeout: 10s)
[2026-08-31 11:24:23.131] [758484] [HailoRT] [info] [edge_elements.cpp:287] [create] Created (HwReadEl13scrfd_2_5g/conv57 | hw_frame_size: 9600)
[2026-08-31 11:24:23.131] [758484] [HailoRT] [info] [queue_elements.cpp:657] [create] Created (PullQEl_hw_read13scrfd_2_5g/conv57)
[2026-08-31 11:24:23.131] [758484] [HailoRT] [info] [filter_elements.cpp:372] [create] Created (PostInferEl13scrfd_2_5g/conv57 | Quantization - src_type: UINT8, dst_type FLOAT32, limvals_min: -4.03285, limvals_max: 5.14908 | Reorder - src_order: FCR, src_shape: (20, 20, 24), dst_order: FCR, dst_shape: (20, 20, 20))
[2026-08-31 11:24:23.134] [758484] [HailoRT] [info] [queue_elements.cpp:800] [create] Created (UserBuffQEl13scrfd_2_5g/conv57 | timeout: 10s)
[2026-08-31 11:24:23.134] [758484] [HailoRT] [info] [vstream.cpp:1114] [OutputVStreamImpl] Creating scrfd_2_5g/conv57...
[2026-08-31 11:24:23.134] [758484] [HailoRT] [info] [vstream_builder.cpp:220] [create_outputs] Output pipeline 'scrfd_2_5g/conv57': HW >> (HwReadEl13scrfd_2_5g/conv57 | hw_frame_size: 9600) >> (PullQEl_hw_read13scrfd_2_5g/conv57) >> (PostInferEl13scrfd_2_5g/conv57 | Quantization - src_type: UINT8, dst_type FLOAT32, limvals_min: -4.03285, limvals_max: 5.14908 | Reorder - src_order: FCR, src_shape: (20, 20, 24), dst_order: FCR, dst_shape: (20, 20, 20)) >> (UserBuffQEl13scrfd_2_5g/conv57 | timeout: 10s)
[2026-08-31 11:24:23.136] [758484] [HailoRT] [info] [core_op.cpp:156] [activate] Activating scrfd_2_5g took 1.684875 milliseconds. Note that the function is asynchronous and thus the network is not fully activated yet.
[2026-08-31 11:24:23.136] [758484] [HailoRT] [info] [core_op.cpp:156] [activate] Activating scrfd_2_5g took 1.702006 milliseconds. Note that the function is asynchronous and thus the network is not fully activated yet.
[2026-08-31 11:24:23.143] [1217120] [HailoRT] [info] [vdevice_native_stream.cpp:331] [read_impl] Failed read from stream HAILO_STREAM_NOT_ACTIVATED(72) (device: 0001:01:00.0)
[2026-08-31 11:24:23.143] [1217112] [HailoRT] [info] [vdevice_native_stream.cpp:331] [read_impl] Failed read from stream HAILO_STREAM_NOT_ACTIVATED(72) (device: 0001:01:00.0)
[2026-08-31 11:24:23.143] [1217122] [HailoRT] [info] [vdevice_native_stream.cpp:331] [read_impl] Failed read from stream HAILO_STREAM_NOT_ACTIVATED(72) (device: 0001:01:00.0)
[2026-08-31 11:24:23.143] [1217118] [HailoRT] [info] [vdevice_native_stream.cpp:331] [read_impl] Failed read from stream HAILO_STREAM_NOT_ACTIVATED(72) (device: 0001:01:00.0)
[2026-08-31 11:24:23.143] [1217116] [HailoRT] [info] [vdevice_native_stream.cpp:331] [read_impl] Failed read from stream HAILO_STREAM_NOT_ACTIVATED(72) (device: 0001:01:00.0)
[2026-08-31 11:24:23.143] [1217108] [HailoRT] [info] [vdevice_native_stream.cpp:331] [read_impl] Failed read from stream HAILO_STREAM_NOT_ACTIVATED(72) (device: 0001:01:00.0)
[2026-08-31 11:24:23.143] [1217110] [HailoRT] [info] [vdevice_native_stream.cpp:331] [read_impl] Failed read from stream HAILO_STREAM_NOT_ACTIVATED(72) (device: 0001:01:00.0)
[2026-08-31 11:24:23.143] [1217106] [HailoRT] [info] [vdevice_native_stream.cpp:331] [read_impl] Failed read from stream HAILO_STREAM_NOT_ACTIVATED(72) (device: 0001:01:00.0)
[2026-08-31 11:24:23.143] [1217114] [HailoRT] [info] [vdevice_native_stream.cpp:331] [read_impl] Failed read from stream HAILO_STREAM_NOT_ACTIVATED(72) (device: 0001:01:00.0)
[2026-08-31 11:24:23.143] [758484] [HailoRT] [info] [core_op.cpp:186] [deactivate] Deactivating took 0.662213 ms
[2026-08-31 11:24:23.143] [758484] [HailoRT] [info] [core_op.cpp:186] [deactivate] Deactivating took 0.67551 ms
[2026-08-31 11:24:23.143] [1217106] [HailoRT] [info] [queue_elements.cpp:734] [run_in_thread] Shutdown event was signaled in run_pull of queue element PullQEl_hw_read3scrfd_2_5g/conv42!
[2026-08-31 11:24:23.143] [1217107] [HailoRT] [info] [queue_elements.cpp:855] [run_in_thread] Shutdown event was signaled in dequeue of UserBuffQEl3scrfd_2_5g/conv42!
[2026-08-31 11:24:23.143] [1217106] [HailoRT] [info] [queue_elements.cpp:68] [operator()] Thread in element PullQEl_hw_read3scrfd_2_5g/conv42 is not running anymore, exiting..
[2026-08-31 11:24:23.144] [758484] [HailoRT] [info] [queue_elements.cpp:46] [~BaseQueueElement] Queue element PullQEl_hw_read3scrfd_2_5g/conv42 has 0 frames in his Queue on destruction
[2026-08-31 11:24:23.144] [1217107] [HailoRT] [info] [queue_elements.cpp:68] [operator()] Thread in element UserBuffQEl3scrfd_2_5g/conv42 is not running anymore, exiting..
[2026-08-31 11:24:23.144] [758484] [HailoRT] [info] [queue_elements.cpp:46] [~BaseQueueElement] Queue element UserBuffQEl3scrfd_2_5g/conv42 has 0 frames in his Queue on destruction
[2026-08-31 11:24:23.144] [1217108] [HailoRT] [info] [queue_elements.cpp:734] [run_in_thread] Shutdown event was signaled in run_pull of queue element PullQEl_hw_read0scrfd_2_5g/conv43!
[2026-08-31 11:24:23.144] [1217109] [HailoRT] [info] [queue_elements.cpp:855] [run_in_thread] Shutdown event was signaled in dequeue of UserBuffQEl0scrfd_2_5g/conv43!
[2026-08-31 11:24:23.144] [1217108] [HailoRT] [info] [queue_elements.cpp:68] [operator()] Thread in element PullQEl_hw_read0scrfd_2_5g/conv43 is not running anymore, exiting..
[2026-08-31 11:24:23.144] [758484] [HailoRT] [info] [queue_elements.cpp:46] [~BaseQueueElement] Queue element PullQEl_hw_read0scrfd_2_5g/conv43 has 0 frames in his Queue on destruction
[2026-08-31 11:24:23.144] [1217109] [HailoRT] [info] [queue_elements.cpp:68] [operator()] Thread in element UserBuffQEl0scrfd_2_5g/conv43 is not running anymore, exiting..
[2026-08-31 11:24:23.144] [758484] [HailoRT] [info] [queue_elements.cpp:46] [~BaseQueueElement] Queue element UserBuffQEl0scrfd_2_5g/conv43 has 0 frames in his Queue on destruction
[2026-08-31 11:24:23.144] [1217110] [HailoRT] [info] [queue_elements.cpp:734] [run_in_thread] Shutdown event was signaled in run_pull of queue element PullQEl_hw_read2scrfd_2_5g/conv44!
[2026-08-31 11:24:23.144] [1217111] [HailoRT] [info] [queue_elements.cpp:855] [run_in_thread] Shutdown event was signaled in dequeue of UserBuffQEl2scrfd_2_5g/conv44!
[2026-08-31 11:24:23.144] [1217110] [HailoRT] [info] [queue_elements.cpp:68] [operator()] Thread in element PullQEl_hw_read2scrfd_2_5g/conv44 is not running anymore, exiting..
[2026-08-31 11:24:23.144] [758484] [HailoRT] [info] [queue_elements.cpp:46] [~BaseQueueElement] Queue element PullQEl_hw_read2scrfd_2_5g/conv44 has 0 frames in his Queue on destruction
[2026-08-31 11:24:23.144] [1217111] [HailoRT] [info] [queue_elements.cpp:68] [operator()] Thread in element UserBuffQEl2scrfd_2_5g/conv44 is not running anymore, exiting..
[2026-08-31 11:24:23.144] [758484] [HailoRT] [info] [queue_elements.cpp:46] [~BaseQueueElement] Queue element UserBuffQEl2scrfd_2_5g/conv44 has 0 frames in his Queue on destruction
[2026-08-31 11:24:23.144] [1217113] [HailoRT] [info] [queue_elements.cpp:855] [run_in_thread] Shutdown event was signaled in dequeue of UserBuffQEl14scrfd_2_5g/conv49!
[2026-08-31 11:24:23.144] [1217112] [HailoRT] [info] [queue_elements.cpp:734] [run_in_thread] Shutdown event was signaled in run_pull of queue element PullQEl_hw_read14scrfd_2_5g/conv49!
[2026-08-31 11:24:23.144] [1217112] [HailoRT] [info] [queue_elements.cpp:68] [operator()] Thread in element PullQEl_hw_read14scrfd_2_5g/conv49 is not running anymore, exiting..
[2026-08-31 11:24:23.144] [758484] [HailoRT] [info] [queue_elements.cpp:46] [~BaseQueueElement] Queue element PullQEl_hw_read14scrfd_2_5g/conv49 has 0 frames in his Queue on destruction
[2026-08-31 11:24:23.144] [1217113] [HailoRT] [info] [queue_elements.cpp:68] [operator()] Thread in element UserBuffQEl14scrfd_2_5g/conv49 is not running anymore, exiting..
[2026-08-31 11:24:23.144] [758484] [HailoRT] [info] [queue_elements.cpp:46] [~BaseQueueElement] Queue element UserBuffQEl14scrfd_2_5g/conv49 has 0 frames in his Queue on destruction
[2026-08-31 11:24:23.144] [1217114] [HailoRT] [info] [queue_elements.cpp:734] [run_in_thread] Shutdown event was signaled in run_pull of queue element PullQEl_hw_read12scrfd_2_5g/conv50!
[2026-08-31 11:24:23.144] [1217115] [HailoRT] [info] [queue_elements.cpp:855] [run_in_thread] Shutdown event was signaled in dequeue of UserBuffQEl12scrfd_2_5g/conv50!
[2026-08-31 11:24:23.144] [1217114] [HailoRT] [info] [queue_elements.cpp:68] [operator()] Thread in element PullQEl_hw_read12scrfd_2_5g/conv50 is not running anymore, exiting..
[2026-08-31 11:24:23.144] [758484] [HailoRT] [info] [queue_elements.cpp:46] [~BaseQueueElement] Queue element PullQEl_hw_read12scrfd_2_5g/conv50 has 0 frames in his Queue on destruction
[2026-08-31 11:24:23.144] [1217115] [HailoRT] [info] [queue_elements.cpp:68] [operator()] Thread in element UserBuffQEl12scrfd_2_5g/conv50 is not running anymore, exiting..
[2026-08-31 11:24:23.144] [758484] [HailoRT] [info] [queue_elements.cpp:46] [~BaseQueueElement] Queue element UserBuffQEl12scrfd_2_5g/conv50 has 0 frames in his Queue on destruction
[2026-08-31 11:24:23.144] [1217116] [HailoRT] [info] [queue_elements.cpp:734] [run_in_thread] Shutdown event was signaled in run_pull of queue element PullQEl_hw_read1scrfd_2_5g/conv51!
[2026-08-31 11:24:23.144] [1217117] [HailoRT] [info] [queue_elements.cpp:855] [run_in_thread] Shutdown event was signaled in dequeue of UserBuffQEl1scrfd_2_5g/conv51!
[2026-08-31 11:24:23.144] [1217116] [HailoRT] [info] [queue_elements.cpp:68] [operator()] Thread in element PullQEl_hw_read1scrfd_2_5g/conv51 is not running anymore, exiting..
[2026-08-31 11:24:23.144] [758484] [HailoRT] [info] [queue_elements.cpp:46] [~BaseQueueElement] Queue element PullQEl_hw_read1scrfd_2_5g/conv51 has 0 frames in his Queue on destruction
[2026-08-31 11:24:23.144] [1217117] [HailoRT] [info] [queue_elements.cpp:68] [operator()] Thread in element UserBuffQEl1scrfd_2_5g/conv51 is not running anymore, exiting..
[2026-08-31 11:24:23.144] [758484] [HailoRT] [info] [queue_elements.cpp:46] [~BaseQueueElement] Queue element UserBuffQEl1scrfd_2_5g/conv51 has 0 frames in his Queue on destruction
[2026-08-31 11:24:23.144] [1217118] [HailoRT] [info] [queue_elements.cpp:734] [run_in_thread] Shutdown event was signaled in run_pull of queue element PullQEl_hw_read10scrfd_2_5g/conv55!
[2026-08-31 11:24:23.144] [1217119] [HailoRT] [info] [queue_elements.cpp:855] [run_in_thread] Shutdown event was signaled in dequeue of UserBuffQEl10scrfd_2_5g/conv55!
[2026-08-31 11:24:23.144] [1217118] [HailoRT] [info] [queue_elements.cpp:68] [operator()] Thread in element PullQEl_hw_read10scrfd_2_5g/conv55 is not running anymore, exiting..
[2026-08-31 11:24:23.144] [758484] [HailoRT] [info] [queue_elements.cpp:46] [~BaseQueueElement] Queue element PullQEl_hw_read10scrfd_2_5g/conv55 has 0 frames in his Queue on destruction
[2026-08-31 11:24:23.144] [1217119] [HailoRT] [info] [queue_elements.cpp:68] [operator()] Thread in element UserBuffQEl10scrfd_2_5g/conv55 is not running anymore, exiting..
[2026-08-31 11:24:23.144] [758484] [HailoRT] [info] [queue_elements.cpp:46] [~BaseQueueElement] Queue element UserBuffQEl10scrfd_2_5g/conv55 has 0 frames in his Queue on destruction
[2026-08-31 11:24:23.144] [1217121] [HailoRT] [info] [queue_elements.cpp:855] [run_in_thread] Shutdown event was signaled in dequeue of UserBuffQEl9scrfd_2_5g/conv56!
[2026-08-31 11:24:23.144] [1217120] [HailoRT] [info] [queue_elements.cpp:734] [run_in_thread] Shutdown event was signaled in run_pull of queue element PullQEl_hw_read9scrfd_2_5g/conv56!
[2026-08-31 11:24:23.145] [1217120] [HailoRT] [info] [queue_elements.cpp:68] [operator()] Thread in element PullQEl_hw_read9scrfd_2_5g/conv56 is not running anymore, exiting..
[2026-08-31 11:24:23.145] [758484] [HailoRT] [info] [queue_elements.cpp:46] [~BaseQueueElement] Queue element PullQEl_hw_read9scrfd_2_5g/conv56 has 0 frames in his Queue on destruction
[2026-08-31 11:24:23.145] [1217121] [HailoRT] [info] [queue_elements.cpp:68] [operator()] Thread in element UserBuffQEl9scrfd_2_5g/conv56 is not running anymore, exiting..
[2026-08-31 11:24:23.145] [758484] [HailoRT] [info] [queue_elements.cpp:46] [~BaseQueueElement] Queue element UserBuffQEl9scrfd_2_5g/conv56 has 0 frames in his Queue on destruction
[2026-08-31 11:24:23.145] [1217122] [HailoRT] [info] [queue_elements.cpp:734] [run_in_thread] Shutdown event was signaled in run_pull of queue element PullQEl_hw_read13scrfd_2_5g/conv57!
[2026-08-31 11:24:23.145] [1217123] [HailoRT] [info] [queue_elements.cpp:855] [run_in_thread] Shutdown event was signaled in dequeue of UserBuffQEl13scrfd_2_5g/conv57!
[2026-08-31 11:24:23.145] [1217122] [HailoRT] [info] [queue_elements.cpp:68] [operator()] Thread in element PullQEl_hw_read13scrfd_2_5g/conv57 is not running anymore, exiting..
[2026-08-31 11:24:23.145] [758484] [HailoRT] [info] [queue_elements.cpp:46] [~BaseQueueElement] Queue element PullQEl_hw_read13scrfd_2_5g/conv57 has 0 frames in his Queue on destruction
[2026-08-31 11:24:23.145] [1217123] [HailoRT] [info] [queue_elements.cpp:68] [operator()] Thread in element UserBuffQEl13scrfd_2_5g/conv57 is not running anymore, exiting..
[2026-08-31 11:24:23.145] [758484] [HailoRT] [info] [queue_elements.cpp:46] [~BaseQueueElement] Queue element UserBuffQEl13scrfd_2_5g/conv57 has 0 frames in his Queue on destruction
[2026-08-31 11:24:23.231] [758484] [HailoRT] [info] [edge_elements.cpp:52] [create] Created (HwWriteEl3scrfd_2_5g/input_layer1 | hw_frame_size: 1228800)
[2026-08-31 11:24:23.231] [758484] [HailoRT] [info] [vstream.cpp:754] [InputVStreamImpl] Creating scrfd_2_5g/input_layer1...
[2026-08-31 11:24:23.231] [758484] [HailoRT] [info] [vstream_builder.cpp:102] [create_inputs] Input pipeline 'scrfd_2_5g/input_layer1': (HwWriteEl3scrfd_2_5g/input_layer1 | hw_frame_size: 1228800) >> HW
[2026-08-31 11:24:23.231] [758484] [HailoRT] [info] [edge_elements.cpp:287] [create] Created (HwReadEl3scrfd_2_5g/conv42 | hw_frame_size: 12800)
[2026-08-31 11:24:23.235] [758484] [HailoRT] [info] [queue_elements.cpp:657] [create] Created (PullQEl_hw_read3scrfd_2_5g/conv42)
[2026-08-31 11:24:23.235] [758484] [HailoRT] [info] [filter_elements.cpp:372] [create] Created (PostInferEl3scrfd_2_5g/conv42 | Quantization - src_type: UINT8, dst_type FLOAT32, limvals_min: 0, limvals_max: 1)
[2026-08-31 11:24:23.235] [758484] [HailoRT] [info] [queue_elements.cpp:800] [create] Created (UserBuffQEl3scrfd_2_5g/conv42 | timeout: 10s)
[2026-08-31 11:24:23.235] [758484] [HailoRT] [info] [vstream.cpp:1114] [OutputVStreamImpl] Creating scrfd_2_5g/conv42...
[2026-08-31 11:24:23.236] [758484] [HailoRT] [info] [vstream_builder.cpp:220] [create_outputs] Output pipeline 'scrfd_2_5g/conv42': HW >> (HwReadEl3scrfd_2_5g/conv42 | hw_frame_size: 12800) >> (PullQEl_hw_read3scrfd_2_5g/conv42) >> (PostInferEl3scrfd_2_5g/conv42 | Quantization - src_type: UINT8, dst_type FLOAT32, limvals_min: 0, limvals_max: 1) >> (UserBuffQEl3scrfd_2_5g/conv42 | timeout: 10s)
[2026-08-31 11:24:23.236] [758484] [HailoRT] [info] [edge_elements.cpp:287] [create] Created (HwReadEl0scrfd_2_5g/conv43 | hw_frame_size: 51200)
[2026-08-31 11:24:23.236] [758484] [HailoRT] [info] [queue_elements.cpp:657] [create] Created (PullQEl_hw_read0scrfd_2_5g/conv43)
[2026-08-31 11:24:23.236] [758484] [HailoRT] [info] [filter_elements.cpp:372] [create] Created (PostInferEl0scrfd_2_5g/conv43 | Quantization - src_type: UINT8, dst_type FLOAT32, limvals_min: -0.0793963, limvals_max: 4.98212)
[2026-08-31 11:24:23.239] [758484] [HailoRT] [info] [queue_elements.cpp:800] [create] Created (UserBuffQEl0scrfd_2_5g/conv43 | timeout: 10s)
[2026-08-31 11:24:23.239] [758484] [HailoRT] [info] [vstream.cpp:1114] [OutputVStreamImpl] Creating scrfd_2_5g/conv43...
[2026-08-31 11:24:23.239] [758484] [HailoRT] [info] [vstream_builder.cpp:220] [create_outputs] Output pipeline 'scrfd_2_5g/conv43': HW >> (HwReadEl0scrfd_2_5g/conv43 | hw_frame_size: 51200) >> (PullQEl_hw_read0scrfd_2_5g/conv43) >> (PostInferEl0scrfd_2_5g/conv43 | Quantization - src_type: UINT8, dst_type FLOAT32, limvals_min: -0.0793963, limvals_max: 4.98212) >> (UserBuffQEl0scrfd_2_5g/conv43 | timeout: 10s)
[2026-08-31 11:24:23.239] [758484] [HailoRT] [info] [edge_elements.cpp:287] [create] Created (HwReadEl2scrfd_2_5g/conv44 | hw_frame_size: 153600)
[2026-08-31 11:24:23.243] [758484] [HailoRT] [info] [queue_elements.cpp:657] [create] Created (PullQEl_hw_read2scrfd_2_5g/conv44)
[2026-08-31 11:24:23.243] [758484] [HailoRT] [info] [filter_elements.cpp:372] [create] Created (PostInferEl2scrfd_2_5g/conv44 | Quantization - src_type: UINT8, dst_type FLOAT32, limvals_min: -3.16292, limvals_max: 3.50274 | Reorder - src_order: FCR, src_shape: (80, 80, 24), dst_order: FCR, dst_shape: (80, 80, 20))
[2026-08-31 11:24:23.243] [758484] [HailoRT] [info] [queue_elements.cpp:800] [create] Created (UserBuffQEl2scrfd_2_5g/conv44 | timeout: 10s)
[2026-08-31 11:24:23.243] [758484] [HailoRT] [info] [vstream.cpp:1114] [OutputVStreamImpl] Creating scrfd_2_5g/conv44...
[2026-08-31 11:24:23.243] [758484] [HailoRT] [info] [vstream_builder.cpp:220] [create_outputs] Output pipeline 'scrfd_2_5g/conv44': HW >> (HwReadEl2scrfd_2_5g/conv44 | hw_frame_size: 153600) >> (PullQEl_hw_read2scrfd_2_5g/conv44) >> (PostInferEl2scrfd_2_5g/conv44 | Quantization - src_type: UINT8, dst_type FLOAT32, limvals_min: -3.16292, limvals_max: 3.50274 | Reorder - src_order: FCR, src_shape: (80, 80, 24), dst_order: FCR, dst_shape: (80, 80, 20)) >> (UserBuffQEl2scrfd_2_5g/conv44 | timeout: 10s)
[2026-08-31 11:24:23.244] [758484] [HailoRT] [info] [edge_elements.cpp:287] [create] Created (HwReadEl14scrfd_2_5g/conv49 | hw_frame_size: 3200)
[2026-08-31 11:24:23.244] [758484] [HailoRT] [info] [queue_elements.cpp:657] [create] Created (PullQEl_hw_read14scrfd_2_5g/conv49)
[2026-08-31 11:24:23.244] [758484] [HailoRT] [info] [filter_elements.cpp:372] [create] Created (PostInferEl14scrfd_2_5g/conv49 | Quantization - src_type: UINT8, dst_type FLOAT32, limvals_min: 0, limvals_max: 1)
[2026-08-31 11:24:23.244] [758484] [HailoRT] [info] [queue_elements.cpp:800] [create] Created (UserBuffQEl14scrfd_2_5g/conv49 | timeout: 10s)
[2026-08-31 11:24:23.244] [758484] [HailoRT] [info] [vstream.cpp:1114] [OutputVStreamImpl] Creating scrfd_2_5g/conv49...
[2026-08-31 11:24:23.244] [758484] [HailoRT] [info] [vstream_builder.cpp:220] [create_outputs] Output pipeline 'scrfd_2_5g/conv49': HW >> (HwReadEl14scrfd_2_5g/conv49 | hw_frame_size: 3200) >> (PullQEl_hw_read14scrfd_2_5g/conv49) >> (PostInferEl14scrfd_2_5g/conv49 | Quantization - src_type: UINT8, dst_type FLOAT32, limvals_min: 0, limvals_max: 1) >> (UserBuffQEl14scrfd_2_5g/conv49 | timeout: 10s)
[2026-08-31 11:24:23.244] [758484] [HailoRT] [info] [edge_elements.cpp:287] [create] Created (HwReadEl12scrfd_2_5g/conv50 | hw_frame_size: 12800)
[2026-08-31 11:24:23.244] [758484] [HailoRT] [info] [queue_elements.cpp:657] [create] Created (PullQEl_hw_read12scrfd_2_5g/conv50)
[2026-08-31 11:24:23.244] [758484] [HailoRT] [info] [filter_elements.cpp:372] [create] Created (PostInferEl12scrfd_2_5g/conv50 | Quantization - src_type: UINT8, dst_type FLOAT32, limvals_min: 0, limvals_max: 8.10626)
[2026-08-31 11:24:23.244] [758484] [HailoRT] [info] [queue_elements.cpp:800] [create] Created (UserBuffQEl12scrfd_2_5g/conv50 | timeout: 10s)
[2026-08-31 11:24:23.244] [758484] [HailoRT] [info] [vstream.cpp:1114] [OutputVStreamImpl] Creating scrfd_2_5g/conv50...
[2026-08-31 11:24:23.244] [758484] [HailoRT] [info] [vstream_builder.cpp:220] [create_outputs] Output pipeline 'scrfd_2_5g/conv50': HW >> (HwReadEl12scrfd_2_5g/conv50 | hw_frame_size: 12800) >> (PullQEl_hw_read12scrfd_2_5g/conv50) >> (PostInferEl12scrfd_2_5g/conv50 | Quantization - src_type: UINT8, dst_type FLOAT32, limvals_min: 0, limvals_max: 8.10626) >> (UserBuffQEl12scrfd_2_5g/conv50 | timeout: 10s)
[2026-08-31 11:24:23.244] [758484] [HailoRT] [info] [edge_elements.cpp:287] [create] Created (HwReadEl1scrfd_2_5g/conv51 | hw_frame_size: 38400)
[2026-08-31 11:24:23.244] [758484] [HailoRT] [info] [queue_elements.cpp:657] [create] Created (PullQEl_hw_read1scrfd_2_5g/conv51)
[2026-08-31 11:24:23.244] [758484] [HailoRT] [info] [filter_elements.cpp:372] [create] Created (PostInferEl1scrfd_2_5g/conv51 | Quantization - src_type: UINT8, dst_type FLOAT32, limvals_min: -4.24698, limvals_max: 5.17024 | Reorder - src_order: FCR, src_shape: (40, 40, 24), dst_order: FCR, dst_shape: (40, 40, 20))
[2026-08-31 11:24:23.244] [758484] [HailoRT] [info] [queue_elements.cpp:800] [create] Created (UserBuffQEl1scrfd_2_5g/conv51 | timeout: 10s)
[2026-08-31 11:24:23.244] [758484] [HailoRT] [info] [vstream.cpp:1114] [OutputVStreamImpl] Creating scrfd_2_5g/conv51...
[2026-08-31 11:24:23.244] [758484] [HailoRT] [info] [vstream_builder.cpp:220] [create_outputs] Output pipeline 'scrfd_2_5g/conv51': HW >> (HwReadEl1scrfd_2_5g/conv51 | hw_frame_size: 38400) >> (PullQEl_hw_read1scrfd_2_5g/conv51) >> (PostInferEl1scrfd_2_5g/conv51 | Quantization - src_type: UINT8, dst_type FLOAT32, limvals_min: -4.24698, limvals_max: 5.17024 | Reorder - src_order: FCR, src_shape: (40, 40, 24), dst_order: FCR, dst_shape: (40, 40, 20)) >> (UserBuffQEl1scrfd_2_5g/conv51 | timeout: 10s)
[2026-08-31 11:24:23.244] [758484] [HailoRT] [info] [edge_elements.cpp:287] [create] Created (HwReadEl10scrfd_2_5g/conv55 | hw_frame_size: 800)
[2026-08-31 11:24:23.244] [758484] [HailoRT] [info] [queue_elements.cpp:657] [create] Created (PullQEl_hw_read10scrfd_2_5g/conv55)
[2026-08-31 11:24:23.244] [758484] [HailoRT] [info] [filter_elements.cpp:372] [create] Created (PostInferEl10scrfd_2_5g/conv55 | Quantization - src_type: UINT8, dst_type FLOAT32, limvals_min: 0, limvals_max: 1 | Reorder - src_order: NHCW, src_shape: (20, 20, 2), dst_order: NHWC, dst_shape: (20, 20, 2))
[2026-08-31 11:24:23.244] [758484] [HailoRT] [info] [queue_elements.cpp:800] [create] Created (UserBuffQEl10scrfd_2_5g/conv55 | timeout: 10s)
[2026-08-31 11:24:23.244] [758484] [HailoRT] [info] [vstream.cpp:1114] [OutputVStreamImpl] Creating scrfd_2_5g/conv55...
[2026-08-31 11:24:23.244] [758484] [HailoRT] [info] [vstream_builder.cpp:220] [create_outputs] Output pipeline 'scrfd_2_5g/conv55': HW >> (HwReadEl10scrfd_2_5g/conv55 | hw_frame_size: 800) >> (PullQEl_hw_read10scrfd_2_5g/conv55) >> (PostInferEl10scrfd_2_5g/conv55 | Quantization - src_type: UINT8, dst_type FLOAT32, limvals_min: 0, limvals_max: 1 | Reorder - src_order: NHCW, src_shape: (20, 20, 2), dst_order: NHWC, dst_shape: (20, 20, 2)) >> (UserBuffQEl10scrfd_2_5g/conv55 | timeout: 10s)
[2026-08-31 11:24:23.244] [758484] [HailoRT] [info] [edge_elements.cpp:287] [create] Created (HwReadEl9scrfd_2_5g/conv56 | hw_frame_size: 3200)
[2026-08-31 11:24:23.245] [758484] [HailoRT] [info] [queue_elements.cpp:657] [create] Created (PullQEl_hw_read9scrfd_2_5g/conv56)
[2026-08-31 11:24:23.245] [758484] [HailoRT] [info] [filter_elements.cpp:372] [create] Created (PostInferEl9scrfd_2_5g/conv56 | Quantization - src_type: UINT8, dst_type FLOAT32, limvals_min: -0.0299247, limvals_max: 7.60086 | Reorder - src_order: NHCW, src_shape: (20, 20, 8), dst_order: NHWC, dst_shape: (20, 20, 8))
[2026-08-31 11:24:23.245] [758484] [HailoRT] [info] [queue_elements.cpp:800] [create] Created (UserBuffQEl9scrfd_2_5g/conv56 | timeout: 10s)
[2026-08-31 11:24:23.245] [758484] [HailoRT] [info] [vstream.cpp:1114] [OutputVStreamImpl] Creating scrfd_2_5g/conv56...
[2026-08-31 11:24:23.245] [758484] [HailoRT] [info] [vstream_builder.cpp:220] [create_outputs] Output pipeline 'scrfd_2_5g/conv56': HW >> (HwReadEl9scrfd_2_5g/conv56 | hw_frame_size: 3200) >> (PullQEl_hw_read9scrfd_2_5g/conv56) >> (PostInferEl9scrfd_2_5g/conv56 | Quantization - src_type: UINT8, dst_type FLOAT32, limvals_min: -0.0299247, limvals_max: 7.60086 | Reorder - src_order: NHCW, src_shape: (20, 20, 8), dst_order: NHWC, dst_shape: (20, 20, 8)) >> (UserBuffQEl9scrfd_2_5g/conv56 | timeout: 10s)
[2026-08-31 11:24:23.245] [758484] [HailoRT] [info] [edge_elements.cpp:287] [create] Created (HwReadEl13scrfd_2_5g/conv57 | hw_frame_size: 9600)
[2026-08-31 11:24:23.245] [758484] [HailoRT] [info] [queue_elements.cpp:657] [create] Created (PullQEl_hw_read13scrfd_2_5g/conv57)
[2026-08-31 11:24:23.245] [758484] [HailoRT] [info] [filter_elements.cpp:372] [create] Created (PostInferEl13scrfd_2_5g/conv57 | Quantization - src_type: UINT8, dst_type FLOAT32, limvals_min: -4.03285, limvals_max: 5.14908 | Reorder - src_order: FCR, src_shape: (20, 20, 24), dst_order: FCR, dst_shape: (20, 20, 20))
[2026-08-31 11:24:23.245] [758484] [HailoRT] [info] [queue_elements.cpp:800] [create] Created (UserBuffQEl13scrfd_2_5g/conv57 | timeout: 10s)
[2026-08-31 11:24:23.245] [758484] [HailoRT] [info] [vstream.cpp:1114] [OutputVStreamImpl] Creating scrfd_2_5g/conv57...
[2026-08-31 11:24:23.245] [758484] [HailoRT] [info] [vstream_builder.cpp:220] [create_outputs] Output pipeline 'scrfd_2_5g/conv57': HW >> (HwReadEl13scrfd_2_5g/conv57 | hw_frame_size: 9600) >> (PullQEl_hw_read13scrfd_2_5g/conv57) >> (PostInferEl13scrfd_2_5g/conv57 | Quantization - src_type: UINT8, dst_type FLOAT32, limvals_min: -4.03285, limvals_max: 5.14908 | Reorder - src_order: FCR, src_shape: (20, 20, 24), dst_order: FCR, dst_shape: (20, 20, 20)) >> (UserBuffQEl13scrfd_2_5g/conv57 | timeout: 10s)
[2026-08-31 11:24:23.247] [758484] [HailoRT] [info] [core_op.cpp:156] [activate] Activating scrfd_2_5g took 0.63112 milliseconds. Note that the function is asynchronous and thus the network is not fully activated yet.
[2026-08-31 11:24:23.247] [758484] [HailoRT] [info] [core_op.cpp:156] [activate] Activating scrfd_2_5g took 0.680713 milliseconds. Note that the function is asynchronous and thus the network is not fully activated yet.
[2026-08-31 11:24:23.254] [1217146] [HailoRT] [info] [vdevice_native_stream.cpp:331] [read_impl] Failed read from stream HAILO_STREAM_NOT_ACTIVATED(72) (device: 0001:01:00.0)
[2026-08-31 11:24:23.254] [1217150] [HailoRT] [info] [vdevice_native_stream.cpp:331] [read_impl] Failed read from stream HAILO_STREAM_NOT_ACTIVATED(72) (device: 0001:01:00.0)
[2026-08-31 11:24:23.254] [1217134] [HailoRT] [info] [vdevice_native_stream.cpp:331] [read_impl] Failed read from stream HAILO_STREAM_NOT_ACTIVATED(72) (device: 0001:01:00.0)
[2026-08-31 11:24:23.254] [1217142] [HailoRT] [info] [vdevice_native_stream.cpp:331] [read_impl] Failed read from stream HAILO_STREAM_NOT_ACTIVATED(72) (device: 0001:01:00.0)
[2026-08-31 11:24:23.254] [1217140] [HailoRT] [info] [vdevice_native_stream.cpp:331] [read_impl] Failed read from stream HAILO_STREAM_NOT_ACTIVATED(72) (device: 0001:01:00.0)
[2026-08-31 11:24:23.254] [1217136] [HailoRT] [info] [vdevice_native_stream.cpp:331] [read_impl] Failed read from stream HAILO_STREAM_NOT_ACTIVATED(72) (device: 0001:01:00.0)
[2026-08-31 11:24:23.254] [1217148] [HailoRT] [info] [vdevice_native_stream.cpp:331] [read_impl] Failed read from stream HAILO_STREAM_NOT_ACTIVATED(72) (device: 0001:01:00.0)
[2026-08-31 11:24:23.254] [1217144] [HailoRT] [info] [vdevice_native_stream.cpp:331] [read_impl] Failed read from stream HAILO_STREAM_NOT_ACTIVATED(72) (device: 0001:01:00.0)
[2026-08-31 11:24:23.254] [1217138] [HailoRT] [info] [vdevice_native_stream.cpp:331] [read_impl] Failed read from stream HAILO_STREAM_NOT_ACTIVATED(72) (device: 0001:01:00.0)
[2026-08-31 11:24:23.255] [758484] [HailoRT] [info] [core_op.cpp:186] [deactivate] Deactivating took 0.716343 ms
[2026-08-31 11:24:23.255] [758484] [HailoRT] [info] [core_op.cpp:186] [deactivate] Deactivating took 0.94768 ms
[2026-08-31 11:24:23.255] [1217134] [HailoRT] [info] [queue_elements.cpp:734] [run_in_thread] Shutdown event was signaled in run_pull of queue element PullQEl_hw_read3scrfd_2_5g/conv42!
[2026-08-31 11:24:23.255] [1217135] [HailoRT] [info] [queue_elements.cpp:855] [run_in_thread] Shutdown event was signaled in dequeue of UserBuffQEl3scrfd_2_5g/conv42!
[2026-08-31 11:24:23.255] [1217134] [HailoRT] [info] [queue_elements.cpp:68] [operator()] Thread in element PullQEl_hw_read3scrfd_2_5g/conv42 is not running anymore, exiting..
[2026-08-31 11:24:23.255] [758484] [HailoRT] [info] [queue_elements.cpp:46] [~BaseQueueElement] Queue element PullQEl_hw_read3scrfd_2_5g/conv42 has 0 frames in his Queue on destruction
[2026-08-31 11:24:23.255] [1217135] [HailoRT] [info] [queue_elements.cpp:68] [operator()] Thread in element UserBuffQEl3scrfd_2_5g/conv42 is not running anymore, exiting..
[2026-08-31 11:24:23.255] [758484] [HailoRT] [info] [queue_elements.cpp:46] [~BaseQueueElement] Queue element UserBuffQEl3scrfd_2_5g/conv42 has 0 frames in his Queue on destruction
[2026-08-31 11:24:23.255] [1217136] [HailoRT] [info] [queue_elements.cpp:734] [run_in_thread] Shutdown event was signaled in run_pull of queue element PullQEl_hw_read0scrfd_2_5g/conv43!
[2026-08-31 11:24:23.255] [1217137] [HailoRT] [info] [queue_elements.cpp:855] [run_in_thread] Shutdown event was signaled in dequeue of UserBuffQEl0scrfd_2_5g/conv43!
[2026-08-31 11:24:23.255] [1217136] [HailoRT] [info] [queue_elements.cpp:68] [operator()] Thread in element PullQEl_hw_read0scrfd_2_5g/conv43 is not running anymore, exiting..
[2026-08-31 11:24:23.255] [758484] [HailoRT] [info] [queue_elements.cpp:46] [~BaseQueueElement] Queue element PullQEl_hw_read0scrfd_2_5g/conv43 has 0 frames in his Queue on destruction
[2026-08-31 11:24:23.255] [1217137] [HailoRT] [info] [queue_elements.cpp:68] [operator()] Thread in element UserBuffQEl0scrfd_2_5g/conv43 is not running anymore, exiting..
[2026-08-31 11:24:23.256] [758484] [HailoRT] [info] [queue_elements.cpp:46] [~BaseQueueElement] Queue element UserBuffQEl0scrfd_2_5g/conv43 has 0 frames in his Queue on destruction
[2026-08-31 11:24:23.256] [1217138] [HailoRT] [info] [queue_elements.cpp:734] [run_in_thread] Shutdown event was signaled in run_pull of queue element PullQEl_hw_read2scrfd_2_5g/conv44!
[2026-08-31 11:24:23.256] [1217139] [HailoRT] [info] [queue_elements.cpp:855] [run_in_thread] Shutdown event was signaled in dequeue of UserBuffQEl2scrfd_2_5g/conv44!
[2026-08-31 11:24:23.256] [1217138] [HailoRT] [info] [queue_elements.cpp:68] [operator()] Thread in element PullQEl_hw_read2scrfd_2_5g/conv44 is not running anymore, exiting..
[2026-08-31 11:24:23.256] [758484] [HailoRT] [info] [queue_elements.cpp:46] [~BaseQueueElement] Queue element PullQEl_hw_read2scrfd_2_5g/conv44 has 0 frames in his Queue on destruction
[2026-08-31 11:24:23.256] [1217139] [HailoRT] [info] [queue_elements.cpp:68] [operator()] Thread in element UserBuffQEl2scrfd_2_5g/conv44 is not running anymore, exiting..
[2026-08-31 11:24:23.256] [758484] [HailoRT] [info] [queue_elements.cpp:46] [~BaseQueueElement] Queue element UserBuffQEl2scrfd_2_5g/conv44 has 0 frames in his Queue on destruction
[2026-08-31 11:24:23.256] [1217141] [HailoRT] [info] [queue_elements.cpp:855] [run_in_thread] Shutdown event was signaled in dequeue of UserBuffQEl14scrfd_2_5g/conv49!
[2026-08-31 11:24:23.256] [1217140] [HailoRT] [info] [queue_elements.cpp:734] [run_in_thread] Shutdown event was signaled in run_pull of queue element PullQEl_hw_read14scrfd_2_5g/conv49!
[2026-08-31 11:24:23.256] [1217140] [HailoRT] [info] [queue_elements.cpp:68] [operator()] Thread in element PullQEl_hw_read14scrfd_2_5g/conv49 is not running anymore, exiting..
[2026-08-31 11:24:23.256] [758484] [HailoRT] [info] [queue_elements.cpp:46] [~BaseQueueElement] Queue element PullQEl_hw_read14scrfd_2_5g/conv49 has 0 frames in his Queue on destruction
[2026-08-31 11:24:23.256] [1217141] [HailoRT] [info] [queue_elements.cpp:68] [operator()] Thread in element UserBuffQEl14scrfd_2_5g/conv49 is not running anymore, exiting..
[2026-08-31 11:24:23.256] [758484] [HailoRT] [info] [queue_elements.cpp:46] [~BaseQueueElement] Queue element UserBuffQEl14scrfd_2_5g/conv49 has 0 frames in his Queue on destruction
[2026-08-31 11:24:23.256] [1217142] [HailoRT] [info] [queue_elements.cpp:734] [run_in_thread] Shutdown event was signaled in run_pull of queue element PullQEl_hw_read12scrfd_2_5g/conv50!
[2026-08-31 11:24:23.256] [1217143] [HailoRT] [info] [queue_elements.cpp:855] [run_in_thread] Shutdown event was signaled in dequeue of UserBuffQEl12scrfd_2_5g/conv50!
[2026-08-31 11:24:23.256] [1217142] [HailoRT] [info] [queue_elements.cpp:68] [operator()] Thread in element PullQEl_hw_read12scrfd_2_5g/conv50 is not running anymore, exiting..
[2026-08-31 11:24:23.256] [758484] [HailoRT] [info] [queue_elements.cpp:46] [~BaseQueueElement] Queue element PullQEl_hw_read12scrfd_2_5g/conv50 has 0 frames in his Queue on destruction
[2026-08-31 11:24:23.256] [1217143] [HailoRT] [info] [queue_elements.cpp:68] [operator()] Thread in element UserBuffQEl12scrfd_2_5g/conv50 is not running anymore, exiting..
[2026-08-31 11:24:23.256] [758484] [HailoRT] [info] [queue_elements.cpp:46] [~BaseQueueElement] Queue element UserBuffQEl12scrfd_2_5g/conv50 has 0 frames in his Queue on destruction
[2026-08-31 11:24:23.256] [1217145] [HailoRT] [info] [queue_elements.cpp:855] [run_in_thread] Shutdown event was signaled in dequeue of UserBuffQEl1scrfd_2_5g/conv51!
[2026-08-31 11:24:23.256] [1217144] [HailoRT] [info] [queue_elements.cpp:734] [run_in_thread] Shutdown event was signaled in run_pull of queue element PullQEl_hw_read1scrfd_2_5g/conv51!
[2026-08-31 11:24:23.256] [1217144] [HailoRT] [info] [queue_elements.cpp:68] [operator()] Thread in element PullQEl_hw_read1scrfd_2_5g/conv51 is not running anymore, exiting..
[2026-08-31 11:24:23.256] [758484] [HailoRT] [info] [queue_elements.cpp:46] [~BaseQueueElement] Queue element PullQEl_hw_read1scrfd_2_5g/conv51 has 0 frames in his Queue on destruction
[2026-08-31 11:24:23.256] [1217145] [HailoRT] [info] [queue_elements.cpp:68] [operator()] Thread in element UserBuffQEl1scrfd_2_5g/conv51 is not running anymore, exiting..
[2026-08-31 11:24:23.256] [758484] [HailoRT] [info] [queue_elements.cpp:46] [~BaseQueueElement] Queue element UserBuffQEl1scrfd_2_5g/conv51 has 0 frames in his Queue on destruction
[2026-08-31 11:24:23.256] [1217147] [HailoRT] [info] [queue_elements.cpp:855] [run_in_thread] Shutdown event was signaled in dequeue of UserBuffQEl10scrfd_2_5g/conv55!
[2026-08-31 11:24:23.257] [1217146] [HailoRT] [info] [queue_elements.cpp:734] [run_in_thread] Shutdown event was signaled in run_pull of queue element PullQEl_hw_read10scrfd_2_5g/conv55!
[2026-08-31 11:24:23.257] [1217146] [HailoRT] [info] [queue_elements.cpp:68] [operator()] Thread in element PullQEl_hw_read10scrfd_2_5g/conv55 is not running anymore, exiting..
[2026-08-31 11:24:23.257] [758484] [HailoRT] [info] [queue_elements.cpp:46] [~BaseQueueElement] Queue element PullQEl_hw_read10scrfd_2_5g/conv55 has 0 frames in his Queue on destruction
[2026-08-31 11:24:23.257] [1217147] [HailoRT] [info] [queue_elements.cpp:68] [operator()] Thread in element UserBuffQEl10scrfd_2_5g/conv55 is not running anymore, exiting..
[2026-08-31 11:24:23.257] [758484] [HailoRT] [info] [queue_elements.cpp:46] [~BaseQueueElement] Queue element UserBuffQEl10scrfd_2_5g/conv55 has 0 frames in his Queue on destruction
[2026-08-31 11:24:23.257] [1217149] [HailoRT] [info] [queue_elements.cpp:855] [run_in_thread] Shutdown event was signaled in dequeue of UserBuffQEl9scrfd_2_5g/conv56!
[2026-08-31 11:24:23.257] [1217148] [HailoRT] [info] [queue_elements.cpp:734] [run_in_thread] Shutdown event was signaled in run_pull of queue element PullQEl_hw_read9scrfd_2_5g/conv56!
[2026-08-31 11:24:23.257] [1217148] [HailoRT] [info] [queue_elements.cpp:68] [operator()] Thread in element PullQEl_hw_read9scrfd_2_5g/conv56 is not running anymore, exiting..
[2026-08-31 11:24:23.257] [758484] [HailoRT] [info] [queue_elements.cpp:46] [~BaseQueueElement] Queue element PullQEl_hw_read9scrfd_2_5g/conv56 has 0 frames in his Queue on destruction
[2026-08-31 11:24:23.257] [1217149] [HailoRT] [info] [queue_elements.cpp:68] [operator()] Thread in element UserBuffQEl9scrfd_2_5g/conv56 is not running anymore, exiting..
[2026-08-31 11:24:23.257] [758484] [HailoRT] [info] [queue_elements.cpp:46] [~BaseQueueElement] Queue element UserBuffQEl9scrfd_2_5g/conv56 has 0 frames in his Queue on destruction
[2026-08-31 11:24:23.257] [1217151] [HailoRT] [info] [queue_elements.cpp:855] [run_in_thread] Shutdown event was signaled in dequeue of UserBuffQEl13scrfd_2_5g/conv57!
[2026-08-31 11:24:23.257] [1217150] [HailoRT] [info] [queue_elements.cpp:734] [run_in_thread] Shutdown event was signaled in run_pull of queue element PullQEl_hw_read13scrfd_2_5g/conv57!
[2026-08-31 11:24:23.257] [1217150] [HailoRT] [info] [queue_elements.cpp:68] [operator()] Thread in element PullQEl_hw_read13scrfd_2_5g/conv57 is not running anymore, exiting..
[2026-08-31 11:24:23.257] [758484] [HailoRT] [info] [queue_elements.cpp:46] [~BaseQueueElement] Queue element PullQEl_hw_read13scrfd_2_5g/conv57 has 0 frames in his Queue on destruction
[2026-08-31 11:24:23.257] [1217151] [HailoRT] [info] [queue_elements.cpp:68] [operator()] Thread in element UserBuffQEl13scrfd_2_5g/conv57 is not running anymore, exiting..
[2026-08-31 11:24:23.257] [758484] [HailoRT] [info] [queue_elements.cpp:46] [~BaseQueueElement] Queue element UserBuffQEl13scrfd_2_5g/conv57 has 0 frames in his Queue on destruction
[2026-08-31 11:24:23.336] [758484] [HailoRT] [info] [edge_elements.cpp:52] [create] Created (HwWriteEl3scrfd_2_5g/input_layer1 | hw_frame_size: 1228800)
[2026-08-31 11:24:23.336] [758484] [HailoRT] [info] [vstream.cpp:754] [InputVStreamImpl] Creating scrfd_2_5g/input_layer1...
[2026-08-31 11:24:23.336] [758484] [HailoRT] [info] [vstream_builder.cpp:102] [create_inputs] Input pipeline 'scrfd_2_5g/input_layer1': (HwWriteEl3scrfd_2_5g/input_layer1 | hw_frame_size: 1228800) >> HW
[2026-08-31 11:24:23.336] [758484] [HailoRT] [info] [edge_elements.cpp:287] [create] Created (HwReadEl3scrfd_2_5g/conv42 | hw_frame_size: 12800)
[2026-08-31 11:24:23.336] [758484] [HailoRT] [info] [queue_elements.cpp:657] [create] Created (PullQEl_hw_read3scrfd_2_5g/conv42)
[2026-08-31 11:24:23.336] [758484] [HailoRT] [info] [filter_elements.cpp:372] [create] Created (PostInferEl3scrfd_2_5g/conv42 | Quantization - src_type: UINT8, dst_type FLOAT32, limvals_min: 0, limvals_max: 1)
[2026-08-31 11:24:23.336] [758484] [HailoRT] [info] [queue_elements.cpp:800] [create] Created (UserBuffQEl3scrfd_2_5g/conv42 | timeout: 10s)
[2026-08-31 11:24:23.336] [758484] [HailoRT] [info] [vstream.cpp:1114] [OutputVStreamImpl] Creating scrfd_2_5g/conv42...
[2026-08-31 11:24:23.336] [758484] [HailoRT] [info] [vstream_builder.cpp:220] [create_outputs] Output pipeline 'scrfd_2_5g/conv42': HW >> (HwReadEl3scrfd_2_5g/conv42 | hw_frame_size: 12800) >> (PullQEl_hw_read3scrfd_2_5g/conv42) >> (PostInferEl3scrfd_2_5g/conv42 | Quantization - src_type: UINT8, dst_type FLOAT32, limvals_min: 0, limvals_max: 1) >> (UserBuffQEl3scrfd_2_5g/conv42 | timeout: 10s)
[2026-08-31 11:24:23.336] [758484] [HailoRT] [info] [edge_elements.cpp:287] [create] Created (HwReadEl0scrfd_2_5g/conv43 | hw_frame_size: 51200)
[2026-08-31 11:24:23.336] [758484] [HailoRT] [info] [queue_elements.cpp:657] [create] Created (PullQEl_hw_read0scrfd_2_5g/conv43)
[2026-08-31 11:24:23.336] [758484] [HailoRT] [info] [filter_elements.cpp:372] [create] Created (PostInferEl0scrfd_2_5g/conv43 | Quantization - src_type: UINT8, dst_type FLOAT32, limvals_min: -0.0793963, limvals_max: 4.98212)
[2026-08-31 11:24:23.336] [758484] [HailoRT] [info] [queue_elements.cpp:800] [create] Created (UserBuffQEl0scrfd_2_5g/conv43 | timeout: 10s)
[2026-08-31 11:24:23.336] [758484] [HailoRT] [info] [vstream.cpp:1114] [OutputVStreamImpl] Creating scrfd_2_5g/conv43...
[2026-08-31 11:24:23.336] [758484] [HailoRT] [info] [vstream_builder.cpp:220] [create_outputs] Output pipeline 'scrfd_2_5g/conv43': HW >> (HwReadEl0scrfd_2_5g/conv43 | hw_frame_size: 51200) >> (PullQEl_hw_read0scrfd_2_5g/conv43) >> (PostInferEl0scrfd_2_5g/conv43 | Quantization - src_type: UINT8, dst_type FLOAT32, limvals_min: -0.0793963, limvals_max: 4.98212) >> (UserBuffQEl0scrfd_2_5g/conv43 | timeout: 10s)
[2026-08-31 11:24:23.337] [758484] [HailoRT] [info] [edge_elements.cpp:287] [create] Created (HwReadEl2scrfd_2_5g/conv44 | hw_frame_size: 153600)
[2026-08-31 11:24:23.337] [758484] [HailoRT] [info] [queue_elements.cpp:657] [create] Created (PullQEl_hw_read2scrfd_2_5g/conv44)
[2026-08-31 11:24:23.337] [758484] [HailoRT] [info] [filter_elements.cpp:372] [create] Created (PostInferEl2scrfd_2_5g/conv44 | Quantization - src_type: UINT8, dst_type FLOAT32, limvals_min: -3.16292, limvals_max: 3.50274 | Reorder - src_order: FCR, src_shape: (80, 80, 24), dst_order: FCR, dst_shape: (80, 80, 20))
[2026-08-31 11:24:23.337] [758484] [HailoRT] [info] [queue_elements.cpp:800] [create] Created (UserBuffQEl2scrfd_2_5g/conv44 | timeout: 10s)
[2026-08-31 11:24:23.337] [758484] [HailoRT] [info] [vstream.cpp:1114] [OutputVStreamImpl] Creating scrfd_2_5g/conv44...
[2026-08-31 11:24:23.337] [758484] [HailoRT] [info] [vstream_builder.cpp:220] [create_outputs] Output pipeline 'scrfd_2_5g/conv44': HW >> (HwReadEl2scrfd_2_5g/conv44 | hw_frame_size: 153600) >> (PullQEl_hw_read2scrfd_2_5g/conv44) >> (PostInferEl2scrfd_2_5g/conv44 | Quantization - src_type: UINT8, dst_type FLOAT32, limvals_min: -3.16292, limvals_max: 3.50274 | Reorder - src_order: FCR, src_shape: (80, 80, 24), dst_order: FCR, dst_shape: (80, 80, 20)) >> (UserBuffQEl2scrfd_2_5g/conv44 | timeout: 10s)
[2026-08-31 11:24:23.337] [758484] [HailoRT] [info] [edge_elements.cpp:287] [create] Created (HwReadEl14scrfd_2_5g/conv49 | hw_frame_size: 3200)
[2026-08-31 11:24:23.338] [758484] [HailoRT] [info] [queue_elements.cpp:657] [create] Created (PullQEl_hw_read14scrfd_2_5g/conv49)
[2026-08-31 11:24:23.338] [758484] [HailoRT] [info] [filter_elements.cpp:372] [create] Created (PostInferEl14scrfd_2_5g/conv49 | Quantization - src_type: UINT8, dst_type FLOAT32, limvals_min: 0, limvals_max: 1)
[2026-08-31 11:24:23.338] [758484] [HailoRT] [info] [queue_elements.cpp:800] [create] Created (UserBuffQEl14scrfd_2_5g/conv49 | timeout: 10s)
[2026-08-31 11:24:23.338] [758484] [HailoRT] [info] [vstream.cpp:1114] [OutputVStreamImpl] Creating scrfd_2_5g/conv49...
[2026-08-31 11:24:23.338] [758484] [HailoRT] [info] [vstream_builder.cpp:220] [create_outputs] Output pipeline 'scrfd_2_5g/conv49': HW >> (HwReadEl14scrfd_2_5g/conv49 | hw_frame_size: 3200) >> (PullQEl_hw_read14scrfd_2_5g/conv49) >> (PostInferEl14scrfd_2_5g/conv49 | Quantization - src_type: UINT8, dst_type FLOAT32, limvals_min: 0, limvals_max: 1) >> (UserBuffQEl14scrfd_2_5g/conv49 | timeout: 10s)
[2026-08-31 11:24:23.338] [758484] [HailoRT] [info] [edge_elements.cpp:287] [create] Created (HwReadEl12scrfd_2_5g/conv50 | hw_frame_size: 12800)
[2026-08-31 11:24:23.338] [758484] [HailoRT] [info] [queue_elements.cpp:657] [create] Created (PullQEl_hw_read12scrfd_2_5g/conv50)
[2026-08-31 11:24:23.338] [758484] [HailoRT] [info] [filter_elements.cpp:372] [create] Created (PostInferEl12scrfd_2_5g/conv50 | Quantization - src_type: UINT8, dst_type FLOAT32, limvals_min: 0, limvals_max: 8.10626)
[2026-08-31 11:24:23.338] [758484] [HailoRT] [info] [queue_elements.cpp:800] [create] Created (UserBuffQEl12scrfd_2_5g/conv50 | timeout: 10s)
[2026-08-31 11:24:23.338] [758484] [HailoRT] [info] [vstream.cpp:1114] [OutputVStreamImpl] Creating scrfd_2_5g/conv50...
[2026-08-31 11:24:23.338] [758484] [HailoRT] [info] [vstream_builder.cpp:220] [create_outputs] Output pipeline 'scrfd_2_5g/conv50': HW >> (HwReadEl12scrfd_2_5g/conv50 | hw_frame_size: 12800) >> (PullQEl_hw_read12scrfd_2_5g/conv50) >> (PostInferEl12scrfd_2_5g/conv50 | Quantization - src_type: UINT8, dst_type FLOAT32, limvals_min: 0, limvals_max: 8.10626) >> (UserBuffQEl12scrfd_2_5g/conv50 | timeout: 10s)
[2026-08-31 11:24:23.338] [758484] [HailoRT] [info] [edge_elements.cpp:287] [create] Created (HwReadEl1scrfd_2_5g/conv51 | hw_frame_size: 38400)
[2026-08-31 11:24:23.339] [758484] [HailoRT] [info] [queue_elements.cpp:657] [create] Created (PullQEl_hw_read1scrfd_2_5g/conv51)
[2026-08-31 11:24:23.339] [758484] [HailoRT] [info] [filter_elements.cpp:372] [create] Created (PostInferEl1scrfd_2_5g/conv51 | Quantization - src_type: UINT8, dst_type FLOAT32, limvals_min: -4.24698, limvals_max: 5.17024 | Reorder - src_order: FCR, src_shape: (40, 40, 24), dst_order: FCR, dst_shape: (40, 40, 20))
[2026-08-31 11:24:23.339] [758484] [HailoRT] [info] [queue_elements.cpp:800] [create] Created (UserBuffQEl1scrfd_2_5g/conv51 | timeout: 10s)
[2026-08-31 11:24:23.339] [758484] [HailoRT] [info] [vstream.cpp:1114] [OutputVStreamImpl] Creating scrfd_2_5g/conv51...
[2026-08-31 11:24:23.339] [758484] [HailoRT] [info] [vstream_builder.cpp:220] [create_outputs] Output pipeline 'scrfd_2_5g/conv51': HW >> (HwReadEl1scrfd_2_5g/conv51 | hw_frame_size: 38400) >> (PullQEl_hw_read1scrfd_2_5g/conv51) >> (PostInferEl1scrfd_2_5g/conv51 | Quantization - src_type: UINT8, dst_type FLOAT32, limvals_min: -4.24698, limvals_max: 5.17024 | Reorder - src_order: FCR, src_shape: (40, 40, 24), dst_order: FCR, dst_shape: (40, 40, 20)) >> (UserBuffQEl1scrfd_2_5g/conv51 | timeout: 10s)
[2026-08-31 11:24:23.339] [758484] [HailoRT] [info] [edge_elements.cpp:287] [create] Created (HwReadEl10scrfd_2_5g/conv55 | hw_frame_size: 800)
[2026-08-31 11:24:23.339] [758484] [HailoRT] [info] [queue_elements.cpp:657] [create] Created (PullQEl_hw_read10scrfd_2_5g/conv55)
[2026-08-31 11:24:23.339] [758484] [HailoRT] [info] [filter_elements.cpp:372] [create] Created (PostInferEl10scrfd_2_5g/conv55 | Quantization - src_type: UINT8, dst_type FLOAT32, limvals_min: 0, limvals_max: 1 | Reorder - src_order: NHCW, src_shape: (20, 20, 2), dst_order: NHWC, dst_shape: (20, 20, 2))
[2026-08-31 11:24:23.340] [758484] [HailoRT] [info] [queue_elements.cpp:800] [create] Created (UserBuffQEl10scrfd_2_5g/conv55 | timeout: 10s)
[2026-08-31 11:24:23.340] [758484] [HailoRT] [info] [vstream.cpp:1114] [OutputVStreamImpl] Creating scrfd_2_5g/conv55...
[2026-08-31 11:24:23.340] [758484] [HailoRT] [info] [vstream_builder.cpp:220] [create_outputs] Output pipeline 'scrfd_2_5g/conv55': HW >> (HwReadEl10scrfd_2_5g/conv55 | hw_frame_size: 800) >> (PullQEl_hw_read10scrfd_2_5g/conv55) >> (PostInferEl10scrfd_2_5g/conv55 | Quantization - src_type: UINT8, dst_type FLOAT32, limvals_min: 0, limvals_max: 1 | Reorder - src_order: NHCW, src_shape: (20, 20, 2), dst_order: NHWC, dst_shape: (20, 20, 2)) >> (UserBuffQEl10scrfd_2_5g/conv55 | timeout: 10s)
[2026-08-31 11:24:23.340] [758484] [HailoRT] [info] [edge_elements.cpp:287] [create] Created (HwReadEl9scrfd_2_5g/conv56 | hw_frame_size: 3200)
[2026-08-31 11:24:23.340] [758484] [HailoRT] [info] [queue_elements.cpp:657] [create] Created (PullQEl_hw_read9scrfd_2_5g/conv56)
[2026-08-31 11:24:23.340] [758484] [HailoRT] [info] [filter_elements.cpp:372] [create] Created (PostInferEl9scrfd_2_5g/conv56 | Quantization - src_type: UINT8, dst_type FLOAT32, limvals_min: -0.0299247, limvals_max: 7.60086 | Reorder - src_order: NHCW, src_shape: (20, 20, 8), dst_order: NHWC, dst_shape: (20, 20, 8))
[2026-08-31 11:24:23.340] [758484] [HailoRT] [info] [queue_elements.cpp:800] [create] Created (UserBuffQEl9scrfd_2_5g/conv56 | timeout: 10s)
[2026-08-31 11:24:23.340] [758484] [HailoRT] [info] [vstream.cpp:1114] [OutputVStreamImpl] Creating scrfd_2_5g/conv56...
[2026-08-31 11:24:23.340] [758484] [HailoRT] [info] [vstream_builder.cpp:220] [create_outputs] Output pipeline 'scrfd_2_5g/conv56': HW >> (HwReadEl9scrfd_2_5g/conv56 | hw_frame_size: 3200) >> (PullQEl_hw_read9scrfd_2_5g/conv56) >> (PostInferEl9scrfd_2_5g/conv56 | Quantization - src_type: UINT8, dst_type FLOAT32, limvals_min: -0.0299247, limvals_max: 7.60086 | Reorder - src_order: NHCW, src_shape: (20, 20, 8), dst_order: NHWC, dst_shape: (20, 20, 8)) >> (UserBuffQEl9scrfd_2_5g/conv56 | timeout: 10s)
[2026-08-31 11:24:23.340] [758484] [HailoRT] [info] [edge_elements.cpp:287] [create] Created (HwReadEl13scrfd_2_5g/conv57 | hw_frame_size: 9600)
[2026-08-31 11:24:23.340] [758484] [HailoRT] [info] [queue_elements.cpp:657] [create] Created (PullQEl_hw_read13scrfd_2_5g/conv57)
[2026-08-31 11:24:23.340] [758484] [HailoRT] [info] [filter_elements.cpp:372] [create] Created (PostInferEl13scrfd_2_5g/conv57 | Quantization - src_type: UINT8, dst_type FLOAT32, limvals_min: -4.03285, limvals_max: 5.14908 | Reorder - src_order: FCR, src_shape: (20, 20, 24), dst_order: FCR, dst_shape: (20, 20, 20))
[2026-08-31 11:24:23.340] [758484] [HailoRT] [info] [queue_elements.cpp:800] [create] Created (UserBuffQEl13scrfd_2_5g/conv57 | timeout: 10s)
[2026-08-31 11:24:23.340] [758484] [HailoRT] [info] [vstream.cpp:1114] [OutputVStreamImpl] Creating scrfd_2_5g/conv57...
[2026-08-31 11:24:23.340] [758484] [HailoRT] [info] [vstream_builder.cpp:220] [create_outputs] Output pipeline 'scrfd_2_5g/conv57': HW >> (HwReadEl13scrfd_2_5g/conv57 | hw_frame_size: 9600) >> (PullQEl_hw_read13scrfd_2_5g/conv57) >> (PostInferEl13scrfd_2_5g/conv57 | Quantization - src_type: UINT8, dst_type FLOAT32, limvals_min: -4.03285, limvals_max: 5.14908 | Reorder - src_order: FCR, src_shape: (20, 20, 24), dst_order: FCR, dst_shape: (20, 20, 20)) >> (UserBuffQEl13scrfd_2_5g/conv57 | timeout: 10s)
[2026-08-31 11:24:23.341] [758484] [HailoRT] [info] [core_op.cpp:156] [activate] Activating scrfd_2_5g took 0.623639 milliseconds. Note that the function is asynchronous and thus the network is not fully activated yet.
[2026-08-31 11:24:23.341] [758484] [HailoRT] [info] [core_op.cpp:156] [activate] Activating scrfd_2_5g took 0.63499 milliseconds. Note that the function is asynchronous and thus the network is not fully activated yet.
[2026-08-31 11:24:23.350] [1217172] [HailoRT] [info] [vdevice_native_stream.cpp:331] [read_impl] Failed read from stream HAILO_STREAM_NOT_ACTIVATED(72) (device: 0001:01:00.0)
[2026-08-31 11:24:23.350] [1217164] [HailoRT] [info] [vdevice_native_stream.cpp:331] [read_impl] Failed read from stream HAILO_STREAM_NOT_ACTIVATED(72) (device: 0001:01:00.0)
[2026-08-31 11:24:23.350] [1217166] [HailoRT] [info] [vdevice_native_stream.cpp:331] [read_impl] Failed read from stream HAILO_STREAM_NOT_ACTIVATED(72) (device: 0001:01:00.0)
[2026-08-31 11:24:23.350] [1217174] [HailoRT] [info] [vdevice_native_stream.cpp:331] [read_impl] Failed read from stream HAILO_STREAM_NOT_ACTIVATED(72) (device: 0001:01:00.0)
[2026-08-31 11:24:23.350] [1217170] [HailoRT] [info] [vdevice_native_stream.cpp:331] [read_impl] Failed read from stream HAILO_STREAM_NOT_ACTIVATED(72) (device: 0001:01:00.0)
[2026-08-31 11:24:23.350] [1217180] [HailoRT] [info] [vdevice_native_stream.cpp:331] [read_impl] Failed read from stream HAILO_STREAM_NOT_ACTIVATED(72) (device: 0001:01:00.0)
[2026-08-31 11:24:23.350] [1217168] [HailoRT] [info] [vdevice_native_stream.cpp:331] [read_impl] Failed read from stream HAILO_STREAM_NOT_ACTIVATED(72) (device: 0001:01:00.0)
[2026-08-31 11:24:23.350] [1217178] [HailoRT] [info] [vdevice_native_stream.cpp:331] [read_impl] Failed read from stream HAILO_STREAM_NOT_ACTIVATED(72) (device: 0001:01:00.0)
[2026-08-31 11:24:23.350] [1217176] [HailoRT] [info] [vdevice_native_stream.cpp:331] [read_impl] Failed read from stream HAILO_STREAM_NOT_ACTIVATED(72) (device: 0001:01:00.0)
[2026-08-31 11:24:23.350] [758484] [HailoRT] [info] [core_op.cpp:186] [deactivate] Deactivating took 0.949977 ms
[2026-08-31 11:24:23.350] [758484] [HailoRT] [info] [core_op.cpp:186] [deactivate] Deactivating took 0.975458 ms
[2026-08-31 11:24:23.350] [1217164] [HailoRT] [info] [queue_elements.cpp:734] [run_in_thread] Shutdown event was signaled in run_pull of queue element PullQEl_hw_read3scrfd_2_5g/conv42!
[2026-08-31 11:24:23.350] [1217165] [HailoRT] [info] [queue_elements.cpp:855] [run_in_thread] Shutdown event was signaled in dequeue of UserBuffQEl3scrfd_2_5g/conv42!
[2026-08-31 11:24:23.351] [1217164] [HailoRT] [info] [queue_elements.cpp:68] [operator()] Thread in element PullQEl_hw_read3scrfd_2_5g/conv42 is not running anymore, exiting..
[2026-08-31 11:24:23.351] [758484] [HailoRT] [info] [queue_elements.cpp:46] [~BaseQueueElement] Queue element PullQEl_hw_read3scrfd_2_5g/conv42 has 0 frames in his Queue on destruction
[2026-08-31 11:24:23.351] [1217165] [HailoRT] [info] [queue_elements.cpp:68] [operator()] Thread in element UserBuffQEl3scrfd_2_5g/conv42 is not running anymore, exiting..
[2026-08-31 11:24:23.351] [758484] [HailoRT] [info] [queue_elements.cpp:46] [~BaseQueueElement] Queue element UserBuffQEl3scrfd_2_5g/conv42 has 0 frames in his Queue on destruction
[2026-08-31 11:24:23.351] [1217167] [HailoRT] [info] [queue_elements.cpp:855] [run_in_thread] Shutdown event was signaled in dequeue of UserBuffQEl0scrfd_2_5g/conv43!
[2026-08-31 11:24:23.351] [1217166] [HailoRT] [info] [queue_elements.cpp:734] [run_in_thread] Shutdown event was signaled in run_pull of queue element PullQEl_hw_read0scrfd_2_5g/conv43!
[2026-08-31 11:24:23.351] [1217166] [HailoRT] [info] [queue_elements.cpp:68] [operator()] Thread in element PullQEl_hw_read0scrfd_2_5g/conv43 is not running anymore, exiting..
[2026-08-31 11:24:23.351] [758484] [HailoRT] [info] [queue_elements.cpp:46] [~BaseQueueElement] Queue element PullQEl_hw_read0scrfd_2_5g/conv43 has 0 frames in his Queue on destruction
[2026-08-31 11:24:23.351] [1217167] [HailoRT] [info] [queue_elements.cpp:68] [operator()] Thread in element UserBuffQEl0scrfd_2_5g/conv43 is not running anymore, exiting..
[2026-08-31 11:24:23.351] [758484] [HailoRT] [info] [queue_elements.cpp:46] [~BaseQueueElement] Queue element UserBuffQEl0scrfd_2_5g/conv43 has 0 frames in his Queue on destruction
[2026-08-31 11:24:23.351] [1217168] [HailoRT] [info] [queue_elements.cpp:734] [run_in_thread] Shutdown event was signaled in run_pull of queue element PullQEl_hw_read2scrfd_2_5g/conv44!
[2026-08-31 11:24:23.351] [1217169] [HailoRT] [info] [queue_elements.cpp:855] [run_in_thread] Shutdown event was signaled in dequeue of UserBuffQEl2scrfd_2_5g/conv44!
[2026-08-31 11:24:23.351] [1217168] [HailoRT] [info] [queue_elements.cpp:68] [operator()] Thread in element PullQEl_hw_read2scrfd_2_5g/conv44 is not running anymore, exiting..
[2026-08-31 11:24:23.351] [758484] [HailoRT] [info] [queue_elements.cpp:46] [~BaseQueueElement] Queue element PullQEl_hw_read2scrfd_2_5g/conv44 has 0 frames in his Queue on destruction
[2026-08-31 11:24:23.352] [1217169] [HailoRT] [info] [queue_elements.cpp:68] [operator()] Thread in element UserBuffQEl2scrfd_2_5g/conv44 is not running anymore, exiting..
[2026-08-31 11:24:23.352] [758484] [HailoRT] [info] [queue_elements.cpp:46] [~BaseQueueElement] Queue element UserBuffQEl2scrfd_2_5g/conv44 has 0 frames in his Queue on destruction
[2026-08-31 11:24:23.352] [1217171] [HailoRT] [info] [queue_elements.cpp:855] [run_in_thread] Shutdown event was signaled in dequeue of UserBuffQEl14scrfd_2_5g/conv49!
[2026-08-31 11:24:23.352] [1217170] [HailoRT] [info] [queue_elements.cpp:734] [run_in_thread] Shutdown event was signaled in run_pull of queue element PullQEl_hw_read14scrfd_2_5g/conv49!
[2026-08-31 11:24:23.352] [1217170] [HailoRT] [info] [queue_elements.cpp:68] [operator()] Thread in element PullQEl_hw_read14scrfd_2_5g/conv49 is not running anymore, exiting..
[2026-08-31 11:24:23.352] [758484] [HailoRT] [info] [queue_elements.cpp:46] [~BaseQueueElement] Queue element PullQEl_hw_read14scrfd_2_5g/conv49 has 0 frames in his Queue on destruction
[2026-08-31 11:24:23.352] [1217171] [HailoRT] [info] [queue_elements.cpp:68] [operator()] Thread in element UserBuffQEl14scrfd_2_5g/conv49 is not running anymore, exiting..
[2026-08-31 11:24:23.352] [758484] [HailoRT] [info] [queue_elements.cpp:46] [~BaseQueueElement] Queue element UserBuffQEl14scrfd_2_5g/conv49 has 0 frames in his Queue on destruction
[2026-08-31 11:24:23.352] [1217172] [HailoRT] [info] [queue_elements.cpp:734] [run_in_thread] Shutdown event was signaled in run_pull of queue element PullQEl_hw_read12scrfd_2_5g/conv50!
[2026-08-31 11:24:23.352] [1217173] [HailoRT] [info] [queue_elements.cpp:855] [run_in_thread] Shutdown event was signaled in dequeue of UserBuffQEl12scrfd_2_5g/conv50!
[2026-08-31 11:24:23.352] [1217172] [HailoRT] [info] [queue_elements.cpp:68] [operator()] Thread in element PullQEl_hw_read12scrfd_2_5g/conv50 is not running anymore, exiting..
[2026-08-31 11:24:23.352] [758484] [HailoRT] [info] [queue_elements.cpp:46] [~BaseQueueElement] Queue element PullQEl_hw_read12scrfd_2_5g/conv50 has 0 frames in his Queue on destruction
[2026-08-31 11:24:23.352] [1217173] [HailoRT] [info] [queue_elements.cpp:68] [operator()] Thread in element UserBuffQEl12scrfd_2_5g/conv50 is not running anymore, exiting..
[2026-08-31 11:24:23.352] [758484] [HailoRT] [info] [queue_elements.cpp:46] [~BaseQueueElement] Queue element UserBuffQEl12scrfd_2_5g/conv50 has 0 frames in his Queue on destruction
[2026-08-31 11:24:23.352] [1217174] [HailoRT] [info] [queue_elements.cpp:734] [run_in_thread] Shutdown event was signaled in run_pull of queue element PullQEl_hw_read1scrfd_2_5g/conv51!
[2026-08-31 11:24:23.353] [1217175] [HailoRT] [info] [queue_elements.cpp:855] [run_in_thread] Shutdown event was signaled in dequeue of UserBuffQEl1scrfd_2_5g/conv51!
[2026-08-31 11:24:23.353] [1217174] [HailoRT] [info] [queue_elements.cpp:68] [operator()] Thread in element PullQEl_hw_read1scrfd_2_5g/conv51 is not running anymore, exiting..
[2026-08-31 11:24:23.353] [758484] [HailoRT] [info] [queue_elements.cpp:46] [~BaseQueueElement] Queue element PullQEl_hw_read1scrfd_2_5g/conv51 has 0 frames in his Queue on destruction
[2026-08-31 11:24:23.353] [1217175] [HailoRT] [info] [queue_elements.cpp:68] [operator()] Thread in element UserBuffQEl1scrfd_2_5g/conv51 is not running anymore, exiting..
[2026-08-31 11:24:23.353] [758484] [HailoRT] [info] [queue_elements.cpp:46] [~BaseQueueElement] Queue element UserBuffQEl1scrfd_2_5g/conv51 has 0 frames in his Queue on destruction
[2026-08-31 11:24:23.353] [1217176] [HailoRT] [info] [queue_elements.cpp:734] [run_in_thread] Shutdown event was signaled in run_pull of queue element PullQEl_hw_read10scrfd_2_5g/conv55!
[2026-08-31 11:24:23.353] [1217177] [HailoRT] [info] [queue_elements.cpp:855] [run_in_thread] Shutdown event was signaled in dequeue of UserBuffQEl10scrfd_2_5g/conv55!
[2026-08-31 11:24:23.353] [1217176] [HailoRT] [info] [queue_elements.cpp:68] [operator()] Thread in element PullQEl_hw_read10scrfd_2_5g/conv55 is not running anymore, exiting..
[2026-08-31 11:24:23.353] [758484] [HailoRT] [info] [queue_elements.cpp:46] [~BaseQueueElement] Queue element PullQEl_hw_read10scrfd_2_5g/conv55 has 0 frames in his Queue on destruction
[2026-08-31 11:24:23.353] [1217177] [HailoRT] [info] [queue_elements.cpp:68] [operator()] Thread in element UserBuffQEl10scrfd_2_5g/conv55 is not running anymore, exiting..
[2026-08-31 11:24:23.353] [758484] [HailoRT] [info] [queue_elements.cpp:46] [~BaseQueueElement] Queue element UserBuffQEl10scrfd_2_5g/conv55 has 0 frames in his Queue on destruction
[2026-08-31 11:24:23.354] [1217179] [HailoRT] [info] [queue_elements.cpp:855] [run_in_thread] Shutdown event was signaled in dequeue of UserBuffQEl9scrfd_2_5g/conv56!
[2026-08-31 11:24:23.354] [1217178] [HailoRT] [info] [queue_elements.cpp:734] [run_in_thread] Shutdown event was signaled in run_pull of queue element PullQEl_hw_read9scrfd_2_5g/conv56!
[2026-08-31 11:24:23.354] [1217178] [HailoRT] [info] [queue_elements.cpp:68] [operator()] Thread in element PullQEl_hw_read9scrfd_2_5g/conv56 is not running anymore, exiting..
[2026-08-31 11:24:23.354] [758484] [HailoRT] [info] [queue_elements.cpp:46] [~BaseQueueElement] Queue element PullQEl_hw_read9scrfd_2_5g/conv56 has 0 frames in his Queue on destruction
[2026-08-31 11:24:23.354] [1217179] [HailoRT] [info] [queue_elements.cpp:68] [operator()] Thread in element UserBuffQEl9scrfd_2_5g/conv56 is not running anymore, exiting..
[2026-08-31 11:24:23.354] [758484] [HailoRT] [info] [queue_elements.cpp:46] [~BaseQueueElement] Queue element UserBuffQEl9scrfd_2_5g/conv56 has 0 frames in his Queue on destruction
[2026-08-31 11:24:23.354] [1217180] [HailoRT] [info] [queue_elements.cpp:734] [run_in_thread] Shutdown event was signaled in run_pull of queue element PullQEl_hw_read13scrfd_2_5g/conv57!
[2026-08-31 11:24:23.354] [1217181] [HailoRT] [info] [queue_elements.cpp:855] [run_in_thread] Shutdown event was signaled in dequeue of UserBuffQEl13scrfd_2_5g/conv57!
[2026-08-31 11:24:23.354] [1217180] [HailoRT] [info] [queue_elements.cpp:68] [operator()] Thread in element PullQEl_hw_read13scrfd_2_5g/conv57 is not running anymore, exiting..
[2026-08-31 11:24:23.354] [758484] [HailoRT] [info] [queue_elements.cpp:46] [~BaseQueueElement] Queue element PullQEl_hw_read13scrfd_2_5g/conv57 has 0 frames in his Queue on destruction
[2026-08-31 11:24:23.354] [1217181] [HailoRT] [info] [queue_elements.cpp:68] [operator()] Thread in element UserBuffQEl13scrfd_2_5g/conv57 is not running anymore, exiting..
[2026-08-31 11:24:23.354] [758484] [HailoRT] [info] [queue_elements.cpp:46] [~BaseQueueElement] Queue element UserBuffQEl13scrfd_2_5g/conv57 has 0 frames in his Queue on destruction
[2026-08-31 11:24:23.480] [758484] [HailoRT] [info] [edge_elements.cpp:52] [create] Created (HwWriteEl3scrfd_2_5g/input_layer1 | hw_frame_size: 1228800)
[2026-08-31 11:24:23.480] [758484] [HailoRT] [info] [vstream.cpp:754] [InputVStreamImpl] Creating scrfd_2_5g/input_layer1...
[2026-08-31 11:24:23.480] [758484] [HailoRT] [info] [vstream_builder.cpp:102] [create_inputs] Input pipeline 'scrfd_2_5g/input_layer1': (HwWriteEl3scrfd_2_5g/input_layer1 | hw_frame_size: 1228800) >> HW
[2026-08-31 11:24:23.480] [758484] [HailoRT] [info] [edge_elements.cpp:287] [create] Created (HwReadEl3scrfd_2_5g/conv42 | hw_frame_size: 12800)
[2026-08-31 11:24:23.481] [758484] [HailoRT] [info] [queue_elements.cpp:657] [create] Created (PullQEl_hw_read3scrfd_2_5g/conv42)
[2026-08-31 11:24:23.481] [758484] [HailoRT] [info] [filter_elements.cpp:372] [create] Created (PostInferEl3scrfd_2_5g/conv42 | Quantization - src_type: UINT8, dst_type FLOAT32, limvals_min: 0, limvals_max: 1)
[2026-08-31 11:24:23.481] [758484] [HailoRT] [info] [queue_elements.cpp:800] [create] Created (UserBuffQEl3scrfd_2_5g/conv42 | timeout: 10s)
[2026-08-31 11:24:23.481] [758484] [HailoRT] [info] [vstream.cpp:1114] [OutputVStreamImpl] Creating scrfd_2_5g/conv42...
[2026-08-31 11:24:23.481] [758484] [HailoRT] [info] [vstream_builder.cpp:220] [create_outputs] Output pipeline 'scrfd_2_5g/conv42': HW >> (HwReadEl3scrfd_2_5g/conv42 | hw_frame_size: 12800) >> (PullQEl_hw_read3scrfd_2_5g/conv42) >> (PostInferEl3scrfd_2_5g/conv42 | Quantization - src_type: UINT8, dst_type FLOAT32, limvals_min: 0, limvals_max: 1) >> (UserBuffQEl3scrfd_2_5g/conv42 | timeout: 10s)
[2026-08-31 11:24:23.481] [758484] [HailoRT] [info] [edge_elements.cpp:287] [create] Created (HwReadEl0scrfd_2_5g/conv43 | hw_frame_size: 51200)
[2026-08-31 11:24:23.481] [758484] [HailoRT] [info] [queue_elements.cpp:657] [create] Created (PullQEl_hw_read0scrfd_2_5g/conv43)
[2026-08-31 11:24:23.481] [758484] [HailoRT] [info] [filter_elements.cpp:372] [create] Created (PostInferEl0scrfd_2_5g/conv43 | Quantization - src_type: UINT8, dst_type FLOAT32, limvals_min: -0.0793963, limvals_max: 4.98212)
[2026-08-31 11:24:23.481] [758484] [HailoRT] [info] [queue_elements.cpp:800] [create] Created (UserBuffQEl0scrfd_2_5g/conv43 | timeout: 10s)
[2026-08-31 11:24:23.481] [758484] [HailoRT] [info] [vstream.cpp:1114] [OutputVStreamImpl] Creating scrfd_2_5g/conv43...
[2026-08-31 11:24:23.481] [758484] [HailoRT] [info] [vstream_builder.cpp:220] [create_outputs] Output pipeline 'scrfd_2_5g/conv43': HW >> (HwReadEl0scrfd_2_5g/conv43 | hw_frame_size: 51200) >> (PullQEl_hw_read0scrfd_2_5g/conv43) >> (PostInferEl0scrfd_2_5g/conv43 | Quantization - src_type: UINT8, dst_type FLOAT32, limvals_min: -0.0793963, limvals_max: 4.98212) >> (UserBuffQEl0scrfd_2_5g/conv43 | timeout: 10s)
[2026-08-31 11:24:23.481] [758484] [HailoRT] [info] [edge_elements.cpp:287] [create] Created (HwReadEl2scrfd_2_5g/conv44 | hw_frame_size: 153600)
[2026-08-31 11:24:23.487] [758484] [HailoRT] [info] [queue_elements.cpp:657] [create] Created (PullQEl_hw_read2scrfd_2_5g/conv44)
[2026-08-31 11:24:23.487] [758484] [HailoRT] [info] [filter_elements.cpp:372] [create] Created (PostInferEl2scrfd_2_5g/conv44 | Quantization - src_type: UINT8, dst_type FLOAT32, limvals_min: -3.16292, limvals_max: 3.50274 | Reorder - src_order: FCR, src_shape: (80, 80, 24), dst_order: FCR, dst_shape: (80, 80, 20))
[2026-08-31 11:24:23.491] [758484] [HailoRT] [info] [queue_elements.cpp:800] [create] Created (UserBuffQEl2scrfd_2_5g/conv44 | timeout: 10s)
[2026-08-31 11:24:23.491] [758484] [HailoRT] [info] [vstream.cpp:1114] [OutputVStreamImpl] Creating scrfd_2_5g/conv44...
[2026-08-31 11:24:23.492] [758484] [HailoRT] [info] [vstream_builder.cpp:220] [create_outputs] Output pipeline 'scrfd_2_5g/conv44': HW >> (HwReadEl2scrfd_2_5g/conv44 | hw_frame_size: 153600) >> (PullQEl_hw_read2scrfd_2_5g/conv44) >> (PostInferEl2scrfd_2_5g/conv44 | Quantization - src_type: UINT8, dst_type FLOAT32, limvals_min: -3.16292, limvals_max: 3.50274 | Reorder - src_order: FCR, src_shape: (80, 80, 24), dst_order: FCR, dst_shape: (80, 80, 20)) >> (UserBuffQEl2scrfd_2_5g/conv44 | timeout: 10s)
[2026-08-31 11:24:23.492] [758484] [HailoRT] [info] [edge_elements.cpp:287] [create] Created (HwReadEl14scrfd_2_5g/conv49 | hw_frame_size: 3200)
[2026-08-31 11:24:23.495] [758484] [HailoRT] [info] [queue_elements.cpp:657] [create] Created (PullQEl_hw_read14scrfd_2_5g/conv49)
[2026-08-31 11:24:23.495] [758484] [HailoRT] [info] [filter_elements.cpp:372] [create] Created (PostInferEl14scrfd_2_5g/conv49 | Quantization - src_type: UINT8, dst_type FLOAT32, limvals_min: 0, limvals_max: 1)
[2026-08-31 11:24:23.499] [758484] [HailoRT] [info] [queue_elements.cpp:800] [create] Created (UserBuffQEl14scrfd_2_5g/conv49 | timeout: 10s)
[2026-08-31 11:24:23.499] [758484] [HailoRT] [info] [vstream.cpp:1114] [OutputVStreamImpl] Creating scrfd_2_5g/conv49...
[2026-08-31 11:24:23.499] [758484] [HailoRT] [info] [vstream_builder.cpp:220] [create_outputs] Output pipeline 'scrfd_2_5g/conv49': HW >> (HwReadEl14scrfd_2_5g/conv49 | hw_frame_size: 3200) >> (PullQEl_hw_read14scrfd_2_5g/conv49) >> (PostInferEl14scrfd_2_5g/conv49 | Quantization - src_type: UINT8, dst_type FLOAT32, limvals_min: 0, limvals_max: 1) >> (UserBuffQEl14scrfd_2_5g/conv49 | timeout: 10s)
[2026-08-31 11:24:23.499] [758484] [HailoRT] [info] [edge_elements.cpp:287] [create] Created (HwReadEl12scrfd_2_5g/conv50 | hw_frame_size: 12800)
[2026-08-31 11:24:23.503] [758484] [HailoRT] [info] [queue_elements.cpp:657] [create] Created (PullQEl_hw_read12scrfd_2_5g/conv50)
[2026-08-31 11:24:23.503] [758484] [HailoRT] [info] [filter_elements.cpp:372] [create] Created (PostInferEl12scrfd_2_5g/conv50 | Quantization - src_type: UINT8, dst_type FLOAT32, limvals_min: 0, limvals_max: 8.10626)
[2026-08-31 11:24:23.506] [758484] [HailoRT] [info] [queue_elements.cpp:800] [create] Created (UserBuffQEl12scrfd_2_5g/conv50 | timeout: 10s)
[2026-08-31 11:24:23.506] [758484] [HailoRT] [info] [vstream.cpp:1114] [OutputVStreamImpl] Creating scrfd_2_5g/conv50...
[2026-08-31 11:24:23.506] [758484] [HailoRT] [info] [vstream_builder.cpp:220] [create_outputs] Output pipeline 'scrfd_2_5g/conv50': HW >> (HwReadEl12scrfd_2_5g/conv50 | hw_frame_size: 12800) >> (PullQEl_hw_read12scrfd_2_5g/conv50) >> (PostInferEl12scrfd_2_5g/conv50 | Quantization - src_type: UINT8, dst_type FLOAT32, limvals_min: 0, limvals_max: 8.10626) >> (UserBuffQEl12scrfd_2_5g/conv50 | timeout: 10s)
[2026-08-31 11:24:23.506] [758484] [HailoRT] [info] [edge_elements.cpp:287] [create] Created (HwReadEl1scrfd_2_5g/conv51 | hw_frame_size: 38400)
[2026-08-31 11:24:23.507] [758484] [HailoRT] [info] [queue_elements.cpp:657] [create] Created (PullQEl_hw_read1scrfd_2_5g/conv51)
[2026-08-31 11:24:23.507] [758484] [HailoRT] [info] [filter_elements.cpp:372] [create] Created (PostInferEl1scrfd_2_5g/conv51 | Quantization - src_type: UINT8, dst_type FLOAT32, limvals_min: -4.24698, limvals_max: 5.17024 | Reorder - src_order: FCR, src_shape: (40, 40, 24), dst_order: FCR, dst_shape: (40, 40, 20))
[2026-08-31 11:24:23.507] [758484] [HailoRT] [info] [queue_elements.cpp:800] [create] Created (UserBuffQEl1scrfd_2_5g/conv51 | timeout: 10s)
[2026-08-31 11:24:23.507] [758484] [HailoRT] [info] [vstream.cpp:1114] [OutputVStreamImpl] Creating scrfd_2_5g/conv51...
[2026-08-31 11:24:23.507] [758484] [HailoRT] [info] [vstream_builder.cpp:220] [create_outputs] Output pipeline 'scrfd_2_5g/conv51': HW >> (HwReadEl1scrfd_2_5g/conv51 | hw_frame_size: 38400) >> (PullQEl_hw_read1scrfd_2_5g/conv51) >> (PostInferEl1scrfd_2_5g/conv51 | Quantization - src_type: UINT8, dst_type FLOAT32, limvals_min: -4.24698, limvals_max: 5.17024 | Reorder - src_order: FCR, src_shape: (40, 40, 24), dst_order: FCR, dst_shape: (40, 40, 20)) >> (UserBuffQEl1scrfd_2_5g/conv51 | timeout: 10s)
[2026-08-31 11:24:23.508] [758484] [HailoRT] [info] [edge_elements.cpp:287] [create] Created (HwReadEl10scrfd_2_5g/conv55 | hw_frame_size: 800)
[2026-08-31 11:24:23.511] [758484] [HailoRT] [info] [queue_elements.cpp:657] [create] Created (PullQEl_hw_read10scrfd_2_5g/conv55)
[2026-08-31 11:24:23.511] [758484] [HailoRT] [info] [filter_elements.cpp:372] [create] Created (PostInferEl10scrfd_2_5g/conv55 | Quantization - src_type: UINT8, dst_type FLOAT32, limvals_min: 0, limvals_max: 1 | Reorder - src_order: NHCW, src_shape: (20, 20, 2), dst_order: NHWC, dst_shape: (20, 20, 2))
[2026-08-31 11:24:23.514] [758484] [HailoRT] [info] [queue_elements.cpp:800] [create] Created (UserBuffQEl10scrfd_2_5g/conv55 | timeout: 10s)
[2026-08-31 11:24:23.514] [758484] [HailoRT] [info] [vstream.cpp:1114] [OutputVStreamImpl] Creating scrfd_2_5g/conv55...
[2026-08-31 11:24:23.514] [758484] [HailoRT] [info] [vstream_builder.cpp:220] [create_outputs] Output pipeline 'scrfd_2_5g/conv55': HW >> (HwReadEl10scrfd_2_5g/conv55 | hw_frame_size: 800) >> (PullQEl_hw_read10scrfd_2_5g/conv55) >> (PostInferEl10scrfd_2_5g/conv55 | Quantization - src_type: UINT8, dst_type FLOAT32, limvals_min: 0, limvals_max: 1 | Reorder - src_order: NHCW, src_shape: (20, 20, 2), dst_order: NHWC, dst_shape: (20, 20, 2)) >> (UserBuffQEl10scrfd_2_5g/conv55 | timeout: 10s)
[2026-08-31 11:24:23.514] [758484] [HailoRT] [info] [edge_elements.cpp:287] [create] Created (HwReadEl9scrfd_2_5g/conv56 | hw_frame_size: 3200)
[2026-08-31 11:24:23.516] [758484] [HailoRT] [info] [queue_elements.cpp:657] [create] Created (PullQEl_hw_read9scrfd_2_5g/conv56)
[2026-08-31 11:24:23.516] [758484] [HailoRT] [info] [filter_elements.cpp:372] [create] Created (PostInferEl9scrfd_2_5g/conv56 | Quantization - src_type: UINT8, dst_type FLOAT32, limvals_min: -0.0299247, limvals_max: 7.60086 | Reorder - src_order: NHCW, src_shape: (20, 20, 8), dst_order: NHWC, dst_shape: (20, 20, 8))
[2026-08-31 11:24:23.519] [758484] [HailoRT] [info] [queue_elements.cpp:800] [create] Created (UserBuffQEl9scrfd_2_5g/conv56 | timeout: 10s)
[2026-08-31 11:24:23.519] [758484] [HailoRT] [info] [vstream.cpp:1114] [OutputVStreamImpl] Creating scrfd_2_5g/conv56...
[2026-08-31 11:24:23.519] [758484] [HailoRT] [info] [vstream_builder.cpp:220] [create_outputs] Output pipeline 'scrfd_2_5g/conv56': HW >> (HwReadEl9scrfd_2_5g/conv56 | hw_frame_size: 3200) >> (PullQEl_hw_read9scrfd_2_5g/conv56) >> (PostInferEl9scrfd_2_5g/conv56 | Quantization - src_type: UINT8, dst_type FLOAT32, limvals_min: -0.0299247, limvals_max: 7.60086 | Reorder - src_order: NHCW, src_shape: (20, 20, 8), dst_order: NHWC, dst_shape: (20, 20, 8)) >> (UserBuffQEl9scrfd_2_5g/conv56 | timeout: 10s)
[2026-08-31 11:24:23.519] [758484] [HailoRT] [info] [edge_elements.cpp:287] [create] Created (HwReadEl13scrfd_2_5g/conv57 | hw_frame_size: 9600)
[2026-08-31 11:24:23.523] [758484] [HailoRT] [info] [queue_elements.cpp:657] [create] Created (PullQEl_hw_read13scrfd_2_5g/conv57)
[2026-08-31 11:24:23.523] [758484] [HailoRT] [info] [filter_elements.cpp:372] [create] Created (PostInferEl13scrfd_2_5g/conv57 | Quantization - src_type: UINT8, dst_type FLOAT32, limvals_min: -4.03285, limvals_max: 5.14908 | Reorder - src_order: FCR, src_shape: (20, 20, 24), dst_order: FCR, dst_shape: (20, 20, 20))
[2026-08-31 11:24:23.527] [758484] [HailoRT] [info] [queue_elements.cpp:800] [create] Created (UserBuffQEl13scrfd_2_5g/conv57 | timeout: 10s)
[2026-08-31 11:24:23.527] [758484] [HailoRT] [info] [vstream.cpp:1114] [OutputVStreamImpl] Creating scrfd_2_5g/conv57...
[2026-08-31 11:24:23.527] [758484] [HailoRT] [info] [vstream_builder.cpp:220] [create_outputs] Output pipeline 'scrfd_2_5g/conv57': HW >> (HwReadEl13scrfd_2_5g/conv57 | hw_frame_size: 9600) >> (PullQEl_hw_read13scrfd_2_5g/conv57) >> (PostInferEl13scrfd_2_5g/conv57 | Quantization - src_type: UINT8, dst_type FLOAT32, limvals_min: -4.03285, limvals_max: 5.14908 | Reorder - src_order: FCR, src_shape: (20, 20, 24), dst_order: FCR, dst_shape: (20, 20, 20)) >> (UserBuffQEl13scrfd_2_5g/conv57 | timeout: 10s)
[2026-08-31 11:24:23.531] [758484] [HailoRT] [info] [core_op.cpp:156] [activate] Activating scrfd_2_5g took 0.742659 milliseconds. Note that the function is asynchronous and thus the network is not fully activated yet.
[2026-08-31 11:24:23.531] [758484] [HailoRT] [info] [core_op.cpp:156] [activate] Activating scrfd_2_5g took 0.77014 milliseconds. Note that the function is asynchronous and thus the network is not fully activated yet.
[2026-08-31 11:24:23.589] [1217196] [HailoRT] [info] [vdevice_native_stream.cpp:331] [read_impl] Failed read from stream HAILO_STREAM_NOT_ACTIVATED(72) (device: 0001:01:00.0)
[2026-08-31 11:24:23.589] [1217198] [HailoRT] [info] [vdevice_native_stream.cpp:331] [read_impl] Failed read from stream HAILO_STREAM_NOT_ACTIVATED(72) (device: 0001:01:00.0)
[2026-08-31 11:24:23.589] [1217192] [HailoRT] [info] [vdevice_native_stream.cpp:331] [read_impl] Failed read from stream HAILO_STREAM_NOT_ACTIVATED(72) (device: 0001:01:00.0)
[2026-08-31 11:24:23.589] [1217200] [HailoRT] [info] [vdevice_native_stream.cpp:331] [read_impl] Failed read from stream HAILO_STREAM_NOT_ACTIVATED(72) (device: 0001:01:00.0)
[2026-08-31 11:24:23.589] [1217194] [HailoRT] [info] [vdevice_native_stream.cpp:331] [read_impl] Failed read from stream HAILO_STREAM_NOT_ACTIVATED(72) (device: 0001:01:00.0)
[2026-08-31 11:24:23.589] [1217206] [HailoRT] [info] [vdevice_native_stream.cpp:331] [read_impl] Failed read from stream HAILO_STREAM_NOT_ACTIVATED(72) (device: 0001:01:00.0)
[2026-08-31 11:24:23.589] [1217208] [HailoRT] [info] [vdevice_native_stream.cpp:331] [read_impl] Failed read from stream HAILO_STREAM_NOT_ACTIVATED(72) (device: 0001:01:00.0)
[2026-08-31 11:24:23.589] [1217202] [HailoRT] [info] [vdevice_native_stream.cpp:331] [read_impl] Failed read from stream HAILO_STREAM_NOT_ACTIVATED(72) (device: 0001:01:00.0)
[2026-08-31 11:24:23.589] [1217204] [HailoRT] [info] [vdevice_native_stream.cpp:331] [read_impl] Failed read from stream HAILO_STREAM_NOT_ACTIVATED(72) (device: 0001:01:00.0)
[2026-08-31 11:24:23.590] [758484] [HailoRT] [info] [core_op.cpp:186] [deactivate] Deactivating took 1.024737 ms
[2026-08-31 11:24:23.590] [758484] [HailoRT] [info] [core_op.cpp:186] [deactivate] Deactivating took 1.064701 ms
[2026-08-31 11:24:23.590] [1217192] [HailoRT] [info] [queue_elements.cpp:734] [run_in_thread] Shutdown event was signaled in run_pull of queue element PullQEl_hw_read3scrfd_2_5g/conv42!
[2026-08-31 11:24:23.590] [1217193] [HailoRT] [info] [queue_elements.cpp:855] [run_in_thread] Shutdown event was signaled in dequeue of UserBuffQEl3scrfd_2_5g/conv42!
[2026-08-31 11:24:23.590] [1217192] [HailoRT] [info] [queue_elements.cpp:68] [operator()] Thread in element PullQEl_hw_read3scrfd_2_5g/conv42 is not running anymore, exiting..
[2026-08-31 11:24:23.590] [758484] [HailoRT] [info] [queue_elements.cpp:46] [~BaseQueueElement] Queue element PullQEl_hw_read3scrfd_2_5g/conv42 has 0 frames in his Queue on destruction
[2026-08-31 11:24:23.590] [1217193] [HailoRT] [info] [queue_elements.cpp:68] [operator()] Thread in element UserBuffQEl3scrfd_2_5g/conv42 is not running anymore, exiting..
[2026-08-31 11:24:23.590] [758484] [HailoRT] [info] [queue_elements.cpp:46] [~BaseQueueElement] Queue element UserBuffQEl3scrfd_2_5g/conv42 has 0 frames in his Queue on destruction
[2026-08-31 11:24:23.590] [1217194] [HailoRT] [info] [queue_elements.cpp:734] [run_in_thread] Shutdown event was signaled in run_pull of queue element PullQEl_hw_read0scrfd_2_5g/conv43!
[2026-08-31 11:24:23.591] [1217195] [HailoRT] [info] [queue_elements.cpp:855] [run_in_thread] Shutdown event was signaled in dequeue of UserBuffQEl0scrfd_2_5g/conv43!
[2026-08-31 11:24:23.591] [1217194] [HailoRT] [info] [queue_elements.cpp:68] [operator()] Thread in element PullQEl_hw_read0scrfd_2_5g/conv43 is not running anymore, exiting..
[2026-08-31 11:24:23.591] [758484] [HailoRT] [info] [queue_elements.cpp:46] [~BaseQueueElement] Queue element PullQEl_hw_read0scrfd_2_5g/conv43 has 0 frames in his Queue on destruction
[2026-08-31 11:24:23.591] [1217195] [HailoRT] [info] [queue_elements.cpp:68] [operator()] Thread in element UserBuffQEl0scrfd_2_5g/conv43 is not running anymore, exiting..
[2026-08-31 11:24:23.591] [758484] [HailoRT] [info] [queue_elements.cpp:46] [~BaseQueueElement] Queue element UserBuffQEl0scrfd_2_5g/conv43 has 0 frames in his Queue on destruction
[2026-08-31 11:24:23.591] [1217196] [HailoRT] [info] [queue_elements.cpp:734] [run_in_thread] Shutdown event was signaled in run_pull of queue element PullQEl_hw_read2scrfd_2_5g/conv44!
[2026-08-31 11:24:23.591] [1217197] [HailoRT] [info] [queue_elements.cpp:855] [run_in_thread] Shutdown event was signaled in dequeue of UserBuffQEl2scrfd_2_5g/conv44!
[2026-08-31 11:24:23.591] [1217196] [HailoRT] [info] [queue_elements.cpp:68] [operator()] Thread in element PullQEl_hw_read2scrfd_2_5g/conv44 is not running anymore, exiting..
[2026-08-31 11:24:23.591] [758484] [HailoRT] [info] [queue_elements.cpp:46] [~BaseQueueElement] Queue element PullQEl_hw_read2scrfd_2_5g/conv44 has 0 frames in his Queue on destruction
[2026-08-31 11:24:23.592] [1217197] [HailoRT] [info] [queue_elements.cpp:68] [operator()] Thread in element UserBuffQEl2scrfd_2_5g/conv44 is not running anymore, exiting..
[2026-08-31 11:24:23.592] [758484] [HailoRT] [info] [queue_elements.cpp:46] [~BaseQueueElement] Queue element UserBuffQEl2scrfd_2_5g/conv44 has 0 frames in his Queue on destruction
[2026-08-31 11:24:23.592] [1217198] [HailoRT] [info] [queue_elements.cpp:734] [run_in_thread] Shutdown event was signaled in run_pull of queue element PullQEl_hw_read14scrfd_2_5g/conv49!
[2026-08-31 11:24:23.592] [1217199] [HailoRT] [info] [queue_elements.cpp:855] [run_in_thread] Shutdown event was signaled in dequeue of UserBuffQEl14scrfd_2_5g/conv49!
[2026-08-31 11:24:23.592] [1217198] [HailoRT] [info] [queue_elements.cpp:68] [operator()] Thread in element PullQEl_hw_read14scrfd_2_5g/conv49 is not running anymore, exiting..
[2026-08-31 11:24:23.592] [758484] [HailoRT] [info] [queue_elements.cpp:46] [~BaseQueueElement] Queue element PullQEl_hw_read14scrfd_2_5g/conv49 has 0 frames in his Queue on destruction
[2026-08-31 11:24:23.592] [1217199] [HailoRT] [info] [queue_elements.cpp:68] [operator()] Thread in element UserBuffQEl14scrfd_2_5g/conv49 is not running anymore, exiting..
[2026-08-31 11:24:23.592] [758484] [HailoRT] [info] [queue_elements.cpp:46] [~BaseQueueElement] Queue element UserBuffQEl14scrfd_2_5g/conv49 has 0 frames in his Queue on destruction
[2026-08-31 11:24:23.592] [1217200] [HailoRT] [info] [queue_elements.cpp:734] [run_in_thread] Shutdown event was signaled in run_pull of queue element PullQEl_hw_read12scrfd_2_5g/conv50!
[2026-08-31 11:24:23.592] [1217201] [HailoRT] [info] [queue_elements.cpp:855] [run_in_thread] Shutdown event was signaled in dequeue of UserBuffQEl12scrfd_2_5g/conv50!
[2026-08-31 11:24:23.592] [1217200] [HailoRT] [info] [queue_elements.cpp:68] [operator()] Thread in element PullQEl_hw_read12scrfd_2_5g/conv50 is not running anymore, exiting..
[2026-08-31 11:24:23.592] [758484] [HailoRT] [info] [queue_elements.cpp:46] [~BaseQueueElement] Queue element PullQEl_hw_read12scrfd_2_5g/conv50 has 0 frames in his Queue on destruction
[2026-08-31 11:24:23.592] [1217201] [HailoRT] [info] [queue_elements.cpp:68] [operator()] Thread in element UserBuffQEl12scrfd_2_5g/conv50 is not running anymore, exiting..
[2026-08-31 11:24:23.592] [758484] [HailoRT] [info] [queue_elements.cpp:46] [~BaseQueueElement] Queue element UserBuffQEl12scrfd_2_5g/conv50 has 0 frames in his Queue on destruction
[2026-08-31 11:24:23.592] [1217202] [HailoRT] [info] [queue_elements.cpp:734] [run_in_thread] Shutdown event was signaled in run_pull of queue element PullQEl_hw_read1scrfd_2_5g/conv51!
[2026-08-31 11:24:23.592] [1217203] [HailoRT] [info] [queue_elements.cpp:855] [run_in_thread] Shutdown event was signaled in dequeue of UserBuffQEl1scrfd_2_5g/conv51!
[2026-08-31 11:24:23.593] [1217202] [HailoRT] [info] [queue_elements.cpp:68] [operator()] Thread in element PullQEl_hw_read1scrfd_2_5g/conv51 is not running anymore, exiting..
[2026-08-31 11:24:23.593] [758484] [HailoRT] [info] [queue_elements.cpp:46] [~BaseQueueElement] Queue element PullQEl_hw_read1scrfd_2_5g/conv51 has 0 frames in his Queue on destruction
[2026-08-31 11:24:23.593] [1217203] [HailoRT] [info] [queue_elements.cpp:68] [operator()] Thread in element UserBuffQEl1scrfd_2_5g/conv51 is not running anymore, exiting..
[2026-08-31 11:24:23.593] [758484] [HailoRT] [info] [queue_elements.cpp:46] [~BaseQueueElement] Queue element UserBuffQEl1scrfd_2_5g/conv51 has 0 frames in his Queue on destruction
[2026-08-31 11:24:23.593] [1217204] [HailoRT] [info] [queue_elements.cpp:734] [run_in_thread] Shutdown event was signaled in run_pull of queue element PullQEl_hw_read10scrfd_2_5g/conv55!
[2026-08-31 11:24:23.593] [1217205] [HailoRT] [info] [queue_elements.cpp:855] [run_in_thread] Shutdown event was signaled in dequeue of UserBuffQEl10scrfd_2_5g/conv55!
[2026-08-31 11:24:23.593] [1217204] [HailoRT] [info] [queue_elements.cpp:68] [operator()] Thread in element PullQEl_hw_read10scrfd_2_5g/conv55 is not running anymore, exiting..
[2026-08-31 11:24:23.593] [758484] [HailoRT] [info] [queue_elements.cpp:46] [~BaseQueueElement] Queue element PullQEl_hw_read10scrfd_2_5g/conv55 has 0 frames in his Queue on destruction
[2026-08-31 11:24:23.593] [1217205] [HailoRT] [info] [queue_elements.cpp:68] [operator()] Thread in element UserBuffQEl10scrfd_2_5g/conv55 is not running anymore, exiting..
[2026-08-31 11:24:23.593] [758484] [HailoRT] [info] [queue_elements.cpp:46] [~BaseQueueElement] Queue element UserBuffQEl10scrfd_2_5g/conv55 has 0 frames in his Queue on destruction
[2026-08-31 11:24:23.593] [1217206] [HailoRT] [info] [queue_elements.cpp:734] [run_in_thread] Shutdown event was signaled in run_pull of queue element PullQEl_hw_read9scrfd_2_5g/conv56!
[2026-08-31 11:24:23.593] [1217207] [HailoRT] [info] [queue_elements.cpp:855] [run_in_thread] Shutdown event was signaled in dequeue of UserBuffQEl9scrfd_2_5g/conv56!
[2026-08-31 11:24:23.593] [1217206] [HailoRT] [info] [queue_elements.cpp:68] [operator()] Thread in element PullQEl_hw_read9scrfd_2_5g/conv56 is not running anymore, exiting..
[2026-08-31 11:24:23.593] [758484] [HailoRT] [info] [queue_elements.cpp:46] [~BaseQueueElement] Queue element PullQEl_hw_read9scrfd_2_5g/conv56 has 0 frames in his Queue on destruction
[2026-08-31 11:24:23.593] [1217207] [HailoRT] [info] [queue_elements.cpp:68] [operator()] Thread in element UserBuffQEl9scrfd_2_5g/conv56 is not running anymore, exiting..
[2026-08-31 11:24:23.593] [758484] [HailoRT] [info] [queue_elements.cpp:46] [~BaseQueueElement] Queue element UserBuffQEl9scrfd_2_5g/conv56 has 0 frames in his Queue on destruction
[2026-08-31 11:24:23.593] [1217209] [HailoRT] [info] [queue_elements.cpp:855] [run_in_thread] Shutdown event was signaled in dequeue of UserBuffQEl13scrfd_2_5g/conv57!
[2026-08-31 11:24:23.593] [1217208] [HailoRT] [info] [queue_elements.cpp:734] [run_in_thread] Shutdown event was signaled in run_pull of queue element PullQEl_hw_read13scrfd_2_5g/conv57!
[2026-08-31 11:24:23.593] [1217208] [HailoRT] [info] [queue_elements.cpp:68] [operator()] Thread in element PullQEl_hw_read13scrfd_2_5g/conv57 is not running anymore, exiting..
[2026-08-31 11:24:23.593] [758484] [HailoRT] [info] [queue_elements.cpp:46] [~BaseQueueElement] Queue element PullQEl_hw_read13scrfd_2_5g/conv57 has 0 frames in his Queue on destruction
[2026-08-31 11:24:23.593] [1217209] [HailoRT] [info] [queue_elements.cpp:68] [operator()] Thread in element UserBuffQEl13scrfd_2_5g/conv57 is not running anymore, exiting..
[2026-08-31 11:24:23.594] [758484] [HailoRT] [info] [queue_elements.cpp:46] [~BaseQueueElement] Queue element UserBuffQEl13scrfd_2_5g/conv57 has 0 frames in his Queue on destruction
